energy_MeV_per_u,moved_fraction,quantile,radius_mm
150,0.0896592892,0,3.1590875
150,0.0896592892,0.01,3.1590875
150,0.0896592892,0.02,3.1590875
150,0.0896592892,0.03,3.15981625
150,0.0896592892,0.04,3.15981625
150,0.0896592892,0.05,3.15981625
150,0.0896592892,0.06,3.16013743
150,0.0896592892,0.07,3.16013743
150,0.0896592892,0.08,3.16013743
150,0.0896592892,0.09,3.16159427
150,0.0896592892,0.1,3.16159427
150,0.0896592892,0.11,3.16159427
150,0.0896592892,0.12,3.16296427
150,0.0896592892,0.13,3.16296427
150,0.0896592892,0.14,3.16296427
150,0.0896592892,0.15,3.16441981
150,0.0896592892,0.16,3.16441981
150,0.0896592892,0.17,3.16474052
150,0.0896592892,0.18,3.16474052
150,0.0896592892,0.19,3.16474052
150,0.0896592892,0.2,3.16546797
150,0.0896592892,0.21,3.16546797
150,0.0896592892,0.22,3.16546797
150,0.0896592892,0.23,4.23948099
150,0.0896592892,0.24,4.23948099
150,0.0896592892,0.25,4.24182783
150,0.0896592892,0.26,4.2434559
150,0.0896592892,0.27,4.2434559
150,0.0896592892,0.28,4.24580054
150,0.0896592892,0.29,5.09593899
150,0.0896592892,0.3,5.09658993
150,0.0896592892,0.31,5.09684255
150,0.0896592892,0.32,5.09794504
150,0.0896592892,0.33,5.10009585
150,0.0896592892,0.34,5.10119764
150,0.0896592892,0.35,5.10145002
150,0.0896592892,0.36,5.10210026
150,0.0896592892,0.37,5.82768903
150,0.0896592892,0.38,5.8280841
150,0.0896592892,0.39,5.83092944
150,0.0896592892,0.4,5.83097618
150,0.0896592892,0.41,5.83250869
150,0.0896592892,0.42,5.8338201
150,0.0896592892,0.43,7.06790809
150,0.0896592892,0.44,7.06852101
150,0.0896592892,0.45,7.06982382
150,0.0896592892,0.46,7.07188255
150,0.0896592892,0.47,7.07310767
150,0.0896592892,0.48,7.07408416
150,0.0896592892,0.49,7.61253702
150,0.0896592892,0.5,7.61384424
150,0.0896592892,0.51,7.61619149
150,0.0896592892,0.52,7.61900922
150,0.0896592892,0.53,8.60100336
150,0.0896592892,0.54,8.60364821
150,0.0896592892,0.55,9.05240934
150,0.0896592892,0.56,9.05404739
150,0.0896592892,0.57,9.05836113
150,0.0896592892,0.58,9.48469211
150,0.0896592892,0.59,9.48929536
150,0.0896592892,0.6,9.90030948
150,0.0896592892,0.61,10.2955453
150,0.0896592892,0.62,10.298892
150,0.0896592892,0.63,11.0467589
150,0.0896592892,0.64,11.3987199
150,0.0896592892,0.65,11.4021705
150,0.0896592892,0.66,11.4047887
150,0.0896592892,0.67,12.0833937
150,0.0896592892,0.68,12.7310819
150,0.0896592892,0.69,13.038296
150,0.0896592892,0.7,13.0413337
150,0.0896592892,0.71,13.344775
150,0.0896592892,0.72,14.2094453
150,0.0896592892,0.73,14.7631357
150,0.0896592892,0.74,15.0351385
150,0.0896592892,0.75,15.5531894
150,0.0896592892,0.76,15.8120736
150,0.0896592892,0.77,16.5556368
150,0.0896592892,0.78,17.0322889
150,0.0896592892,0.79,17.494412
150,0.0896592892,0.8,18.3852405
150,0.0896592892,0.81,19.0281019
150,0.0896592892,0.82,19.6445876
150,0.0896592892,0.83,20.2485909
150,0.0896592892,0.84,21.2106564
150,0.0896592892,0.85,21.9516551
150,0.0896592892,0.86,23.0184732
150,0.0896592892,0.87,23.7048199
150,0.0896592892,0.88,24.7010674
150,0.0896592892,0.89,25.8039929
150,0.0896592892,0.9,27.0217398
150,0.0896592892,0.91,28.4580369
150,0.0896592892,0.92,29.8323572
150,0.0896592892,0.93,31.399447
150,0.0896592892,0.94,33.3736119
150,0.0896592892,0.95,35.4650734
150,0.0896592892,0.96,38.0789011
150,0.0896592892,0.97,41.1120718
150,0.0896592892,0.98,45.2801094
150,0.0896592892,0.99,51.8681562
150,0.0896592892,1,140.003983
200,0.102426732,0,3.15908255
200,0.102426732,0.01,3.15908255
200,0.102426732,0.02,3.15908255
200,0.102426732,0.03,3.15994147
200,0.102426732,0.04,3.15994147
200,0.102426732,0.05,3.16003732
200,0.102426732,0.06,3.16003732
200,0.102426732,0.07,3.16003732
200,0.102426732,0.08,3.16175441
200,0.102426732,0.09,3.16175441
200,0.102426732,0.1,3.16280414
200,0.102426732,0.11,3.16280414
200,0.102426732,0.12,3.16451973
200,0.102426732,0.13,3.16451973
200,0.102426732,0.14,3.16451973
200,0.102426732,0.15,3.16461544
200,0.102426732,0.16,3.16461544
200,0.102426732,0.17,3.16547286
200,0.102426732,0.18,3.16547286
200,0.102426732,0.19,3.16547286
200,0.102426732,0.2,4.23954824
200,0.102426732,0.21,4.24168235
200,0.102426732,0.22,4.24360128
200,0.102426732,0.23,4.24360128
200,0.102426732,0.24,4.24573335
200,0.102426732,0.25,5.09591422
200,0.102426732,0.26,5.09650616
200,0.102426732,0.27,5.09697918
200,0.102426732,0.28,5.09993758
200,0.102426732,0.29,5.10106108
200,0.102426732,0.3,5.10153369
200,0.102426732,0.31,5.10212497
200,0.102426732,0.32,5.82771897
200,0.102426732,0.33,5.82927168
200,0.102426732,0.34,5.83077203
200,0.102426732,0.35,5.83263342
200,0.102426732,0.36,5.83371965
200,0.102426732,0.37,7.06797532
200,0.102426732,0.38,7.06844496
200,0.102426732,0.39,7.06998051
200,0.102426732,0.4,7.07202795
200,0.102426732,0.41,7.07369117
200,0.102426732,0.42,7.07416043
200,0.102426732,0.43,7.61325835
200,0.102426732,0.44,7.6160315
200,0.102426732,0.45,7.61900081
200,0.102426732,0.46,8.60087093
200,0.102426732,0.47,8.60378058
200,0.102426732,0.48,9.05237096
200,0.102426732,0.49,9.05656833
200,0.102426732,0.5,9.48363784
200,0.102426732,0.51,9.48735838
200,0.102426732,0.52,9.89640243
200,0.102426732,0.53,10.2929203
200,0.102426732,0.54,10.2983403
200,0.102426732,0.55,11.0441187
200,0.102426732,0.56,11.3985932
200,0.102426732,0.57,11.4011862
200,0.102426732,0.58,11.4049154
200,0.102426732,0.59,12.0832339
200,0.102426732,0.6,13.0351778
200,0.102426732,0.61,13.038671
200,0.102426732,0.62,13.3385331
200,0.102426732,0.63,13.9259521
200,0.102426732,0.64,14.2120238
200,0.102426732,0.65,14.7675096
200,0.102426732,0.66,15.2945449
200,0.102426732,0.67,15.8081932
200,0.102426732,0.68,15.8145835
200,0.102426732,0.69,17.0277126
200,0.102426732,0.7,17.2636642
200,0.102426732,0.71,17.720684
200,0.102426732,0.72,18.5996569
200,0.102426732,0.73,19.2335577
200,0.102426732,0.74,19.8482561
200,0.102426732,0.75,21.0205609
200,0.102426732,0.76,21.2158266
200,0.102426732,0.77,22.1327485
200,0.102426732,0.78,23.0203466
200,0.102426732,0.79,23.7092049
200,0.102426732,0.8,24.7009687
200,0.102426732,0.81,25.4981322
200,0.102426732,0.82,27.0157048
200,0.102426732,0.83,27.8904724
200,0.102426732,0.84,29.1529645
200,0.102426732,0.85,30.2352914
200,0.102426732,0.86,31.7772656
200,0.102426732,0.87,33.0180577
200,0.102426732,0.88,34.7828131
200,0.102426732,0.89,36.3609727
200,0.102426732,0.9,38.1868588
200,0.102426732,0.91,40.225859
200,0.102426732,0.92,42.5473311
200,0.102426732,0.93,45.274171
200,0.102426732,0.94,48.1031859
200,0.102426732,0.95,51.4755172
200,0.102426732,0.96,55.4430263
200,0.102426732,0.97,60.7421452
200,0.102426732,0.98,67.0666964
200,0.102426732,0.99,77.1643889
200,0.102426732,1,137.210983
225,0.106851523,0,3.15936364
225,0.106851523,0.01,3.15936364
225,0.106851523,0.02,3.15936364
225,0.106851523,0.03,3.15984844
225,0.106851523,0.04,3.15984844
225,0.106851523,0.05,3.1606614
225,0.106851523,0.06,3.1606614
225,0.106851523,0.07,3.16211498
225,0.106851523,0.08,3.16211498
225,0.106851523,0.09,3.16211498
225,0.106851523,0.1,3.16244303
225,0.106851523,0.11,3.16244303
225,0.106851523,0.12,3.16389579
225,0.106851523,0.13,3.16389579
225,0.106851523,0.14,3.16470771
225,0.106851523,0.15,3.16470771
225,0.106851523,0.16,3.16519169
225,0.106851523,0.17,3.16519169
225,0.106851523,0.18,3.16519169
225,0.106851523,0.19,4.24010791
225,0.106851523,0.2,4.24119154
225,0.106851523,0.21,4.24409134
225,0.106851523,0.22,4.24517396
225,0.106851523,0.23,4.24517396
225,0.106851523,0.24,5.09640822
225,0.106851523,0.25,5.09771684
225,0.106851523,0.26,5.09882167
225,0.106851523,0.27,5.09921902
225,0.106851523,0.28,5.10032353
225,0.106851523,0.29,5.10163114
225,0.106851523,0.3,5.8281429
225,0.106851523,0.31,5.8288465
225,0.106851523,0.32,5.83016031
225,0.106851523,0.33,5.83174483
225,0.106851523,0.34,5.83305799
225,0.106851523,0.35,7.06817146
225,0.106851523,0.36,7.06853493
225,0.106851523,0.37,7.06991184
225,0.106851523,0.38,7.0714283
225,0.106851523,0.39,7.07360099
225,0.106851523,0.4,7.07396418
225,0.106851523,0.41,7.61396007
225,0.106851523,0.42,7.61617911
225,0.106851523,0.43,7.61866345
225,0.106851523,0.44,8.60131196
225,0.106851523,0.45,8.60458566
225,0.106851523,0.46,9.05431333
225,0.106851523,0.47,9.05809975
225,0.106851523,0.48,9.4852161
225,0.106851523,0.49,9.48926275
225,0.106851523,0.5,9.90094516
225,0.106851523,0.51,10.2949323
225,0.106851523,0.52,11.0426256
225,0.106851523,0.53,11.0482352
225,0.106851523,0.54,11.4002746
225,0.106851523,0.55,11.4035074
225,0.106851523,0.56,12.0811835
225,0.106851523,0.57,12.7264724
225,0.106851523,0.58,13.0374255
225,0.106851523,0.59,13.0411921
225,0.106851523,0.6,13.3445805
225,0.106851523,0.61,14.2102943
225,0.106851523,0.62,14.7641624
225,0.106851523,0.63,15.0361575
225,0.106851523,0.64,15.5588823
225,0.106851523,0.65,15.8136212
225,0.106851523,0.66,17.0267417
225,0.106851523,0.67,17.2600361
225,0.106851523,0.68,17.7175594
225,0.106851523,0.69,18.3876721
225,0.106851523,0.7,19.2327217
225,0.106851523,0.71,19.6498012
225,0.106851523,0.72,20.2508347
225,0.106851523,0.73,21.2128437
225,0.106851523,0.74,21.9537503
225,0.106851523,0.75,23.0188819
225,0.106851523,0.76,23.5401194
225,0.106851523,0.77,24.697347
225,0.106851523,0.78,25.4948991
225,0.106851523,0.79,26.570894
225,0.106851523,0.8,27.4577947
225,0.106851523,0.81,28.6034194
225,0.106851523,0.82,29.8342732
225,0.106851523,0.83,31.1443321
225,0.106851523,0.84,32.6484305
225,0.106851523,0.85,33.9681051
225,0.106851523,0.86,35.4658864
225,0.106851523,0.87,37.1224135
225,0.106851523,0.88,39.1124651
225,0.106851523,0.89,41.1067448
225,0.106851523,0.9,43.0144597
225,0.106851523,0.91,45.2796403
225,0.106851523,0.92,48.1011486
225,0.106851523,0.93,51.0853026
225,0.106851523,0.94,54.2022139
225,0.106851523,0.95,58.0519195
225,0.106851523,0.96,62.6282264
225,0.106851523,0.97,68.2524528
225,0.106851523,0.98,75.5407749
225,0.106851523,0.99,86.2684772
225,0.106851523,1,140.008593
