table,index,x0,x1,y0,y_third,y_twothirds,y1,spline
0,0,9.9999999999999991e-05,0.00011220184543019634,5.4340874255461884,5.5407964847488875,5.6482803973807947,5.7560773484488639,1
0,1,0.00011220184543019634,0.00012589254117941672,5.7560773484488639,5.8708240968268663,5.9847312156003838,6.0971463737530707,1
0,2,0.00012589254117941672,0.00014125375446227543,6.0971463737530707,6.2199696150306982,6.3403202084410379,6.4584250093491384,1
0,3,0.00014125375446227543,0.00015848931924611134,6.4584250093491384,6.5884055928640297,6.7159367510715731,6.8411107499312411,1
0,4,0.00015848931924611134,0.00017782794100389227,6.8411107499312411,6.9788650081410539,7.1139310638040474,7.2464720462150645,1
0,5,0.00017782794100389227,0.00019952623149688798,7.2464720462150645,7.3923681266943158,7.5354438847797462,7.6758525093463978,1
0,6,0.00019952623149688798,0.00022387211385683397,7.6758525093463978,7.8304002076850132,7.9819516288432606,8.1306753644366125,1
0,7,0.00022387211385683397,0.00025118864315095801,8.1306753644366125,8.2943784630066002,8.4549105383002949,8.6124481679866935,1
0,8,0.00025118864315095801,0.00028183829312644545,8.6124481679866935,8.7858519619046653,8.9558959482078855,9.122767804836224,1
0,9,0.00028183829312644545,0.00031622776601683794,9.122767804836224,9.3064462044149767,9.4865659978682917,9.6633257812002071,1
0,10,0.00031622776601683794,0.00035481338923357554,9.6633257812002071,9.8578878785602484,10.048680419292335,10.235913831338056,1
0,11,0.00035481338923357554,0.0003981071705534973,10.235913831338056,10.442004436013486,10.64410215234145,10.842429856438569,1
0,12,0.0003981071705534973,0.00044668359215096316,10.842429856438569,11.060732104072448,11.274804860774459,11.484884215406012,1
0,13,0.00044668359215096316,0.00050118723362727231,11.484884215406012,11.716121682231265,11.942879047916003,12.165406388398663,1
0,14,0.00050118723362727231,0.00056234132519034921,12.165406388398663,12.410345537231713,12.650539121325615,12.886252035206873,1
0,15,0.00056234132519034921,0.00063095734448019342,12.886252035206873,13.145704740828227,13.400130689613,13.649810471866303,1
0,16,0.00063095734448019342,0.00070794578438413802,13.649810471866303,13.92463671687355,14.194138350883454,14.458612590288345,1
0,17,0.00070794578438413802,0.00079432823472428164,14.458612590288345,14.749723314066349,15.03519392383974,15.315339247158178,1
0,18,0.00079432823472428164,0.00089125093813374572,15.315339247158178,15.623699365766209,15.926085172595071,16.222830149906237,1
0,19,0.00089125093813374572,0.001,16.222830149906237,16.54946175423564,16.86976504656057,17.184093269206617,1
0,20,0.001,0.0011220184543019641,17.184093269206617,17.530079012853882,17.869361468435379,18.202314809201091,1
0,21,0.0011220184543019641,0.0012589254117941679,18.202314809201091,18.568801497017517,18.928187701979617,19.28086976849599,1
0,22,0.0012589254117941679,0.001412537544622755,19.28086976849599,19.669072157793241,20.049753334176518,20.42333312693755,1
0,23,0.001412537544622755,0.0015848931924611143,20.42333312693755,20.83453795392451,21.237775908113949,21.633491695245322,1
0,24,0.0015848931924611143,0.0017782794100389234,21.633491695245322,22.069061940037045,22.496193245142535,22.91535666678055,1
0,25,0.0017782794100389234,0.0019952623149688802,22.91535666678055,23.376736071175266,23.829176497259368,24.273176913053515,1
0,26,0.0019952623149688802,0.0022387211385683403,24.273176913053515,24.761894765777804,25.241143972478078,25.711453067039301,1
0,27,0.0022387211385683403,0.0025118864315095807,25.711453067039301,26.229129273546523,26.73677578125476,27.234952440982411,1
0,28,0.0025118864315095807,0.0028183829312644561,27.234952440982411,27.783302889168262,28.321029342541728,28.848724828136923,1
0,29,0.0028183829312644561,0.0031622776601683816,28.848724828136923,29.429567091935482,29.999155845196082,30.558119240818581,1
0,30,0.0031622776601683816,0.0035481338923357567,30.558119240818581,31.17337853313537,31.776717522299169,32.368801640248861,1
0,31,0.0035481338923357567,0.0039810717055349751,32.368801640248861,33.020517512468224,33.659606671150371,34.286773716958344,1
0,32,0.0039810717055349751,0.004466835921509634,34.286773716958344,34.977105405177845,35.654062591197921,36.318392783998888,1
0,33,0.004466835921509634,0.0050118723362727255,36.318392783998888,37.049632650197324,37.766703786826106,38.470392848902783,1
0,34,0.0050118723362727255,0.0056234132519034962,38.470392848902783,39.244946052158639,40.004498700874365,40.749906934234026,1
0,35,0.0056234132519034962,0.0063095734448019355,40.749906934234026,41.570423511723099,42.3750163655777,43.164490720715207,1
0,36,0.0063095734448019355,0.0070794578438413856,43.164490720715207,44.033322827102729,44.885440235317226,45.722147591298118,1
0,37,0.0070794578438413856,0.007943282347242819,45.722147591298118,46.643808379409606,47.547086054803174,48.431355159188328,1
0,38,0.007943282347242819,0.0089125093813374624,48.431355159188328,49.401641028663661,50.355467603568954,51.301093367754547,1
0,39,0.0089125093813374624,0.010000000000000004,51.301093367754547,52.355477648517827,53.379037092177896,54.340874255461905,1
0,40,0.010000000000000004,0.011220184543019643,54.340874255461905,55.321868481487243,56.223932043662359,57.084735601872026,1
0,41,0.011220184543019643,0.012589254117941687,57.084735601872026,58.037888376889406,58.978319474389032,59.897825933327987,1
0,42,0.012589254117941687,0.014125375446227552,59.897825933327987,60.897120929611013,61.864146798751278,62.803303888931531,1
0,43,0.014125375446227552,0.015848931924611152,62.803303888931531,63.82837802366393,64.824410763670059,65.791905718104118,1
0,44,0.015848931924611152,0.01778279410038924,65.791905718104118,66.844295619352835,67.863257291002981,68.850655440547229,1
0,45,0.01778279410038924,0.019952623149688816,68.850655440547229,69.923092090725135,70.959712244030086,71.962087996005849,1
0,46,0.019952623149688816,0.022387211385683409,71.962087996005849,73.047887364097718,74.09438309192069,75.103403535220949,1
0,47,0.022387211385683409,0.025118864315095826,75.103403535220949,76.193088030606035,77.23983678304252,78.245590874071056,1
0,48,0.025118864315095826,0.02818382931264455,78.245590874071056,79.327567064008278,80.362518019322764,81.352584049508266,1
0,49,0.02818382931264455,0.031622776601683819,81.352584049508266,82.41256411144802,83.421097179077677,84.380548540927649,1
0,50,0.031622776601683819,0.0354813389233576,84.380548540927649,85.401455414716651,86.366199641079547,87.277431057413338,1
0,51,0.0354813389233576,0.039810717055349755,87.277431057413338,88.239302869168455,89.140140885650851,89.982944000353811,1
0,52,0.039810717055349755,0.044668359215096369,89.982944000353811,90.863075983981005,91.677347504609017,92.42918432863388,1
0,53,0.044668359215096369,0.050118723362727262,92.42918432863388,93.202526187555591,93.905517235550008,94.542094503450429,1
0,54,0.050118723362727262,0.056234132519034981,94.542094503450429,95.181988348378738,95.747761362574082,96.243946282594223,1
0,55,0.056234132519034981,0.063095734448019372,96.243946282594223,96.723247500622165,97.125849639980558,97.456953464877827,1
0,56,0.063095734448019372,0.070794578438413872,97.456953464877827,97.749545616108776,97.96458698327649,98.107990453070585,1
0,57,0.070794578438413872,0.079432823472428263,98.107990453070585,98.190645850595075,98.19717976110239,98.134213583715919,1
0,58,0.079432823472428263,0.089125093813374648,98.134213583715919,97.988680527178715,97.771246047429273,97.48916830040865,1
0,59,0.089125093813374648,0.10000000000000014,97.48916830040865,97.104288678418186,96.654902347193413,96.148746172412132,1
0,60,0.10000000000000014,0.11220184543019644,96.148746172412132,95.522337014997376,94.842158674226397,94.116170828610421,1
0,61,0.11220184543019644,0.12589254117941689,94.116170828610421,93.256356249829636,92.356720494147737,91.425092492867194,1
0,62,0.12589254117941689,0.14125375446227556,91.425092492867194,90.350769640869743,89.253291416646775,88.139922258373318,1
0,63,0.14125375446227556,0.15848931924611154,88.139922258373318,86.880110923590877,85.615664358456641,84.352807447491131,1
0,64,0.15848931924611154,0.17782794100389243,84.352807447491131,82.94478568398992,81.551330317727277,80.177169824604377,1
0,65,0.17782794100389243,0.1995262314968882,80.177169824604377,78.663528716297492,77.182995858068551,75.738435895411541,1
0,66,0.1995262314968882,0.22387211385683434,75.738435895411541,74.163443697654657,72.638133669001547,71.163294411176551,1
0,67,0.22387211385683434,0.25118864315095835,71.163294411176551,69.569155571487286,68.038244366524992,66.569256704317723,1
0,68,0.25118864315095835,0.28183829312644582,66.569256704317723,64.992898928075491,63.489639714467366,62.056262259087688,1
0,69,0.28183829312644582,0.31622776601683855,62.056262259087688,60.527151962912257,59.077175983055604,57.701542431393001,1
0,70,0.31622776601683855,0.35481338923357597,57.701542431393001,56.240760606791731,54.861599782622349,53.558122017019492,1
0,71,0.35481338923357597,0.39810717055349765,53.558122017019492,52.178629772398544,50.880304502734987,49.656509283222547,1
0,72,0.39810717055349765,0.44668359215096337,49.656509283222547,48.364299040479892,47.150628732408528,46.00856591289692,1
0,73,0.44668359215096337,0.50118723362727324,46.00856591289692,44.804289417960582,43.67452709534772,42.612372062934867,1
0,74,0.50118723362727324,0.56234132519034985,42.612372062934867,41.49305882319328,40.44350627537505,39.45705782516972,1
0,75,0.56234132519034985,0.63095734448019392,39.45705782516972,38.41764306144222,37.443019271885014,36.526914234328693,1
0,76,0.63095734448019392,0.70794578438413946,36.526914234328693,35.561427272239527,34.655887857797019,33.804469054564962,1
0,77,0.70794578438413946,0.79432823472428282,33.804469054564962,32.906847903570558,32.064652122019787,31.27250894495403,1
0,78,0.79432823472428282,0.89125093813374667,31.27250894495403,30.437081095634447,29.652961403465163,28.915209440221798,1
0,79,0.89125093813374667,1.0000000000000009,28.915209440221798,28.1369216494043,27.406237415893781,26.718606415402014,1
0,80,1.0000000000000009,1.1220184543019658,26.718606415402014,25.993061457587928,25.311801735998646,24.670640196630114,1
0,81,1.1220184543019658,1.2589254117941693,24.670640196630114,23.994122856268035,23.358876288554416,22.760961834259547,1
0,82,1.2589254117941693,1.4125375446227557,22.760961834259547,22.130014537778166,21.53770657325277,20.980637404573208,1
0,83,1.4125375446227557,1.5848931924611174,20.980637404573208,20.393410405835088,19.841923942458937,19.321836555558171,1
0,84,1.5848931924611174,1.7782794100389261,19.321836555558171,18.77150095976004,18.256361984375236,17.777552727451951,1
0,85,1.7782794100389261,1.9952623149688826,17.777552727451951,17.281035077356879,16.809652119938324,16.341375656171365,1
0,86,1.9952623149688826,2.2387211385683417,16.341375656171365,15.803144575472905,15.274633508438523,14.789383484461265,1
0,87,2.2387211385683417,2.5118864315095859,14.789383484461265,14.324799361672584,13.925204857999773,13.558901511872726,1
0,88,2.5118864315095859,2.818382931264459,13.558901511872726,13.157209975082308,12.766426370352939,12.395453544308642,1
0,89,2.818382931264459,3.1622776601683835,12.395453544308642,12.010673945021173,11.655687771821505,11.32414013823108,1
0,90,3.1622776601683835,3.5481338923357644,11.32414013823108,10.973844278555365,10.64613972878951,10.34211075379087,1
0,91,3.5481338923357644,3.9810717055349811,10.34211075379087,10.029270370032163,9.7416763989027721,9.4734044617366742,1
0,92,3.9810717055349811,4.4668359215096389,9.4734044617366742,9.1893705919654227,8.9216920801150952,8.6698576353944112,1
0,93,4.4668359215096389,5.0118723362727291,8.6698576353944112,8.4053329343514083,8.158247098226628,7.9267361701725774,1
0,94,5.0118723362727291,5.6234132519035054,7.9267361701725774,7.6834045378696425,7.4558749689384056,7.242688461835761,1
0,95,5.6234132519035054,6.3095734448019449,7.242688461835761,7.018858773363096,6.8098004964413228,6.6140649717208539,1
0,96,6.3095734448019449,7.0794578438413902,6.6140649717208539,6.4086268245898532,6.2167815491524996,6.0371734198694176,1
0,97,7.0794578438413902,7.9432823472428247,6.0371734198694176,5.8486530958587073,5.6726062342253716,5.5078074004182644,1
0,98,7.9432823472428247,8.9125093813374754,5.5078074004182644,5.3348780785097869,5.1734698630676244,5.0224861631920108,1
0,99,8.9125093813374754,10.00000000000002,5.0224861631920108,4.8642075240215057,4.7165810063029499,4.5785155700859796,1
0,100,10.00000000000002,11.22018454301965,4.5785155700859796,4.4337323290283797,4.2986603488035255,4.1723477396963746,1
0,101,11.22018454301965,12.589254117941707,4.1723477396963746,4.0399488242497679,3.9165003607462583,3.8011237643890214,1
0,102,12.589254117941707,14.125375446227576,3.8011237643890214,3.6802580500417807,3.5676156845824685,3.4623642109550836,1
0,103,14.125375446227576,15.848931924611163,3.4623642109550836,3.3521068363668323,3.2493465416324523,3.1533238264048107,1
0,104,15.848931924611163,17.782794100389253,3.1533238264048107,3.0527319524826733,2.9589977557772111,2.8714529577373575,1
0,105,17.782794100389253,19.952623149688847,2.8714529577373575,2.7798105111388121,2.6944390851568785,2.6146590219944001,1
0,106,19.952623149688847,22.387211385683443,2.6146590219944001,2.5310540776201282,2.4532450857643071,2.3808445286775775,1
0,107,22.387211385683443,25.118864315095841,2.3808445286775775,2.3054307602756232,2.2349655415998408,2.1680764623497542,1
0,108,25.118864315095841,28.183829312644622,2.1680764623497542,2.0959945342757651,2.0272193204997935,1.9622832047234076,1
0,109,28.183829312644622,31.622776601683871,1.9622832047234076,1.8944373417721663,1.8315493787365904,1.7730738461315692,1
0,110,31.622776601683871,35.481338923357619,1.7730738461315692,1.7120928258969543,1.6555245822440918,1.6029136763541003,1
0,111,35.481338923357619,39.810717055349784,1.6029136763541003,1.5480670961293979,1.4972076227725546,1.4499137335813073,1
0,112,39.810717055349784,44.668359215096437,1.4499137335813073,1.4006082414280987,1.354885176099734,1.3123688255486259,1
0,113,44.668359215096437,50.118723362727344,1.3123688255486259,1.268048623855393,1.2269530812442662,1.1887428355201104,1
0,114,50.118723362727344,56.234132519035015,1.1887428355201104,1.1489137236193436,1.1119847338601223,1.0776508465036703,1
0,115,56.234132519035015,63.095734448019527,1.0776508465036703,1.0418651485175605,1.0086879246158997,0.977844605622327,1
0,116,63.095734448019527,70.794578438413978,0.977844605622327,0.94569960320775071,0.91590021498713747,0.88819950507036183,1
0,117,70.794578438413978,79.432823472428325,0.88819950507036183,0.85933238636254816,0.83257425648158867,0.80770289867361711,1
0,118,79.432823472428325,89.125093813374704,0.80770289867361711,0.7817866395219345,0.75776614148606802,0.73544161469125446,1
0,119,89.125093813374704,100.0000000000003,0.73544161469125446,0.71218166573490604,0.69062565060081116,0.67059392236854853,1
0,120,100.0000000000003,112.20184543019663,0.67059392236854853,0.64972538252135481,0.63038811341475576,0.61242058434703361,1
0,121,112.20184543019663,125.89254117941697,0.61242058434703361,0.5937050297152231,0.57636531162394267,0.56025622117640617,1
0,122,125.89254117941697,141.25375446227565,0.56025622117640617,0.54347908665865807,0.52793789647726985,0.51350213372561804,1
0,123,141.25375446227565,158.48931924611179,0.51350213372561804,0.49847040395681147,0.48454872439477953,0.47161980561452399,1
0,124,158.48931924611179,177.8279410038927,0.47161980561452399,0.45815991246396315,0.44569678097215804,0.43412501965951877,1
0,125,177.8279410038927,199.52623149688833,0.43412501965951877,0.42208090370522139,0.41093159435657778,0.40058240966121644,1
0,126,199.52623149688833,223.87211385683466,0.40058240966121644,0.38981377540137213,0.37984819930355584,0.37060063978705432,1
0,127,223.87211385683466,251.18864315095868,0.37060063978705432,0.36098142034365416,0.35208269510359658,0.34382808995693659,1
0,128,251.18864315095868,281.83829312644605,0.34382808995693659,0.33524501006132623,0.32730810937204241,0.31994881724939872,1
0,129,281.83829312644605,316.22776601683847,0.31994881724939872,0.31230011476211283,0.30523069785362605,0.29867901132092767,1
0,130,316.22776601683847,354.81338923357657,0.29867901132092767,0.29187326608721736,0.28558657063521259,0.27976368422937942,1
0,131,354.81338923357657,398.10717055349824,0.27976368422937942,0.27371875742806329,0.2681386271114784,0.26297373273564056,1
0,132,398.10717055349824,446.6835921509641,0.26297373273564056,0.25761581212020412,0.25267380106319476,0.24810325107358702,1
0,133,446.6835921509641,501.18723362727405,0.24810325107358702,0.24336598024831174,0.23900054973088544,0.23496711538678106,1
0,134,501.18723362727405,562.34132519035074,0.23496711538678106,0.2307908228950746,0.22694660102023517,0.22339872275338352,1
0,135,562.34132519035074,630.95734448019482,0.22339872275338352,0.21972956281107928,0.21635662256601843,0.21324802485609126,1
0,136,630.95734448019482,707.9457843841393,0.21324802485609126,0.21003798525440029,0.20709156081715924,0.20437971014335593,1
0,137,707.9457843841393,794.32823472428413,0.20437971014335593,0.20158313047083309,0.19902163364440917,0.19667155259617927,1
0,138,794.32823472428413,891.25093813374644,0.19667155259617927,0.19425743127590239,0.19204833718035363,0.19001293591184659,1
0,139,891.25093813374644,1000.000000000004,0.19001293591184659,0.1879019962607773,0.18595518399869862,0.18415740787030285,1
0,140,1000.000000000004,1122.0184543019675,0.18415740787030285,0.18230025729154156,0.18059797943131931,0.17903682039700902,1
0,141,1122.0184543019675,1258.9254117941712,0.17903682039700902,0.17743650438261116,0.17597935232116094,0.17464818521452211,1
0,142,1258.9254117941712,1412.5375446227579,0.17464818521452211,0.17328505433001415,0.17204522330036542,0.1709150133966221,1
0,143,1412.5375446227579,1584.893192461117,0.1709150133966221,0.16976157291726326,0.16871632392787222,0.16776667359682598,1
0,144,1584.893192461117,1778.279410038926,0.16776667359682598,0.1668004972106748,0.16592788580018744,0.1651379061964407,1
0,145,1778.279410038926,1995.262314968882,0.1651379061964407,0.16433732875015372,0.16361738151378794,0.16296843146012505,1
0,146,1995.262314968882,2238.7211385683495,0.16296843146012505,0.16231375435794659,0.16172794889108252,0.16120263380013419,1
0,147,2238.7211385683495,2511.8864315095898,0.16120263380013419,0.16067561157303936,0.16020692626081595,0.15978931328736584,1
0,148,2511.8864315095898,2818.3829312644634,0.15978931328736584,0.15937321340265154,0.15900601923318766,0.15868148578855903,1
0,149,2818.3829312644634,3162.2776601683881,0.15868148578855903,0.15836098541709209,0.15808100414075946,0.15783621636124479,1
0,150,3162.2776601683881,3548.1338923357634,0.15783621636124479,0.15759736316550407,0.15739161389897485,0.15721447103444797,1
0,151,3548.1338923357634,3981.0717055349801,0.15721447103444797,0.1570446293847797,0.15690138254931202,0.15678097406711852,1
0,152,3981.0717055349801,4466.835921509637,0.15678097406711852,0.15666877627897813,0.15657750411353122,0.15650406051428931,1
0,153,4466.835921509637,5011.872336272746,0.15650406051428931,0.15643935295020231,0.15639067666809991,0.15635551707803028,1
0,154,5011.872336272746,5623.4132519035138,0.15635551707803028,0.15632930134344827,0.15631493270196742,0.15631040742079597,1
0,155,5623.4132519035138,6309.5734448019548,0.15631040742079597,0.15631477733916069,0.1563274556036047,0.15634688105390634,1
0,156,6309.5734448019548,7079.4578438414019,0.15634688105390634,0.15637494680183209,0.15640836701608127,0.1564459673435179,1
0,157,7079.4578438414019,7943.2823472428363,0.1564459673435179,0.15649180830423609,0.15654056220558041,0.15659135796046633,1
0,158,7943.2823472428363,8912.5093813374733,0.15659135796046633,0.156649825106942,0.15670926643019464,0.15676918219935707,1
0,159,8912.5093813374733,10000,0.15676918219935707,0.15683635450013614,0.15690278908042776,0.15696778005161993,1
1,0,9.9999999999999991e-05,0.00011220184543019634,3.680470782633713e-05,3.7527685996481342e-05,3.8255924043409225e-05,3.8986285878233842e-05,1
1,1,0.00011220184543019634,0.00012589254117941672,3.8986285878233842e-05,3.9763578576913029e-05,4.0535167020855179e-05,4.129662136676418e-05,1
1,2,0.00012589254117941672,0.00014125375446227543,4.129662136676418e-05,4.2128510256374609e-05,4.2943624058791201e-05,4.3743522602655328e-05,1
1,3,0.00014125375446227543,0.00015848931924611134,4.3743522602655328e-05,4.4623867493860047e-05,4.548763529398189e-05,4.6335440079662032e-05,1
1,4,0.00015848931924611134,0.00017782794100389227,4.6335440079662032e-05,4.7268443531130418e-05,4.8183233681980656e-05,4.9080920399435789e-05,1
1,5,0.00017782794100389227,0.00019952623149688798,4.9080920399435789e-05,5.0069062907525215e-05,5.1038106198884466e-05,5.1989085763662631e-05,1
1,6,0.00019952623149688798,0.00022387211385683397,5.1989085763662631e-05,5.3035827274093375e-05,5.4062274163157473e-05,5.5069569089050594e-05,1
1,7,0.00022387211385683397,0.00025118864315095801,5.5069569089050594e-05,5.6178318585685281e-05,5.7265591358205095e-05,5.833258305417737e-05,1
1,8,0.00025118864315095801,0.00028183829312644545,5.833258305417737e-05,5.9507035042115678e-05,6.0658731138710496e-05,6.1788942584156532e-05,1
1,9,0.00028183829312644545,0.00031622776601683794,6.1788942584156532e-05,6.3032983631705657e-05,6.4252922539671995e-05,6.5450104345181792e-05,1
1,10,0.00031622776601683794,0.00035481338923357554,6.5450104345181792e-05,6.6767859973234489e-05,6.8060084636178405e-05,6.9328203562067929e-05,1
1,11,0.00035481338923357554,0.0003981071705534973,6.9328203562067929e-05,7.072404095433058e-05,7.2092834796983954e-05,7.3436094609551197e-05,1
1,12,0.0003981071705534973,0.00044668359215096316,7.3436094609551197e-05,7.4914640620391256e-05,7.6364540579626895e-05,7.7787393502507237e-05,1
1,13,0.00044668359215096316,0.00050118723362727231,7.7787393502507237e-05,7.9353548855157758e-05,8.0889360793774784e-05,8.2396523064775224e-05,1
1,14,0.00050118723362727231,0.00056234132519034921,8.2396523064775224e-05,8.4055478961807316e-05,8.5682293477137215e-05,8.7278760723259288e-05,1
1,15,0.00056234132519034921,0.00063095734448019342,8.7278760723259288e-05,8.9036015935314963e-05,9.0759225271436789e-05,9.2450289150264385e-05,1
1,16,0.00063095734448019342,0.00070794578438413802,9.2450289150264385e-05,9.4311668280294599e-05,9.6136984188653401e-05,9.7928249901412296e-05,1
1,17,0.00070794578438413802,0.00079432823472428164,9.7928249901412296e-05,9.9899922678679663e-05,0.00010183339535429471,0.00010373080023344626,1
1,18,0.00079432823472428164,0.00089125093813374572,0.00010373080023344626,0.00010581930196765671,0.00010786734010181095,0.00010987717328818018,1
1,19,0.00089125093813374572,0.001,0.00010987717328818018,0.00011208942653016273,0.00011425881855307701,0.00011638774184273696,1
1,20,0.001,0.0011220184543019641,0.00011638774184273696,0.00011873107933034869,0.00012102901591198855,0.00012328408583717321,1
1,21,0.0011220184543019641,0.0012589254117941679,0.00012328408583717321,0.00012576627480027141,0.00012820037268459518,0.00013058906390338383,1
1,22,0.0012589254117941679,0.001412537544622755,0.00013058906390338383,0.00013321833180914065,0.00013579665906055679,0.00013832688913235588,1
1,23,0.001412537544622755,0.0015848931924611143,0.00013832688913235588,0.00014111195095601575,0.00014384305370180342,0.00014652320933091495,1
1,24,0.0015848931924611143,0.0017782794100389234,0.00014652320933091495,0.00014947329644248396,0.000152366227199806,0.00015520519203398632,1
1,25,0.0017782794100389234,0.0019952623149688802,0.00015520519203398632,0.00015833008279647899,0.00016139443047783313,0.00016440161455413124,1
1,26,0.0019952623149688802,0.0022387211385683403,0.00016440161455413124,0.00016771166673521665,0.0001709575884320101,0.00017414295936693563,1
1,27,0.0022387211385683403,0.0025118864315095807,0.00017414295936693563,0.00017764914446968835,0.00018108739911831272,0.00018446151514797267,1
1,28,0.0025118864315095807,0.0028183829312644561,0.00018446151514797267,0.00018817545478167438,0.00019181743882774703,0.0001953914837982079,1
1,29,0.0028183829312644561,0.0031622776601683816,0.0001953914837982079,0.0001993254881802316,0.00020318327334221942,0.00020696909380383161,1
1,30,0.0031622776601683816,0.0035481338923357567,0.00020696909380383161,0.00021113620264137244,0.0002152225759693145,0.00021923272034519891,1
1,31,0.0035481338923357567,0.0039810717055349751,0.00021923272034519891,0.00022364674573865638,0.0002279752518094458,0.00023222301237995084,1
1,32,0.0039810717055349751,0.004466835921509634,0.00023222301237995084,0.00023689858588567565,0.00024148357247078301,0.00024598302789054124,1
1,33,0.004466835921509634,0.0050118723362727255,0.00024598302789054124,0.00025093564391308147,0.00025579230639314227,0.00026055837432701918,1
1,34,0.0050118723362727255,0.0056234132519034962,0.00026055837432701918,0.00026580446155343823,0.00027094890595280802,0.00027599736989782173,1
1,35,0.0056234132519034962,0.0063095734448019355,0.00027599736989782173,0.00028155426814199027,0.00028700351398417415,0.00029235115875053848,1
1,36,0.0063095734448019355,0.0070794578438413856,0.00029235115875053848,0.00029823746973251219,0.00030400970537959555,0.00030967408036482901,1
1,37,0.0070794578438413856,0.007943282347242819,0.00030967408036482901,0.00031590865521569219,0.00032202252801885286,0.00032802296144492793,1
1,38,0.007943282347242819,0.0089125093813374624,0.00032802296144492793,0.00033462871774684249,0.00034110631226355663,0.00034746125176378427,1
1,39,0.0089125093813374624,0.010000000000000004,0.00034746125176378427,0.00035445309310496207,0.00036130929411776745,0.00036804169537989656,1
1,40,0.010000000000000004,0.011220184543019643,0.00036804169537989656,0.0003754621383443057,0.00038275401096513902,0.00038992969114676928,1
1,41,0.011220184543019643,0.012589254117941687,0.00038992969114676928,0.00039785584554146981,0.00040565617600949426,0.00041333555338017862,1
1,42,0.012589254117941687,0.014125375446227552,0.00041333555338017862,0.00042181434967215675,0.00043015598728652005,0.0004383694464627031,1
1,43,0.014125375446227552,0.015848931924611152,0.0004383694464627031,0.00044744284061225232,0.00045637411005648482,0.00046517119173152498,1
1,44,0.015848931924611152,0.01778279410038924,0.00046517119173152498,0.00047489142010641354,0.00048446184427679528,0.00049389160042017277,1
1,45,0.01778279410038924,0.019952623149688816,0.00049389160042017277,0.00050431524984034489,0.00051458280532968995,0.00052470376174517893,1
1,46,0.019952623149688816,0.022387211385683409,0.00052470376174517893,0.00053589637345670708,0.00054692661795188724,0.00055780473199707207,1
1,47,0.022387211385683409,0.025118864315095826,0.00055780473199707207,0.00056984115862189662,0.00058170985171924171,0.00059342171132573812,1
1,48,0.025118864315095826,0.02818382931264455,0.00059342171132573812,0.00060638880964544229,0.00061918385100361809,0.00063181849777268345,1
1,49,0.02818382931264455,0.031622776601683819,0.00063181849777268345,0.00064581763967860915,0.00065964200379622353,0.00067330405510436227,1
1,50,0.031622776601683819,0.0354813389233576,0.00067330405510436227,0.00068845463080903079,0.00070342989510762007,0.00071824318383594552,1
1,51,0.0354813389233576,0.039810717055349755,0.00071824318383594552,0.00073468690060648557,0.00075095776337472781,0.00076707004447727333,1
1,52,0.039810717055349755,0.044668359215096369,0.00076707004447727333,0.00078497640329247445,0.00080271637095042595,0.00082030523097543508,1
1,53,0.044668359215096369,0.050118723362727262,0.00082030523097543508,0.00083987843285915137,0.00085929701752539126,0.00087857736017857258,1
1,54,0.050118723362727262,0.056234132519034981,0.00087857736017857258,0.00090006504509074312,0.00092141686405396487,0.00094265037234154058,1
1,55,0.056234132519034981,0.063095734448019372,0.00094265037234154058,0.00096635466971585883,0.00098995095512247164,0.0010134580601300599,1
1,56,0.063095734448019372,0.070794578438413872,0.0010134580601300599,0.0010397495644449732,0.0010659727161806578,0.0010921477266880968,1
1,57,0.070794578438413872,0.079432823472428263,0.0010921477266880968,0.0011214831585322198,0.0011508051267421235,0.0011801353293158239,1
1,58,0.079432823472428263,0.089125093813374648,0.0011801353293158239,0.0012130798146621977,0.0012460852670955231,0.0012791749710918321,1
1,59,0.089125093813374648,0.10000000000000014,0.0012791749710918321,0.0013164300508331029,0.0013538454514810891,0.0013914461140903073,1
1,60,0.10000000000000014,0.11220184543019644,0.0013914461140903073,0.0014338847607220403,0.0014766146325936791,0.001519662325026968,1
1,61,0.11220184543019644,0.12589254117941689,0.001519662325026968,0.0015683723583193908,0.0016175440891095215,0.0016672056209872381,1
1,62,0.12589254117941689,0.14125375446227556,0.0016672056209872381,0.0017235429410719949,0.001780561480461807,0.0018382904551023837,1
1,63,0.14125375446227556,0.15848931924611154,0.0018382904551023837,0.0019039434242496291,0.0019705571014918656,0.002038161029236978,1
1,64,0.15848931924611154,0.17782794100389243,0.002038161029236978,0.0021152271497569251,0.002193605647626936,0.0022733250569869465,1
1,65,0.17782794100389243,0.1995262314968882,0.0022733250569869465,0.0023644009058461763,0.0024572262832704048,0.0025518266879210319,1
1,66,0.1995262314968882,0.22387211385683434,0.0025518266879210319,0.0026601120727335176,0.0027706838521647814,0.0028835616930388591,1
1,67,0.22387211385683434,0.25118864315095835,0.0028835616930388591,0.0030129794695556568,0.0031453354815204814,0.0032806400459652997,1
1,68,0.25118864315095835,0.28183829312644582,0.0032806400459652997,0.0034359742756518655,0.0035950304391813991,0.0037578054743780775,1
1,69,0.28183829312644582,0.31622776601683855,0.0037578054743780775,0.0039448627708910094,0.0041365773758679503,0.0043329286707788888,1
1,70,0.31622776601683855,0.35481338923357597,0.0043329286707788888,0.0045587305973116112,0.0047903017590813094,0.0050276001017318158,1
1,71,0.35481338923357597,0.39810717055349765,0.0050276001017318158,0.0053006179582358957,0.0055807262990965516,0.0058678584584192211,1
1,72,0.39810717055349765,0.44668359215096337,0.0058678584584192211,0.0061983052166994521,0.0065374170017634594,0.0068851003042341274,1
1,73,0.44668359215096337,0.50118723362727324,0.0068851003042341274,0.0072852974286676296,0.0076960460868126983,0.008117224632631103,1
1,74,0.50118723362727324,0.56234132519034985,0.008117224632631103,0.0086020640882033452,0.0090997304555947046,0.009610073339278935,1
1,75,0.56234132519034985,0.63095734448019392,0.009610073339278935,0.010197597675092302,0.010800711958666106,0.011419236686016456,1
1,76,0.63095734448019392,0.70794578438413946,0.011419236686016456,0.012131363533982323,0.012862455690913502,0.013612303848624802,1
1,77,0.70794578438413946,0.79432823472428282,0.013612303848624802,0.014475725709257344,0.015362256061481987,0.016271654494278337,1
1,78,0.79432823472428282,0.89125093813374667,0.016271654494278337,0.017318953037896941,0.018394463069302092,0.019497909528072493,1
1,79,0.89125093813374667,1.0000000000000009,0.019497909528072493,0.020768926517512141,0.022074456192185125,0.023414187639554065,1
1,80,1.0000000000000009,1.1220184543019658,0.023414187639554065,0.024957734062367579,0.02654357908416502,0.028171355238849182,1
1,81,1.1220184543019658,1.2589254117941693,0.028171355238849182,0.030047236874782769,0.031975069996249786,0.033954480532455027,1
1,82,1.2589254117941693,1.4125375446227557,0.033954480532455027,0.036236336048339361,0.038582018371426503,0.040990893118060492,1
1,83,1.4125375446227557,1.5848931924611174,0.040990893118060492,0.043768294358428626,0.046624494093955186,0.049559534913667887,1
1,84,1.5848931924611174,1.7782794100389261,0.049559534913667887,0.052946135882834533,0.056429226536756832,0.060005987899405831,1
1,85,1.7782794100389261,1.9952623149688826,0.060005987899405831,0.064128818646814245,0.0683717543303137,0.072740524330996467,1
1,86,1.9952623149688826,2.2387211385683417,0.072740524330996467,0.077798110486815383,0.083022490210462097,0.088414828186735683,1
1,87,2.2387211385683417,2.5118864315095859,0.088414828186735683,0.094664073135185212,0.10111317474709745,0.10774907652229238,1
1,88,2.5118864315095859,2.818382931264459,0.10774907652229238,0.11540522743389753,0.12328771725056667,0.13140415456474569,1
1,89,2.818382931264459,3.1622776601683835,0.13140415456474569,0.14079613331047303,0.15048647344146063,0.16046943524294993,1
1,90,3.1622776601683835,3.5481338923357644,0.16046943524294993,0.17201255893979864,0.18391359401849103,0.19616928887660062,1
1,91,3.5481338923357644,3.9810717055349811,0.19616928887660062,0.21033791971426996,0.22494033966689209,0.23996794116549386,1
1,92,3.9810717055349811,4.4668359215096389,0.23996794116549386,0.25732688287292771,0.27521125754132708,0.2936220625661114,1
1,93,4.4668359215096389,5.0118723362727291,0.2936220625661114,0.31490612974340843,0.33684880569060288,0.35944470697795966,1
1,94,5.0118723362727291,5.6234132519035054,0.35944470697795966,0.38556925473840586,0.41250509831338422,0.44024794887356444,1
1,95,5.6234132519035054,6.3095734448019449,0.44024794887356444,0.47233125277531618,0.50541850779779884,0.5395031027768078,1
1,96,6.3095734448019449,7.0794578438413902,0.5395031027768078,0.57892605038346501,0.61958864306840689,0.66148327225706749,1
1,97,7.0794578438413902,7.9432823472428247,0.66148327225706749,0.70994740418506763,0.75994408913784361,0.81146441670525105,1
1,98,7.9432823472428247,8.9125093813374754,0.81146441670525105,0.87107411093876785,0.93257888092602736,0.99596686755648234,1
1,99,8.9125093813374754,10.00000000000002,0.99596686755648234,1.0693168504877302,1.1450075880195925,1.2230239352002825,1
1,100,10.00000000000002,11.22018454301965,1.2230239352002825,1.3133101736955,1.40648760507826,1.5025387195159514,1
1,101,11.22018454301965,12.589254117941707,1.5025387195159514,1.6137094141238335,1.7284524369990224,1.8467444073587638,1
1,102,12.589254117941707,14.125375446227576,1.8467444073587638,1.9836666151697537,2.1249970900131432,2.2707056734094624,1
1,103,14.125375446227576,15.848931924611163,2.2707056734094624,2.4393693638142855,2.6134721108165211,2.7929792261768904,1
1,104,15.848931924611163,17.782794100389253,2.7929792261768904,3.0007801677711452,3.2152913673384154,3.4364630560968887,1
1,105,17.782794100389253,19.952623149688847,3.4364630560968887,3.6924938949262791,3.9568047683895484,4.2293533072069351,1
1,106,19.952623149688847,22.387211385683443,4.2293533072069351,4.544900166756447,4.8706333497403831,5.2064219131079845,1
1,107,22.387211385683443,25.118864315095841,5.2064219131079845,5.595032992875927,5.9962033834595783,6.4099982693184803,1
1,108,25.118864315095841,28.183829312644622,6.4099982693184803,6.8894232320262585,7.3850932346742084,7.8972779569168328,1
1,109,28.183829312644622,31.622776601683871,7.8972779569168328,8.491856993264685,9.1073707404634874,9.7436236026276983,1
1,110,31.622776601683871,35.481338923357619,9.7436236026276983,10.481980315322225,11.246056985280214,12.035710811547794,1
1,111,35.481338923357619,39.810717055349784,12.035710811547794,12.951984304801137,13.90004817794771,14.879672854590835,1
1,112,39.810717055349784,44.668359215096437,14.879672854590835,16.01612375863872,17.191730704157642,18.406206054639917,1
1,113,44.668359215096437,50.118723362727344,18.406206054639917,19.814788559243521,21.271555202587336,22.776119813596189,1
1,114,50.118723362727344,56.234132519035015,22.776119813596189,24.520698915232092,26.324457216893201,28.18688600305893,1
1,115,56.234132519035015,63.095734448019527,28.18688600305893,30.345788154034711,32.577237222913269,34.880558798628492,1
1,116,63.095734448019527,70.794578438413978,34.880558798628492,37.549664753653389,40.30751093612907,43.153204481469501,1
1,117,70.794578438413978,79.432823472428325,43.153204481469501,46.44961201012817,49.854306750871054,53.366106688229451,1
1,118,79.432823472428325,89.125093813374704,53.366106688229451,57.432470230078209,61.630620693811522,65.958995616870055,1
1,119,89.125093813374704,100.0000000000003,65.958995616870055,70.968628931411004,76.138174657776787,81.465569350531524,1
1,120,100.0000000000003,112.20184543019663,81.465569350531524,87.628395430952509,93.98462442781279,100.53153690643427,1
1,121,112.20184543019663,125.89254117941697,100.53153690643427,108.10097227263519,115.90346604239805,123.93544390390808,1
1,122,125.89254117941697,141.25375446227565,123.93544390390808,133.21629852635434,142.77687417697189,152.61248832120222,1
1,123,141.25375446227565,158.48931924611179,152.61248832120222,163.96993734198466,175.66163402191961,187.68146803307627,1
1,124,158.48931924611179,177.8279410038927,187.68146803307627,201.55112757981288,215.81825836040363,230.47492363097581,1
1,125,177.8279410038927,199.52623149688833,230.47492363097581,247.37402918418456,264.74328407182014,282.57243452864992,1
1,126,199.52623149688833,223.87211385683466,282.57243452864992,303.11207925253973,324.2046221913792,345.83689606690592,1
1,127,223.87211385683466,251.18864315095868,345.83689606690592,370.73522917751433,396.2796728740505,422.45343337192401,1
1,128,251.18864315095868,281.83829312644605,422.45343337192401,452.54966475843815,483.39575977763997,514.9704612711264,1
1,129,281.83829312644605,316.22776601683847,514.9704612711264,551.23946648040589,588.37228841701767,626.34224377951591,1
1,130,316.22776601683847,354.81338923357657,626.34224377951591,669.90951083732261,714.46388482980853,759.97217643500312,1
1,131,354.81338923357657,398.10717055349824,759.97217643500312,812.12881440656668,865.4037042611285,919.75596963911903,1
1,132,398.10717055349824,446.6835921509641,919.75596963911903,981.97348073413696,1045.4460618036105,1110.123907685309,1
1,133,446.6835921509641,501.18723362727405,1110.123907685309,1184.068497028502,1259.4077039542733,1336.0815085295224,1
1,134,501.18723362727405,562.34132519035074,1336.0815085295224,1423.6276107623376,1512.7069450391066,1603.2481451273334,1
1,135,562.34132519035074,630.95734448019482,1603.2481451273334,1706.491714210772,1811.4016702481863,1917.8938649385082,1
1,136,630.95734448019482,707.9457843841393,1917.8938649385082,2039.163154028731,2162.2218925345155,2286.9735458583255,1
1,137,707.9457843841393,794.32823472428413,2286.9735458583255,2428.8467203394061,2572.6157332477305,2718.1666993840831,1
1,138,794.32823472428413,891.25093813374644,2718.1666993840831,2883.4648552614863,3050.7441890351279,3219.8859053711726,1
1,139,891.25093813374644,1000.000000000004,3219.8859053711726,3411.7444711967146,3605.681275009631,3801.5795085275713,1
1,140,1000.000000000004,1122.0184543019675,3801.5795085275713,4023.5746619578745,4247.7474964873099,4473.9534524308674,1
1,141,1122.0184543019675,1258.9254117941712,4473.9534524308674,4730.0092049641335,4988.2816117710263,5248.6097687726506,1
1,142,1258.9254117941712,1412.5375446227579,5248.6097687726506,5542.9606550178005,5839.5292466230921,6138.1477790220106,1
1,143,1412.5375446227579,1584.893192461117,6138.1477790220106,6475.4457328143772,6814.9356011856617,7156.4397792330092,1
1,144,1584.893192461117,1778.279410038926,7156.4397792330092,7541.8031248467169,7929.2963296441994,8318.7369784962793,1
1,145,1778.279410038926,1995.262314968882,8318.7369784962793,8757.8009639021457,9198.9013547841205,9641.8525168515425,1
1,146,1995.262314968882,2238.7211385683495,9641.8525168515425,10140.838008196068,10641.734384066272,11144.356245836876,1
1,147,2238.7211385683495,2511.8864315095898,11144.356245836876,11710.144960695108,12277.690188324745,12846.809586490153,1
1,148,2511.8864315095898,2818.3829312644634,12846.809586490153,13487.033717284956,14128.833849692506,14772.03377730962,1
1,149,2818.3829312644634,3162.2776601683881,14772.03377730962,15495.177691559304,16219.69477117078,16945.417774463884,1
1,150,3162.2776601683881,3548.1338923357634,16945.417774463884,17760.934236502471,18577.602700629021,19395.267545765088,1
1,151,3548.1338923357634,3981.0717055349801,19395.267545765088,20313.70898630653,21233.06723375529,22153.200640976273,1
1,152,3981.0717055349801,4466.835921509637,22153.200640976273,23186.367031136026,24220.205322699854,25254.589871914268,1
1,153,4466.835921509637,5011.872336272746,25254.589871914268,26415.694654651023,27577.220988106332,28739.060901475117,1
1,154,5011.872336272746,5623.4132519035138,28739.060901475117,30042.916856223179,31346.942667052841,32651.049343514227,1
1,155,5623.4132519035138,6309.5734448019548,32651.049343514227,34114.27655515974,35577.424449210688,37040.423936612533,1
1,156,6309.5734448019548,7079.4578438414019,37040.423936612533,38681.682281622001,40322.618360815148,41963.183719243883,1
1,157,7079.4578438414019,7943.2823472428363,41963.183719243883,43803.433643251221,45643.127488651226,47482.236887792998,1
1,158,7943.2823472428363,8912.5093813374733,47482.236887792998,49545.026733574996,51607.04145266868,53668.277405388639,1
1,159,8912.5093813374733,10000,53668.277405388639,55980.0905743244,58290.913611197677,60600.74137481612,1
2,0,3.680470782633713e-05,3.8986285878233842e-05,9.9999999999999991e-05,0.00010410684829271794,0.0001081656441345041,0.00011220184543019634,1
2,1,3.8986285878233842e-05,4.129662136676418e-05,0.00011220184543019634,0.00011672188364765202,0.00012127536997073767,0.00012589254117941672,1
2,2,4.129662136676418e-05,4.3743522602655328e-05,0.00012589254117941672,0.00013091251605261368,0.00013603415144234008,0.00014125375446227543,1
2,3,4.3743522602655328e-05,4.6335440079662032e-05,0.00014125375446227543,0.00014689073617619338,0.0001526353178772429,0.00015848931924611134,1
2,4,4.6335440079662032e-05,4.9080920399435789e-05,0.00015848931924611134,0.0001648113702455002,0.00017125774117786172,0.00017782794100389227,1
2,5,4.9080920399435789e-05,5.1989085763662631e-05,0.00017782794100389227,0.00018492211574052701,0.00019215482900664953,0.00019952623149688798,1
2,6,5.1989085763662631e-05,5.5069569089050594e-05,0.00019952623149688798,0.00020748580448176569,0.00021560111351349914,0.00022387211385683397,1
2,7,5.5069569089050594e-05,5.833258305417737e-05,0.00022387211385683397,0.00023280296730380593,0.00024190847258594489,0.00025118864315095801,1
2,8,5.833258305417737e-05,6.1788942584156532e-05,0.00025118864315095801,0.00026120920579619507,0.00027142575713643764,0.00028183829312644545,1
2,9,6.1788942584156532e-05,6.5450104345181792e-05,0.00028183829312644545,0.0002930815552658448,0.00030454471248863527,0.00031622776601683794,1
2,10,6.5450104345181792e-05,6.9328203562067929e-05,0.00031622776601683794,0.00032884291183474137,0.00034170478636382114,0.00035481338923357554,1
2,11,6.9328203562067929e-05,7.3436094609551197e-05,0.00035481338923357554,0.00036896781618670155,0.00038339907658907675,0.0003981071705534973,1
2,12,7.3436094609551197e-05,7.7787393502507237e-05,0.0003981071705534973,0.00041398869864027021,0.00043018083918425508,0.00044668359215096316,1
2,13,7.7787393502507237e-05,8.2396523064775224e-05,0.00044668359215096316,0.00046450295979712518,0.00048267084028569707,0.00050118723362727231,1
2,14,8.2396523064775224e-05,8.7278760723259288e-05,0.00050118723362727231,0.00052118089295483442,0.00054156559014361652,0.00056234132519034921,1
2,15,8.7278760723259288e-05,9.2450289150264385e-05,0.00056234132519034921,0.00058477457992965284,0.00060764658635926289,0.00063095734448019342,1
2,16,9.2450289150264385e-05,9.7928249901412296e-05,0.00063095734448019342,0.00065612787028627756,0.00068179068358769767,0.00070794578438413802,1
2,17,9.7928249901412296e-05,0.00010373080023344626,0.00070794578438413802,0.00073618757884350613,0.00076498172895685438,0.00079432823472428164,1
2,18,0.00010373080023344626,0.00010987717328818018,0.00079432823472428164,0.00082601604929015231,0.00085832361709331723,0.00089125093813374572,1
2,19,0.00010987717328818018,0.00011638774184273696,0.00089125093813374572,0.00092680525085319689,0.00096305493814194507,0.001,1
2,20,0.00011638774184273696,0.00012328408583717321,0.001,0.0010398925950012303,0.0010805654131018849,0.0011220184543019641,1
2,21,0.00012328408583717321,0.00013058906390338383,0.0011220184543019641,0.0011667786820833545,0.00121241433458076,0.0012589254117941679,1
2,22,0.00013058906390338383,0.00013832688913235588,0.0012589254117941679,0.0013091472133835995,0.0013603512576597771,0.001412537544622755,1
2,23,0.00013832688913235588,0.00014652320933091495,0.001412537544622755,0.0014688873328145772,0.0015263392154274355,0.0015848931924611143,1
2,24,0.00014652320933091495,0.00015520519203398632,0.0015848931924611143,0.0016481186947075921,0.0017125807672332385,0.0017782794100389234,1
2,25,0.00015520519203398632,0.00016440161455413124,0.0017782794100389234,0.0018492195903449954,0.001921547225322806,0.0019952623149688802,1
2,26,0.00016440161455413124,0.00017414295936693563,0.0019952623149688802,0.0020748585064117851,0.002156011447606979,0.0022387211385683403,1
2,27,0.00017414295936693563,0.00018446151514797267,0.0022387211385683403,0.0023280295343071633,0.0024190846319726519,0.0025118864315095807,1
2,28,0.00018446151514797267,0.0001953914837982079,0.0025118864315095807,0.0026120920994639092,0.0027142575993092653,0.0028183829312644561,1
2,29,0.0001953914837982079,0.00020696909380383161,0.0028183829312644561,0.0029308155406769401,0.0030454471172657567,0.0031622776601683816,1
2,30,0.00020696909380383161,0.00021923272034519891,0.0031622776601683816,0.0032884291198971146,0.0034170478628267548,0.0035481338923357567,1
2,31,0.00021923272034519891,0.00023222301237995084,0.0035481338923357567,0.0036896781694023516,0.0038339907781782473,0.0039810717055349751,1
2,32,0.00023222301237995084,0.00024598302789054124,0.0039810717055349751,0.0041398869535892568,0.0043018083420794532,0.004466835921509634,1
2,33,0.00024598302789054124,0.00026055837432701918,0.004466835921509634,0.0046450297224830172,0.0048267085913234311,0.0050118723362727255,1
2,34,0.00026055837432701918,0.00027599736989782173,0.0050118723362727255,0.0052118084711842878,0.0054156552045614157,0.0056234132519034962,1
2,35,0.00027599736989782173,0.00029235115875053848,0.0056234132519034962,0.005847747435144623,0.0060764683681754621,0.0063095734448019355,1
2,36,0.00029235115875053848,0.00030967408036482901,0.0063095734448019355,0.0065612731269967242,0.0068178982043487655,0.0070794578438413856,1
2,37,0.00030967408036482901,0.00032802296144492793,0.0070794578438413856,0.0073618933864345211,0.0076498450629754345,0.007943282347242819,1
2,38,0.00032802296144492793,0.00034746125176378427,0.007943282347242819,0.0082601128510937545,0.008583157752760211,0.0089125093813374624,1
2,39,0.00034746125176378427,0.00036804169537989656,0.0089125093813374624,0.0092681333979496225,0.0096307053415178954,0.010000000000000004,1
2,40,0.00036804169537989656,0.00038992969114676928,0.010000000000000004,0.010399865377407773,0.010806715195345155,0.011220184543019643,1
2,41,0.00038992969114676928,0.00041333555338017862,0.011220184543019643,0.011669320332598604,0.012125659717558197,0.012589254117941687,1
2,42,0.00041333555338017862,0.0004383694464627031,0.012589254117941687,0.013093146414675872,0.013605239372331254,0.014125375446227552,1
2,43,0.0004383694464627031,0.00046517119173152498,0.014125375446227552,0.014690993932034341,0.015265547330232467,0.015848931924611152,1
2,44,0.00046517119173152498,0.00049389160042017277,0.015848931924611152,0.016483756721421477,0.017128433904241933,0.01778279410038924,1
2,45,0.00049389160042017277,0.00052470376174517893,0.01778279410038924,0.018495387438919746,0.019218730508890735,0.019952623149688816,1
2,46,0.00052470376174517893,0.00055780473199707207,0.019952623149688816,0.020752554873723742,0.021564170883864423,0.022387211385683409,1
2,47,0.00055780473199707207,0.00059342171132573812,0.022387211385683409,0.023285273035620356,0.024195933295940494,0.025118864315095826,1
2,48,0.00059342171132573812,0.00063181849777268345,0.025118864315095826,0.026127194403532655,0.027148988144531639,0.02818382931264455,1
2,49,0.00063181849777268345,0.00067330405510436227,0.02818382931264455,0.029316100166439246,0.030462590986042311,0.031622776601683819,1
2,50,0.00067330405510436227,0.00071824318383594552,0.031622776601683819,0.032894389349738755,0.034180796510252492,0.0354813389233576,1
2,51,0.00071824318383594552,0.00076707004447727333,0.0354813389233576,0.036909650282554989,0.038353049808427138,0.039810717055349755,1
2,52,0.00076707004447727333,0.00082030523097543508,0.039810717055349755,0.041415293180391999,0.043034844016454382,0.044668359215096369,1
2,53,0.00082030523097543508,0.00087857736017857258,0.044668359215096369,0.046471262325997124,0.048288459469989817,0.050118723362727262,1
2,54,0.00087857736017857258,0.00094265037234154058,0.050118723362727262,0.052144832985342837,0.054183791176377782,0.056234132519034981,1
2,55,0.00094265037234154058,0.0010134580601300599,0.056234132519034981,0.058511504319280198,0.060799275801600647,0.063095734448019372,1
2,56,0.0010134580601300599,0.0010921477266880968,0.063095734448019372,0.065655998767589416,0.068222929304887936,0.070794578438413872,1
2,57,0.0010921477266880968,0.0011801353293158239,0.070794578438413872,0.073673380249756615,0.076553508085215383,0.079432823472428263,1
2,58,0.0011801353293158239,0.0012791749710918321,0.079432823472428263,0.082670304648600812,0.085901807826926135,0.089125093813374648,1
2,59,0.0012791749710918321,0.0013914461140903073,0.089125093813374648,0.092766417782747163,0.096392116091452276,0.10000000000000014,1
2,60,0.0013914461140903073,0.001519662325026968,0.10000000000000014,0.1040959182547774,0.10816383707135246,0.11220184543019644,1
2,61,0.001519662325026968,0.0016672056209872381,0.11220184543019644,0.11680930576132795,0.12137331029346198,0.12589254117941689,1
2,62,0.0016672056209872381,0.0018382904551023837,0.12589254117941689,0.13107534003458415,0.13619584973619517,0.14125375446227556,1
2,63,0.0018382904551023837,0.002038161029236978,0.14125375446227556,0.14708324166881021,0.15282803580950716,0.15848931924611154,1
2,64,0.002038161029236978,0.0022733250569869465,0.15848931924611154,0.16504517302354277,0.1714902992182209,0.17782794100389243,1
2,65,0.0022733250569869465,0.0025518266879210319,0.17782794100389243,0.1851990436440008,0.19242984143222622,0.1995262314968882,1
2,66,0.0025518266879210319,0.0028835616930388591,0.1995262314968882,0.20781168816891404,0.21592393959561756,0.22387211385683434,1
2,67,0.0028835616930388591,0.0032806400459652997,0.22387211385683434,0.23318246408655086,0.24228368321807725,0.25118864315095835,1
2,68,0.0032806400459652997,0.0037578054743780775,0.25118864315095835,0.2616473124446928,0.27185818665361988,0.28183829312644582,1
2,69,0.0037578054743780775,0.0043329286707788888,0.28183829312644582,0.29358331974571333,0.3050393180475276,0.31622776601683855,1
2,70,0.0043329286707788888,0.0050276001017318158,0.31622776601683855,0.32941381845259748,0.34226698623485063,0.35481338923357597,1
2,71,0.0050276001017318158,0.0058678584584192211,0.35481338923357597,0.3696140708261193,0.3840350353643337,0.39810717055349765,1
2,72,0.0058678584584192211,0.0068851003042341274,0.39810717055349765,0.41471759705219252,0.43089781330050719,0.44668359215096337,1
2,73,0.0068851003042341274,0.008117224632631103,0.44668359215096337,0.4653232306041325,0.48347750112100446,0.50118723362727324,1
2,74,0.008117224632631103,0.009610073339278935,0.50118723362727324,0.52210300595079362,0.54247231225915193,0.56234132519034985,1
2,75,0.009610073339278935,0.011419236686016456,0.56234132519034985,0.58581100171188816,0.60866568738625426,0.63095734448019392,1
2,76,0.011419236686016456,0.013612303848624802,0.63095734448019392,0.65729327398834181,0.68293662255690424,0.70794578438413946,1
2,77,0.013612303848624802,0.016271654494278337,0.70794578438413946,0.73749902674758372,0.76627128280890888,0.79432823472428282,1
2,78,0.016271654494278337,0.019497909528072493,0.79432823472428282,0.82749316046186339,0.85977604077798875,0.89125093813374667,1
2,79,0.019497909528072493,0.023414187639554065,0.89125093813374667,0.92847042146387615,0.96469220009778822,1.0000000000000009,1
2,80,0.023414187639554065,0.028171355238849182,1.0000000000000009,1.0417710793532082,1.0824121957741506,1.1220184543019658,1
2,81,0.028171355238849182,0.033954480532455027,1.1220184543019658,1.1688994751717965,1.2144992679682689,1.2589254117941693,1
2,82,0.033954480532455027,0.040990893118060492,1.2589254117941693,1.3115407509989556,1.3627030680810166,1.4125375446227557,1
2,83,0.040990893118060492,0.049559534913667887,1.4125375446227557,1.4715964824589114,1.5290042633647112,1.5848931924611174,1
2,84,0.049559534913667887,0.060005987899405831,1.5848931924611174,1.6511596973726705,1.7155576633031346,1.7782794100389261,1
2,85,0.060005987899405831,0.072740524330996467,1.7782794100389261,1.8527061768268045,1.9250073137335493,1.9952623149688826,1
2,86,0.072740524330996467,0.088414828186735683,1.9952623149688826,2.0790616119135388,2.1601312806952375,2.2387211385683417,1
2,87,0.088414828186735683,0.10774907652229238,2.2387211385683417,2.3326081913537733,2.4235230320248848,2.5118864315095859,1
2,88,0.10774907652229238,0.13140415456474569,2.5118864315095859,2.6170378613711498,2.7191524911329421,2.818382931264459,1
2,89,0.13140415456474569,0.16046943524294993,2.818382931264459,2.9366048590019798,3.0511030340677125,3.1622776601683835,1
2,90,0.16046943524294993,0.19616928887660062,3.1622776601683835,3.2948089737249906,3.4233032958020497,3.5481338923357644,1
2,91,0.19616928887660062,0.23996794116549386,3.5481338923357644,3.6967883761765443,3.8409482664132368,3.9810717055349811,1
2,92,0.23996794116549386,0.2936220625661114,3.9810717055349811,4.1478226276453372,4.3096089486721612,4.4668359215096389,1
2,93,0.2936220625661114,0.35944470697795966,4.4668359215096389,4.6540538355789103,4.8355544107239039,5.0118723362727291,1
2,94,0.35944470697795966,0.44024794887356444,5.0118723362727291,5.22195060839754,5.4256043118427266,5.6234132519035054,1
2,95,0.44024794887356444,0.5395031027768078,5.6234132519035054,5.859180794981607,6.0876767095573561,6.3095734448019449,1
2,96,0.5395031027768078,0.66148327225706749,6.3095734448019449,6.5741453597212809,6.8305216061383085,7.0794578438413902,1
2,97,0.66148327225706749,0.81146441670525105,7.0794578438413902,7.3763639488037684,7.6640202481902095,7.9432823472428247,1
2,98,0.81146441670525105,0.99596686755648234,7.9432823472428247,8.2764683040750491,8.5992194739379091,8.9125093813374754,1
2,99,0.99596686755648234,1.2230239352002825,8.9125093813374754,9.2863920526956125,9.6485217313681879,10.00000000000002,1
2,100,1.2230239352002825,1.5025387195159514,10.00000000000002,10.419547788230076,10.825862817004815,11.22018454301965,1
2,101,1.5025387195159514,1.8467444073587638,11.22018454301965,11.690973030094916,12.146860642941927,12.589254117941707,1
2,102,1.8467444073587638,2.2707056734094624,12.589254117941707,13.117516800984699,13.629028332803253,14.125375446227576,1
2,103,2.2707056734094624,2.7929792261768904,14.125375446227576,14.718125729764438,15.292051207774431,15.848931924611163,1
2,104,2.7929792261768904,3.4364630560968887,15.848931924611163,16.514035478113389,17.157983851214361,17.782794100389253,1
2,105,3.4364630560968887,4.2293533072069351,17.782794100389253,18.529087577950467,19.251619580923432,19.952623149688847,1
2,106,4.2293533072069351,5.2064219131079845,19.952623149688847,20.789906605207332,21.600549359603068,22.387211385683443,1
2,107,5.2064219131079845,6.4099982693184803,22.387211385683443,23.326800470583869,24.236522999623318,25.118864315095841,1
2,108,6.4099982693184803,7.8972779569168328,25.118864315095841,26.174761489951692,27.195473056931448,28.183829312644622,1
2,109,7.8972779569168328,9.7436236026276983,28.183829312644622,29.369861739989474,30.51473115977204,31.622776601683871,1
2,110,9.7436236026276983,12.035710811547794,31.622776601683871,32.95298224739259,34.237658444009064,35.481338923357619,1
2,111,12.035710811547794,14.879672854590835,35.481338923357619,36.973701234695035,38.41510285717716,39.810717055349784,1
2,112,14.879672854590835,18.406206054639917,39.810717055349784,41.484765430004863,43.102075801148054,44.668359215096437,1
2,113,18.406206054639917,22.776119813596189,44.668359215096437,46.546237532055095,48.360902504598144,50.118723362727344,1
2,114,22.776119813596189,28.18688600305893,50.118723362727344,52.225155097329676,54.261269499972734,56.234132519035015,1
2,115,28.18688600305893,34.880558798628492,56.234132519035015,58.596868207019305,60.881455743698666,63.095734448019527,1
2,116,34.880558798628492,43.153204481469501,63.095734448019527,65.745859854743955,68.309247830164466,70.794578438413978,1
2,117,43.153204481469501,53.366106688229451,70.794578438413978,73.766935101807533,76.643151280558612,79.432823472428325,1
2,118,53.366106688229451,65.958995616870055,79.432823472428325,82.766450574226894,85.993677562136298,89.125093813374704,1
2,119,65.958995616870055,81.465569350531524,89.125093813374704,92.863732276008719,96.484813462680876,100.0000000000003,1
2,120,81.465569350531524,100.53153690643427,100.0000000000003,104.19265064977728,108.25566036060486,112.20184543019663,1
2,121,100.53153690643427,123.93544390390808,112.20184543019663,116.90339793333497,121.46227974520446,125.89254117941697,1
2,122,123.93544390390808,152.61248832120222,125.89254117941697,131.16447547645245,136.27975892969312,141.25375446227565,1
2,123,152.61248832120222,187.68146803307627,141.25375446227565,147.1649256744565,152.9045304334752,158.48931924611179,1
2,124,187.68146803307627,230.47492363097581,158.48931924611179,165.11683620193199,171.55697439257193,177.8279410038927,1
2,125,230.47492363097581,282.57243452864992,177.8279410038927,185.25815035141756,192.48433900733247,199.52623149688833,1
2,126,282.57243452864992,345.83689606690592,199.52623149688833,207.85582021750218,215.96401705203766,223.87211385683466,1
2,127,345.83689606690592,422.45343337192401,223.87211385683466,233.20934477568127,242.30722273983821,251.18864315095868,1
2,128,422.45343337192401,514.9704612711264,251.18864315095868,261.65474175898322,271.8631188752617,281.83829312644605,1
2,129,514.9704612711264,626.34224377951591,281.83829312644605,293.56900453637593,305.02344802501966,316.22776601683847,1
2,130,626.34224377951591,759.97217643500312,316.22776601683847,329.37510471763721,342.22773084563102,354.81338923357657,1
2,131,759.97217643500312,919.75596963911903,354.81338923357657,369.54760705713238,383.96910002847267,398.10717055349824,1
2,132,919.75596963911903,1110.123907685309,398.10717055349824,414.6189716259525,430.80084919309343,446.6835921509641,1
2,133,1110.123907685309,1336.0815085295224,446.6835921509641,465.18662353185687,483.34377669613986,501.18723362727405,1
2,134,1336.0815085295224,1603.2481451273334,501.18723362727405,521.9209077673587,542.29445920053274,562.34132519035074,1
2,135,1603.2481451273334,1917.8938649385082,562.34132519035074,585.57393299850946,608.43440532292936,630.95734448019482,1
2,136,1917.8938649385082,2286.9735458583255,630.95734448019482,656.98981655775879,682.64084157550371,707.9457843841393,1
2,137,2286.9735458583255,2718.1666993840831,707.9457843841393,737.11504382150963,765.89694609898697,794.32823472428413,1
2,138,2718.1666993840831,3219.8859053711726,794.32823472428413,827.01345572342166,859.30920179296902,891.25093813374644,1
2,139,3219.8859053711726,3801.5795085275713,891.25093813374644,927.88417909486179,964.12270711639917,1000.000000000004,1
2,140,3801.5795085275713,4473.9534524308674,1000.000000000004,1041.0615314199645,1081.7220501656395,1122.0184543019675,1
2,141,4473.9534524308674,5248.6097687726506,1122.0184543019675,1168.0383059441458,1213.6614227753596,1258.9254117941712,1
2,142,5248.6097687726506,6138.1477790220106,1258.9254117941712,1310.5044034963726,1361.6961958256397,1412.5375446227579,1
2,143,6138.1477790220106,7156.4397792330092,1412.5375446227579,1470.3517921255736,1527.7914990907568,1584.893192461117,1
2,144,7156.4397792330092,8318.7369784962793,1584.893192461117,1649.7006354991463,1714.1508537443422,1778.279410038926,1
2,145,8318.7369784962793,9641.8525168515425,1778.279410038926,1850.9317447043818,1923.2478678498878,1995.262314968882,1
2,146,9641.8525168515425,11144.356245836876,1995.262314968882,2076.7155533782716,2157.857446629092,2238.7211385683495,1
2,147,11144.356245836876,12846.809586490153,2238.7211385683495,2330.0488269376788,2421.0934170972437,2511.8864315095898,1
2,148,12846.809586490153,14772.03377730962,2511.8864315095898,2614.2938370587431,2716.4494608015739,2818.3829312644634,1
2,149,14772.03377730962,16945.417774463884,2818.3829312644634,2933.2232014396886,3047.8456121807703,3162.2776601683881,1
2,150,16945.417774463884,19395.267545765088,3162.2776601683881,3291.0698251811036,3419.6801904104477,3548.1338923357634,1
2,151,19395.267545765088,22153.200640976273,3548.1338923357634,3692.5830876263781,3836.8881678884013,3981.0717055349801,1
2,152,22153.200640976273,25254.589871914268,3981.0717055349801,4143.091828920391,4305.0066249131696,4466.835921509637,1
2,153,25254.589871914268,28739.060901475117,4466.835921509637,4648.5750482415087,4830.2482094307315,5011.872336272746,1
2,154,28739.060901475117,32651.049343514227,5011.872336272746,5215.741224165482,5419.5835590400748,5623.4132519035138,1
2,155,32651.049343514227,37040.423936612533,5623.4132519035138,5852.1173151052926,6080.833778532472,6309.5734448019548,1
2,156,37040.423936612533,41963.183719243883,6309.5734448019548,6566.1486547798249,6822.7742500608065,7079.4578438414019,1
2,157,41963.183719243883,47482.236887792998,7079.4578438414019,7367.3108409391325,7655.2508334280656,7943.2823472428363,1
2,158,47482.236887792998,53668.277405388639,7943.2823472428363,8266.2364123089228,8589.3118533511515,8912.5093813374733,1
2,159,53668.277405388639,60600.74137481612,8912.5093813374733,9274.8507000464324,9637.3472393897737,10000,1
3,0,25.820678535600848,28.955929040430604,0,0.084835078641868802,0.17214396611184093,0.26023665989488376,1
3,1,28.955929040430604,32.471874255296051,0.26023665989488376,0.32520366521456967,0.38664764573818616,0.44218520160555419,1
3,2,32.471874255296051,36.414739661072126,0.44218520160555419,0.49037216155491314,0.52992425518498443,0.56263183172318953,1
3,3,36.414739661072126,40.836363622201063,0.56263183172318953,0.59271460111969987,0.61722640280181507,0.63695234924618183,1
3,4,40.836363622201063,45.794878925561129,0.63695234924618183,0.65428492891312329,0.66738644613339881,0.67705713985264127,1
3,5,45.794878925561129,51.355477074522284,0.67705713985264127,0.68470801484022725,0.6895636349916261,0.69213694710381457,1
3,6,51.355477074522284,57.591265386656282,0.69213694710381457,0.69288638590699358,0.69179617871633436,0.6892518137725917,1
3,7,57.591265386656282,64.584228163693425,0.6892518137725917,0.6850984254467346,0.6798600817502134,0.67379577735523122,1
3,8,64.584228163693425,72.426304570596344,0.67379577735523122,0.66630107550583839,0.65826599711624545,0.64986317748621103,1
3,9,72.426304570596344,81.220597395040585,0.64986317748621103,0.64019320425693527,0.63038284823013635,0.62053709024440074,1
3,10,81.220597395040585,91.08272857932667,0.62053709024440074,0.60956825828533245,0.59874269347933806,0.58811616114921639,1
3,11,91.08272857932667,102.14235934642187,0.58811616114921639,0.57649522734078185,0.56521424630701378,0.55429273919381272,1
3,12,102.14235934642187,114.54489490581203,0.55429273919381272,0.542491206779671,0.53115992891788411,0.52029253906331074,1
3,13,114.54489490581203,128.45339615158542,0.52029253906331074,0.50864692390530097,0.49755221293231716,0.4869839350786907,1
3,14,128.45339615158542,144.05072348657691,0.4869839350786907,0.47572797075514317,0.46506663800001963,0.45496330500631249,1
3,15,144.05072348657691,161.54194095825099,0.45496330500631249,0.44425281387677851,0.4341536580042557,0.42462150456821157,1
3,16,161.54194095825099,181.15701231442088,0.42462150456821157,0.4145538063840174,0.40509470512272117,0.39619549267076831,1
3,17,181.15701231442088,203.15382442488237,0.39619549267076831,0.38682441945467239,0.37804556368377323,0.3698082861388895,1
3,18,203.15382442488237,227.82157781904738,0.3698082861388895,0.36115577867304022,0.35306986946501506,0.34549975589082305,1
3,19,227.82157781904738,255.48458891627524,0.34549975589082305,0.33756477069922419,0.33016484030546761,0.32325024809930192,1
3,20,255.48458891627524,286.50655393828532,0.32325024809930192,0.31601556334874586,0.3092809375266069,0.30299859542662744,1
3,21,286.50655393828532,321.29533056294031,0.30299859542662744,0.29643597559531243,0.29033678648909544,0.28465575223012995,1
3,22,321.29533056294031,360.30830018564046,0.28465575223012995,0.27872983519955724,0.27323040669643561,0.26811502570439061,1
3,23,360.30830018564046,404.05838128803452,0.26811502570439061,0.26278621814512076,0.25784757720024115,0.25325966794886628,1
3,24,404.05838128803452,453.1207729741144,0.25325966794886628,0.24848627399948142,0.24406798723069748,0.23996843054656461,1
3,25,453.1207729741144,508.14051733355063,0.23996843054656461,0.23570819058356832,0.23176968274771609,0.2281195543556552,1
3,26,508.14051733355063,569.84098005755993,0.2281195543556552,0.2243307327101329,0.22083221001067005,0.21759356563411408,1
3,27,569.84098005755993,639.03336080521706,0.21759356563411408,0.21423569619723407,0.21113877085546545,0.2082751695764101,1
3,28,639.03336080521706,716.62735835664466,0.2082751695764101,0.20530954466522325,0.2025776362789759,0.20005446923561057,1
3,29,716.62735835664466,803.64313077194549,0.20005446923561057,0.19744443848456034,0.19504301118151149,0.19282768795280861,1
3,30,803.64313077194549,901.22470780067158,0.19282768795280861,0.1905388192642784,0.18843550055845429,0.18649753388384011,1
3,31,901.22470780067158,1010.6550318799282,0.18649753388384011,0.18449767674431677,0.18266229355445374,0.18097331367982489,1
3,32,1010.6550318799282,1133.3728254708838,0.18097331367982489,0.17923259574720002,0.17763715463553378,0.17617087703545589,1
3,33,1133.3728254708838,1270.9915064950314,0.17617087703545589,0.17466165730645095,0.17328028919163735,0.17201245329502571,1
3,34,1270.9915064950314,1425.3204005587038,0.17201245329502571,0.17070924898377146,0.16951813304029284,0.16842642459816598,1
3,35,1425.3204005587038,1598.3885288510892,0.16842642459816598,0.16730582382483217,0.16628310077334046,0.16534706645839456,1
3,36,1598.3885288510892,1792.471284464385,0.16534706645839456,0.1643876347783384,0.16351331614625947,0.16271427574013633,1
3,37,1792.471284464385,2010.1203478598852,0.16271427574013633,0.16189646132342955,0.16115233841750135,0.16047329744330929,1
3,38,2010.1203478598852,2254.1972347901378,0.16047329744330929,0.15977933726631868,0.1591488914838359,0.15857445532125411,1
3,39,2254.1972347901378,2527.9109177445657,0.15857445532125411,0.15798828299653919,0.15745659765293435,0.15697288697461043,1
3,40,2527.9109177445657,2834.8600155421168,0.15697288697461043,0.15648004175784977,0.15603371475745867,0.15562828147806984,1
3,41,2834.8600155421168,3179.0801057537519,0.15562828147806984,0.15521581746813054,0.1548428738049723,0.15450461654552594,1
3,42,3179.0801057537519,3565.0967819892785,0.15450461654552594,0.15416101102652732,0.15385081416139779,0.15356989239353111,1
3,43,3565.0967819892785,3997.9851536131173,0.15356989239353111,0.15328495254214444,0.15302811404222794,0.15279586044924137,1
3,44,3997.9851536131173,4483.4365701545094,0.15279586044924137,0.15256062805871795,0.15234891535138245,0.15215774648434538,1
3,45,4483.4365701545094,5027.8334476636819,0.15215774648434538,0.15196440105261153,0.15179064373884066,0.15163396929106365,1
3,46,5027.8334476636819,5638.3331807846798,0.15163396929106365,0.1514757296090011,0.1513337248803007,0.15120585737009165,1
3,47,5638.3331807846798,6322.9622437692269,0.15120585737009165,0.15107688529561844,0.15096130489494183,0.15085736708567396,1
3,48,6322.9622437692269,7090.7217176135709,0.15085736708567396,0.15075266339274754,0.15065895776465807,0.15057480627017225,1
3,49,7090.7217176135709,7951.7056307242819,0.15057480627017225,0.15049015084621636,0.15041447708560066,0.15034656732746104,1
3,50,7951.7056307242819,8917.2336689829299,0.15034656732746104,0.15027827923123926,0.15021734192056083,0.15016287355527105,1
3,51,8917.2336689829299,10000,0.15016287355527105,0.15010839487206593,0.15005969883313722,0.15001554178489099,1
