# E_MeV_total,t_req_mm,t_lim_mm,g_mm,t_inv_mm,lambda0_mm,range_mm
2.400000,1.000000000000e-07,1.000000000000e-07,1.000000000000e-07,1.000000000000e-07,1.872566843780e+00,3.333333333333e-01
2.400000,2.000000000000e-07,2.000000000000e-07,2.000000000000e-07,2.000000000000e-07,1.872566843780e+00,3.333333333333e-01
2.400000,5.000000000000e-07,5.000000000000e-07,5.000000000000e-07,5.000000000000e-07,1.872566843780e+00,3.333333333333e-01
2.400000,7.000000000000e-07,7.000000000000e-07,7.000000000000e-07,7.000000000000e-07,1.872566843780e+00,3.333333333333e-01
2.400000,1.000000000000e-06,1.000000000000e-06,1.000000000000e-06,1.000000000000e-06,1.872566843780e+00,3.333333333333e-01
2.400000,2.000000000000e-06,2.000000000000e-06,1.999998931981e-06,2.000000000000e-06,1.872566843780e+00,3.333333333333e-01
2.400000,5.000000000000e-06,5.000000000000e-06,4.999993324719e-06,5.000000000000e-06,1.872566843780e+00,3.333333333333e-01
2.400000,1.000000000000e-05,1.000000000000e-05,9.999973298728e-06,1.000000000000e-05,1.872566843780e+00,3.333333333333e-01
2.400000,1.000000000000e-04,1.000000000000e-04,9.999732991597e-05,1.000000000000e-04,1.872566843780e+00,3.333333333333e-01
2.400000,1.000000000000e-03,1.000000000000e-03,9.997330343592e-04,1.000000000000e-03,1.872566843780e+00,3.333333333333e-01
2.400000,5.000000000000e-03,5.000000000000e-03,4.993330608242e-03,5.000000000000e-03,1.872566843780e+00,3.333333333333e-01
2.400000,1.000000000000e-02,1.000000000000e-02,9.973346150778e-03,1.000000000000e-02,1.872566843780e+00,3.333333333333e-01
2.400000,2.500000000000e-02,2.500000000000e-02,2.482956499214e-02,2.500000000000e-02,1.872566843780e+00,3.333333333333e-01
2.400000,5.000000000000e-02,5.000000000000e-02,4.930298165013e-02,5.000000000000e-02,1.872566843780e+00,3.333333333333e-01
2.400000,1.000000000000e-01,1.000000000000e-01,9.707408765389e-02,1.000000000000e-01,1.872566843780e+00,3.333333333333e-01
2.400000,2.500000000000e-01,2.500000000000e-01,2.276922499615e-01,2.500000000000e-01,1.872566843780e+00,3.333333333333e-01
2.400000,5.000000000000e-01,3.333333333333e-01,2.829633699670e-01,3.333333333333e-01,1.872566843780e+00,3.333333333333e-01
2.400000,1.000000000000e+00,3.333333333333e-01,2.829633699670e-01,3.333333333333e-01,1.872566843780e+00,3.333333333333e-01
2.400000,1.666666666667e-01,1.666666666667e-01,1.579045742804e-01,1.666666666667e-01,1.872566843780e+00,3.333333333333e-01
2.400000,3.000000000000e-01,3.000000000000e-01,2.641822519252e-01,3.000000000000e-01,1.872566843780e+00,3.333333333333e-01
2.400000,3.333333333333e-01,3.333333333333e-01,2.829633699670e-01,3.333333333333e-01,1.872566843780e+00,3.333333333333e-01
6.000000,1.000000000000e-07,1.000000000000e-07,1.000000000000e-07,1.000000000000e-07,3.469609717255e+02,8.333333333333e-01
6.000000,2.000000000000e-07,2.000000000000e-07,2.000000000000e-07,2.000000000000e-07,3.469609717255e+02,8.333333333333e-01
6.000000,5.000000000000e-07,5.000000000000e-07,5.000000000000e-07,5.000000000000e-07,3.469609717255e+02,8.333333333333e-01
6.000000,7.000000000000e-07,7.000000000000e-07,7.000000000000e-07,7.000000000000e-07,3.469609717255e+02,8.333333333333e-01
6.000000,1.000000000000e-06,1.000000000000e-06,1.000000000000e-06,1.000000000000e-06,3.469609717255e+02,8.333333333333e-01
6.000000,2.000000000000e-06,2.000000000000e-06,1.999999994236e-06,2.000000000000e-06,3.469609717255e+02,8.333333333333e-01
6.000000,5.000000000000e-06,5.000000000000e-06,4.999999963973e-06,5.000000000000e-06,3.469609717255e+02,8.333333333333e-01
6.000000,1.000000000000e-05,1.000000000000e-05,9.999999855892e-06,1.000000000000e-05,3.469609717255e+02,8.333333333333e-01
6.000000,1.000000000000e-04,1.000000000000e-04,9.999998558916e-05,1.000000000000e-04,3.469609717255e+02,8.333333333333e-01
6.000000,1.000000000000e-03,1.000000000000e-03,9.999985589043e-04,1.000000000000e-03,3.469609717255e+02,8.333333333333e-01
6.000000,5.000000000000e-03,5.000000000000e-03,4.999963973053e-03,5.000000000000e-03,3.469609717255e+02,8.333333333333e-01
6.000000,1.000000000000e-02,1.000000000000e-02,9.999855892954e-03,1.000000000000e-02,3.469609717255e+02,8.333333333333e-01
6.000000,2.500000000000e-02,2.500000000000e-02,2.499909934396e-02,2.500000000000e-02,3.469609717255e+02,8.333333333333e-01
6.000000,5.000000000000e-02,5.000000000000e-02,4.999632317360e-02,5.000000000000e-02,3.469609717255e+02,8.333333333333e-01
6.000000,1.000000000000e-01,1.000000000000e-01,9.998497695038e-02,1.000000000000e-01,3.469609717255e+02,8.333333333333e-01
6.000000,2.500000000000e-01,2.500000000000e-01,2.498992970152e-01,2.500000000000e-01,3.469609717255e+02,8.333333333333e-01
6.000000,1.250000000000e+00,8.333333333333e-01,8.313366231102e-01,8.333333333333e-01,3.469609717255e+02,8.333333333333e-01
6.000000,2.500000000000e+00,8.333333333333e-01,8.313366231102e-01,8.333333333333e-01,3.469609717255e+02,8.333333333333e-01
6.000000,4.166666666667e-01,4.166666666667e-01,4.163597428767e-01,4.166666666667e-01,3.469609717255e+02,8.333333333333e-01
6.000000,7.500000000000e-01,7.500000000000e-01,7.486614513400e-01,7.500000000000e-01,3.469609717255e+02,8.333333333333e-01
6.000000,8.333333333333e-01,8.333333333333e-01,8.313366231102e-01,8.333333333333e-01,3.469609717255e+02,8.333333333333e-01
12.000000,1.000000000000e-07,1.000000000000e-07,1.000000000000e-07,1.000000000000e-07,1.214391177611e+03,1.666666666667e+00
12.000000,2.000000000000e-07,2.000000000000e-07,2.000000000000e-07,2.000000000000e-07,1.214391177611e+03,1.666666666667e+00
12.000000,5.000000000000e-07,5.000000000000e-07,5.000000000000e-07,5.000000000000e-07,1.214391177611e+03,1.666666666667e+00
12.000000,7.000000000000e-07,7.000000000000e-07,7.000000000000e-07,7.000000000000e-07,1.214391177611e+03,1.666666666667e+00
12.000000,1.000000000000e-06,1.000000000000e-06,1.000000000000e-06,1.000000000000e-06,1.214391177611e+03,1.666666666667e+00
12.000000,2.000000000000e-06,2.000000000000e-06,1.999999998353e-06,2.000000000000e-06,1.214391177611e+03,1.666666666667e+00
12.000000,5.000000000000e-06,5.000000000000e-06,4.999999989707e-06,5.000000000000e-06,1.214391177611e+03,1.666666666667e+00
12.000000,1.000000000000e-05,1.000000000000e-05,9.999999958827e-06,1.000000000000e-05,1.214391177611e+03,1.666666666667e+00
12.000000,1.000000000000e-04,1.000000000000e-04,9.999999588271e-05,1.000000000000e-04,1.214391177611e+03,1.666666666667e+00
12.000000,1.000000000000e-03,1.000000000000e-03,9.999995882711e-04,1.000000000000e-03,1.214391177611e+03,1.666666666667e+00
12.000000,5.000000000000e-03,5.000000000000e-03,4.999989706806e-03,5.000000000000e-03,1.214391177611e+03,1.666666666667e+00
12.000000,1.000000000000e-02,1.000000000000e-02,9.999958827259e-03,1.000000000000e-02,1.214391177611e+03,1.666666666667e+00
12.000000,2.500000000000e-02,2.500000000000e-02,2.499974267117e-02,2.500000000000e-02,1.214391177611e+03,1.666666666667e+00
12.000000,5.000000000000e-02,5.000000000000e-02,4.999897069172e-02,5.000000000000e-02,1.214391177611e+03,1.666666666667e+00
12.000000,1.000000000000e-01,1.000000000000e-01,9.999579792005e-02,1.000000000000e-01,1.214391177611e+03,1.666666666667e+00
12.000000,2.500000000000e-01,2.500000000000e-01,2.499728761197e-01,2.500000000000e-01,1.214391177611e+03,1.666666666667e+00
12.000000,2.500000000000e+00,1.666666666667e+00,1.664382418602e+00,1.666666666667e+00,1.214391177611e+03,1.666666666667e+00
12.000000,5.000000000000e+00,1.666666666667e+00,1.664382418602e+00,1.666666666667e+00,1.214391177611e+03,1.666666666667e+00
12.000000,8.333333333333e-01,8.333333333333e-01,8.329824929217e-01,8.333333333333e-01,1.214391177611e+03,1.666666666667e+00
12.000000,1.500000000000e+00,1.500000000000e+00,1.498469314106e+00,1.500000000000e+00,1.214391177611e+03,1.666666666667e+00
12.000000,1.666666666667e+00,1.666666666667e+00,1.664382418602e+00,1.666666666667e+00,1.214391177611e+03,1.666666666667e+00
60.000000,1.000000000000e-07,1.000000000000e-07,1.000000000000e-07,1.000000000000e-07,2.909019600154e+04,8.333333333333e+00
60.000000,2.000000000000e-07,2.000000000000e-07,2.000000000000e-07,2.000000000000e-07,2.909019600154e+04,8.333333333333e+00
60.000000,5.000000000000e-07,5.000000000000e-07,5.000000000000e-07,5.000000000000e-07,2.909019600154e+04,8.333333333333e+00
60.000000,7.000000000000e-07,7.000000000000e-07,7.000000000000e-07,7.000000000000e-07,2.909019600154e+04,8.333333333333e+00
60.000000,1.000000000000e-06,1.000000000000e-06,1.000000000000e-06,1.000000000000e-06,2.909019600154e+04,8.333333333333e+00
60.000000,2.000000000000e-06,2.000000000000e-06,1.999999999931e-06,2.000000000000e-06,2.909019600154e+04,8.333333333333e+00
60.000000,5.000000000000e-06,5.000000000000e-06,4.999999999570e-06,5.000000000000e-06,2.909019600154e+04,8.333333333333e+00
60.000000,1.000000000000e-05,1.000000000000e-05,9.999999998281e-06,1.000000000000e-05,2.909019600154e+04,8.333333333333e+00
60.000000,1.000000000000e-04,1.000000000000e-04,9.999999982812e-05,1.000000000000e-04,2.909019600154e+04,8.333333333333e+00
60.000000,1.000000000000e-03,1.000000000000e-03,9.999999828121e-04,1.000000000000e-03,2.909019600154e+04,8.333333333333e+00
60.000000,5.000000000000e-03,5.000000000000e-03,4.999999570302e-03,5.000000000000e-03,2.909019600154e+04,8.333333333333e+00
60.000000,1.000000000000e-02,1.000000000000e-02,9.999998281208e-03,1.000000000000e-02,2.909019600154e+04,8.333333333333e+00
60.000000,2.500000000000e-02,2.500000000000e-02,2.499998925755e-02,2.500000000000e-02,2.909019600154e+04,8.333333333333e+00
60.000000,5.000000000000e-02,5.000000000000e-02,4.999995703061e-02,5.000000000000e-02,2.909019600154e+04,8.333333333333e+00
60.000000,1.000000000000e-01,1.000000000000e-01,9.999982811995e-02,1.000000000000e-01,2.909019600154e+04,8.333333333333e+00
60.000000,2.500000000000e-01,2.500000000000e-01,2.499989257565e-01,2.500000000000e-01,2.909019600154e+04,8.333333333333e+00
60.000000,1.250000000000e+01,8.333333333333e+00,8.330946805697e+00,8.333333333333e+00,2.909019600154e+04,8.333333333333e+00
60.000000,2.500000000000e+01,8.333333333333e+00,8.330946805697e+00,8.333333333333e+00,2.909019600154e+04,8.333333333333e+00
60.000000,4.166666666667e+00,4.166666666667e+00,4.166300428189e+00,4.166666666667e+00,2.909019600154e+04,8.333333333333e+00
60.000000,7.500000000000e+00,7.500000000000e+00,7.498401462229e+00,7.500000000000e+00,2.909019600154e+04,8.333333333333e+00
60.000000,8.333333333333e+00,8.333333333333e+00,8.330946805697e+00,8.333333333333e+00,2.909019600154e+04,8.333333333333e+00
240.000000,1.000000000000e-07,1.000000000000e-07,1.000000000000e-07,1.000000000000e-07,4.576536809801e+05,3.333333333333e+01
240.000000,2.000000000000e-07,2.000000000000e-07,2.000000000000e-07,2.000000000000e-07,4.576536809801e+05,3.333333333333e+01
240.000000,5.000000000000e-07,5.000000000000e-07,5.000000000000e-07,5.000000000000e-07,4.576536809801e+05,3.333333333333e+01
240.000000,7.000000000000e-07,7.000000000000e-07,7.000000000000e-07,7.000000000000e-07,4.576536809801e+05,3.333333333333e+01
240.000000,1.000000000000e-06,1.000000000000e-06,1.000000000000e-06,1.000000000000e-06,4.576536809801e+05,3.333333333333e+01
240.000000,2.000000000000e-06,2.000000000000e-06,1.999999999996e-06,2.000000000000e-06,4.576536809801e+05,3.333333333333e+01
240.000000,5.000000000000e-06,5.000000000000e-06,4.999999999973e-06,5.000000000000e-06,4.576536809801e+05,3.333333333333e+01
240.000000,1.000000000000e-05,1.000000000000e-05,9.999999999891e-06,1.000000000000e-05,4.576536809801e+05,3.333333333333e+01
240.000000,1.000000000000e-04,1.000000000000e-04,9.999999998907e-05,1.000000000000e-04,4.576536809801e+05,3.333333333333e+01
240.000000,1.000000000000e-03,1.000000000000e-03,9.999999989075e-04,1.000000000000e-03,4.576536809801e+05,3.333333333333e+01
240.000000,5.000000000000e-03,5.000000000000e-03,4.999999972687e-03,5.000000000000e-03,4.576536809801e+05,3.333333333333e+01
240.000000,1.000000000000e-02,1.000000000000e-02,9.999999890747e-03,1.000000000000e-02,4.576536809801e+05,3.333333333333e+01
240.000000,2.500000000000e-02,2.500000000000e-02,2.499999931717e-02,2.500000000000e-02,4.576536809801e+05,3.333333333333e+01
240.000000,5.000000000000e-02,5.000000000000e-02,4.999999726868e-02,5.000000000000e-02,4.576536809801e+05,3.333333333333e+01
240.000000,1.000000000000e-01,1.000000000000e-01,9.999998907471e-02,1.000000000000e-01,4.576536809801e+05,3.333333333333e+01
240.000000,2.500000000000e-01,2.500000000000e-01,2.499999317169e-01,2.500000000000e-01,4.576536809801e+05,3.333333333333e+01
240.000000,5.000000000000e+01,3.333333333333e+01,3.333090566753e+01,3.333333333333e+01,4.576536809801e+05,3.333333333333e+01
240.000000,1.000000000000e+02,3.333333333333e+01,3.333090566753e+01,3.333333333333e+01,4.576536809801e+05,3.333333333333e+01
240.000000,1.666666666667e+01,1.666666666667e+01,1.666629417738e+01,1.666666666667e+01,4.576536809801e+05,3.333333333333e+01
240.000000,3.000000000000e+01,3.000000000000e+01,2.999837404462e+01,3.000000000000e+01,4.576536809801e+05,3.333333333333e+01
240.000000,3.333333333333e+01,3.333333333333e+01,3.333090566753e+01,3.333333333333e+01,4.576536809801e+05,3.333333333333e+01
600.000000,1.000000000000e-07,1.000000000000e-07,1.000000000000e-07,1.000000000000e-07,2.774666960426e+06,8.333333333333e+01
600.000000,2.000000000000e-07,2.000000000000e-07,2.000000000000e-07,2.000000000000e-07,2.774666960426e+06,8.333333333333e+01
600.000000,5.000000000000e-07,5.000000000000e-07,5.000000000000e-07,5.000000000000e-07,2.774666960426e+06,8.333333333333e+01
600.000000,7.000000000000e-07,7.000000000000e-07,7.000000000000e-07,7.000000000000e-07,2.774666960426e+06,8.333333333333e+01
600.000000,1.000000000000e-06,1.000000000000e-06,1.000000000000e-06,1.000000000000e-06,2.774666960426e+06,8.333333333333e+01
600.000000,2.000000000000e-06,2.000000000000e-06,1.999999999999e-06,2.000000000000e-06,2.774666960426e+06,8.333333333333e+01
600.000000,5.000000000000e-06,5.000000000000e-06,4.999999999995e-06,5.000000000000e-06,2.774666960426e+06,8.333333333333e+01
600.000000,1.000000000000e-05,1.000000000000e-05,9.999999999982e-06,1.000000000000e-05,2.774666960426e+06,8.333333333333e+01
600.000000,1.000000000000e-04,1.000000000000e-04,9.999999999820e-05,1.000000000000e-04,2.774666960426e+06,8.333333333333e+01
600.000000,1.000000000000e-03,1.000000000000e-03,9.999999998198e-04,1.000000000000e-03,2.774666960426e+06,8.333333333333e+01
600.000000,5.000000000000e-03,5.000000000000e-03,4.999999995495e-03,5.000000000000e-03,2.774666960426e+06,8.333333333333e+01
600.000000,1.000000000000e-02,1.000000000000e-02,9.999999981980e-03,1.000000000000e-02,2.774666960426e+06,8.333333333333e+01
600.000000,2.500000000000e-02,2.500000000000e-02,2.499999988737e-02,2.500000000000e-02,2.774666960426e+06,8.333333333333e+01
600.000000,5.000000000000e-02,5.000000000000e-02,4.999999954950e-02,5.000000000000e-02,2.774666960426e+06,8.333333333333e+01
600.000000,1.000000000000e-01,1.000000000000e-01,9.999999819798e-02,1.000000000000e-01,2.774666960426e+06,8.333333333333e+01
600.000000,2.500000000000e-01,2.500000000000e-01,2.499999887374e-01,2.500000000000e-01,2.774666960426e+06,8.333333333333e+01
600.000000,1.250000000000e+02,8.333333333333e+01,8.333083060562e+01,8.333333333333e+01,2.774666960426e+06,8.333333333333e+01
600.000000,2.500000000000e+02,8.333333333333e+01,8.333083060562e+01,8.333333333333e+01,2.774666960426e+06,8.333333333333e+01
600.000000,4.166666666667e+01,4.166666666667e+01,4.166628267311e+01,4.166666666667e+01,2.774666960426e+06,8.333333333333e+01
600.000000,7.500000000000e+01,7.500000000000e+01,7.499832379949e+01,7.500000000000e+01,2.774666960426e+06,8.333333333333e+01
600.000000,8.333333333333e+01,8.333333333333e+01,8.333083060562e+01,8.333333333333e+01,2.774666960426e+06,8.333333333333e+01
1200.000000,1.000000000000e-07,1.000000000000e-07,1.000000000000e-07,1.000000000000e-07,1.058150072232e+07,1.666666666667e+02
1200.000000,2.000000000000e-07,2.000000000000e-07,2.000000000000e-07,2.000000000000e-07,1.058150072232e+07,1.666666666667e+02
1200.000000,5.000000000000e-07,5.000000000000e-07,5.000000000000e-07,5.000000000000e-07,1.058150072232e+07,1.666666666667e+02
1200.000000,7.000000000000e-07,7.000000000000e-07,7.000000000000e-07,7.000000000000e-07,1.058150072232e+07,1.666666666667e+02
1200.000000,1.000000000000e-06,1.000000000000e-06,1.000000000000e-06,1.000000000000e-06,1.058150072232e+07,1.666666666667e+02
1200.000000,2.000000000000e-06,2.000000000000e-06,2.000000000000e-06,2.000000000000e-06,1.058150072232e+07,1.666666666667e+02
1200.000000,5.000000000000e-06,5.000000000000e-06,4.999999999999e-06,5.000000000000e-06,1.058150072232e+07,1.666666666667e+02
1200.000000,1.000000000000e-05,1.000000000000e-05,9.999999999995e-06,1.000000000000e-05,1.058150072232e+07,1.666666666667e+02
1200.000000,1.000000000000e-04,1.000000000000e-04,9.999999999953e-05,1.000000000000e-04,1.058150072232e+07,1.666666666667e+02
1200.000000,1.000000000000e-03,1.000000000000e-03,9.999999999527e-04,1.000000000000e-03,1.058150072232e+07,1.666666666667e+02
1200.000000,5.000000000000e-03,5.000000000000e-03,4.999999998819e-03,5.000000000000e-03,1.058150072232e+07,1.666666666667e+02
1200.000000,1.000000000000e-02,1.000000000000e-02,9.999999995275e-03,1.000000000000e-02,1.058150072232e+07,1.666666666667e+02
1200.000000,2.500000000000e-02,2.500000000000e-02,2.499999997047e-02,2.500000000000e-02,1.058150072232e+07,1.666666666667e+02
1200.000000,5.000000000000e-02,5.000000000000e-02,4.999999988187e-02,5.000000000000e-02,1.058150072232e+07,1.666666666667e+02
1200.000000,1.000000000000e-01,1.000000000000e-01,9.999999952748e-02,1.000000000000e-01,1.058150072232e+07,1.666666666667e+02
1200.000000,2.500000000000e-01,2.500000000000e-01,2.499999970467e-01,2.500000000000e-01,1.058150072232e+07,1.666666666667e+02
1200.000000,2.500000000000e+02,1.666666666667e+02,1.666640415815e+02,1.666666666667e+02,1.058150072232e+07,1.666666666667e+02
1200.000000,5.000000000000e+02,1.666666666667e+02,1.666640415815e+02,1.666666666667e+02,1.058150072232e+07,1.666666666667e+02
1200.000000,8.333333333333e+01,8.333333333333e+01,8.333293057098e+01,8.333333333333e+01,1.058150072232e+07,1.666666666667e+02
1200.000000,1.500000000000e+02,1.500000000000e+02,1.499982418606e+02,1.500000000000e+02,1.058150072232e+07,1.666666666667e+02
1200.000000,1.666666666667e+02,1.666666666667e+02,1.666640415815e+02,1.666666666667e+02,1.058150072232e+07,1.666666666667e+02
3000.000000,1.000000000000e-07,1.000000000000e-07,1.000000000000e-07,1.000000000000e-07,5.840815915812e+07,4.166666666667e+02
3000.000000,2.000000000000e-07,2.000000000000e-07,2.000000000000e-07,2.000000000000e-07,5.840815915812e+07,4.166666666667e+02
3000.000000,5.000000000000e-07,5.000000000000e-07,5.000000000000e-07,5.000000000000e-07,5.840815915812e+07,4.166666666667e+02
3000.000000,7.000000000000e-07,7.000000000000e-07,7.000000000000e-07,7.000000000000e-07,5.840815915812e+07,4.166666666667e+02
3000.000000,1.000000000000e-06,1.000000000000e-06,1.000000000000e-06,1.000000000000e-06,5.840815915812e+07,4.166666666667e+02
3000.000000,2.000000000000e-06,2.000000000000e-06,2.000000000000e-06,2.000000000000e-06,5.840815915812e+07,4.166666666667e+02
3000.000000,5.000000000000e-06,5.000000000000e-06,5.000000000000e-06,5.000000000000e-06,5.840815915812e+07,4.166666666667e+02
3000.000000,1.000000000000e-05,1.000000000000e-05,9.999999999999e-06,1.000000000000e-05,5.840815915812e+07,4.166666666667e+02
3000.000000,1.000000000000e-04,1.000000000000e-04,9.999999999991e-05,1.000000000000e-04,5.840815915812e+07,4.166666666667e+02
3000.000000,1.000000000000e-03,1.000000000000e-03,9.999999999914e-04,1.000000000000e-03,5.840815915812e+07,4.166666666667e+02
3000.000000,5.000000000000e-03,5.000000000000e-03,4.999999999786e-03,5.000000000000e-03,5.840815915812e+07,4.166666666667e+02
3000.000000,1.000000000000e-02,1.000000000000e-02,9.999999999144e-03,1.000000000000e-02,5.840815915812e+07,4.166666666667e+02
3000.000000,2.500000000000e-02,2.500000000000e-02,2.499999999465e-02,2.500000000000e-02,5.840815915812e+07,4.166666666667e+02
3000.000000,5.000000000000e-02,5.000000000000e-02,4.999999997860e-02,5.000000000000e-02,5.840815915812e+07,4.166666666667e+02
3000.000000,1.000000000000e-01,1.000000000000e-01,9.999999991440e-02,1.000000000000e-01,5.840815915812e+07,4.166666666667e+02
3000.000000,2.500000000000e-01,2.500000000000e-01,2.499999994650e-01,2.500000000000e-01,5.840815915812e+07,4.166666666667e+02
3000.000000,6.250000000000e+02,4.166666666667e+02,4.166636943101e+02,4.166666666667e+02,5.840815915812e+07,4.166666666667e+02
3000.000000,1.250000000000e+03,4.166666666667e+02,4.166636943101e+02,4.166666666667e+02,5.840815915812e+07,4.166666666667e+02
3000.000000,2.083333333333e+02,2.083333333333e+02,2.083328772928e+02,2.083333333333e+02,5.840815915812e+07,4.166666666667e+02
3000.000000,3.750000000000e+02,3.750000000000e+02,3.749980092839e+02,3.750000000000e+02,5.840815915812e+07,4.166666666667e+02
3000.000000,4.166666666667e+02,4.166666666667e+02,4.166636943101e+02,4.166666666667e+02,5.840815915812e+07,4.166666666667e+02
