depth_mm,evaluated_voxels,global_passing_voxels,global_pass_rate_percent,local_passing_voxels,local_pass_rate_percent
0.125,386,386,100.0,365,94.55958549222798
0.375,386,386,100.0,370,95.85492227979275
0.625,385,385,100.0,369,95.84415584415585
0.875,386,386,100.0,374,96.89119170984456
1.125,386,386,100.0,374,96.89119170984456
1.375,386,386,100.0,375,97.15025906735751
1.625,386,386,100.0,369,95.5958549222798
1.875,385,385,100.0,368,95.58441558441558
2.125,386,386,100.0,366,94.81865284974093
2.375,385,385,100.0,369,95.84415584415585
2.625,385,385,100.0,372,96.62337662337663
2.875,385,385,100.0,371,96.36363636363636
3.125,386,386,100.0,374,96.89119170984456
3.375,385,385,100.0,370,96.1038961038961
3.625,385,385,100.0,365,94.8051948051948
3.875,385,385,100.0,371,96.36363636363636
4.125,385,385,100.0,363,94.28571428571429
4.375,385,385,100.0,369,95.84415584415585
4.625,385,385,100.0,375,97.40259740259741
4.875,386,386,100.0,369,95.5958549222798
5.125,385,385,100.0,365,94.8051948051948
5.375,386,386,100.0,365,94.55958549222798
5.625,386,386,100.0,367,95.07772020725389
5.875,384,384,100.0,367,95.57291666666667
6.125,384,384,100.0,371,96.61458333333333
6.375,384,384,100.0,368,95.83333333333333
6.625,384,384,100.0,369,96.09375
6.875,384,384,100.0,371,96.61458333333333
7.125,385,385,100.0,372,96.62337662337663
7.375,383,383,100.0,371,96.8668407310705
7.625,383,383,100.0,368,96.08355091383812
7.875,384,384,100.0,366,95.3125
8.125,384,384,100.0,367,95.57291666666667
8.375,384,384,100.0,366,95.3125
8.625,384,384,100.0,371,96.61458333333333
8.875,384,384,100.0,368,95.83333333333333
9.125,384,384,100.0,372,96.875
9.375,384,384,100.0,372,96.875
9.625,384,384,100.0,372,96.875
9.875,385,385,100.0,370,96.1038961038961
10.125,384,384,100.0,368,95.83333333333333
10.375,384,384,100.0,369,96.09375
10.625,384,384,100.0,372,96.875
10.875,384,384,100.0,371,96.61458333333333
11.125,384,384,100.0,371,96.61458333333333
11.375,384,384,100.0,370,96.35416666666667
11.625,384,384,100.0,369,96.09375
11.875,384,384,100.0,371,96.61458333333333
12.125,384,384,100.0,372,96.875
12.375,384,384,100.0,371,96.61458333333333
12.625,384,384,100.0,369,96.09375
12.875,384,384,100.0,369,96.09375
13.125,384,384,100.0,366,95.3125
13.375,384,384,100.0,369,96.09375
13.625,383,383,100.0,368,96.08355091383812
13.875,383,383,100.0,367,95.822454308094
14.125,383,383,100.0,369,96.34464751958224
14.375,383,383,100.0,370,96.60574412532637
14.625,384,384,100.0,369,96.09375
14.875,383,383,100.0,371,96.8668407310705
15.125,383,383,100.0,368,96.08355091383812
15.375,385,385,100.0,375,97.40259740259741
15.625,385,385,100.0,379,98.44155844155844
15.875,385,385,100.0,374,97.14285714285714
16.125,385,385,100.0,373,96.88311688311688
16.375,384,384,100.0,375,97.65625
16.625,385,385,100.0,372,96.62337662337663
16.875,383,383,100.0,365,95.30026109660574
17.125,383,383,100.0,372,97.12793733681463
17.375,385,385,100.0,374,97.14285714285714
17.625,385,385,100.0,376,97.66233766233766
17.875,385,385,100.0,374,97.14285714285714
18.125,385,385,100.0,373,96.88311688311688
18.375,385,385,100.0,368,95.58441558441558
18.625,384,384,100.0,369,96.09375
18.875,384,384,100.0,371,96.61458333333333
19.125,384,384,100.0,374,97.39583333333333
19.375,384,384,100.0,371,96.61458333333333
19.625,385,385,100.0,370,96.1038961038961
19.875,385,385,100.0,373,96.88311688311688
20.125,384,384,100.0,371,96.61458333333333
20.375,384,384,100.0,369,96.09375
20.625,384,384,100.0,365,95.05208333333333
20.875,385,385,100.0,371,96.36363636363636
21.125,385,385,100.0,375,97.40259740259741
21.375,384,384,100.0,370,96.35416666666667
21.625,384,384,100.0,371,96.61458333333333
21.875,384,384,100.0,370,96.35416666666667
22.125,384,384,100.0,367,95.57291666666667
22.375,384,384,100.0,374,97.39583333333333
22.625,384,384,100.0,374,97.39583333333333
22.875,385,385,100.0,375,97.40259740259741
23.125,384,384,100.0,377,98.17708333333333
23.375,384,384,100.0,374,97.39583333333333
23.625,384,384,100.0,373,97.13541666666667
23.875,384,384,100.0,371,96.61458333333333
24.125,384,384,100.0,368,95.83333333333333
24.375,384,384,100.0,372,96.875
24.625,384,384,100.0,375,97.65625
24.875,384,384,100.0,371,96.61458333333333
25.125,384,384,100.0,370,96.35416666666667
25.375,384,384,100.0,371,96.61458333333333
25.625,384,384,100.0,370,96.35416666666667
25.875,385,385,100.0,374,97.14285714285714
26.125,385,385,100.0,375,97.40259740259741
26.375,385,385,100.0,372,96.62337662337663
26.625,385,385,100.0,374,97.14285714285714
26.875,385,385,100.0,372,96.62337662337663
27.125,384,384,100.0,370,96.35416666666667
27.375,384,384,100.0,374,97.39583333333333
27.625,384,384,100.0,370,96.35416666666667
27.875,384,384,100.0,372,96.875
28.125,384,384,100.0,374,97.39583333333333
28.375,384,384,100.0,372,96.875
28.625,384,384,100.0,373,97.13541666666667
28.875,384,384,100.0,376,97.91666666666667
29.125,384,384,100.0,375,97.65625
29.375,384,384,100.0,378,98.4375
29.625,384,384,100.0,375,97.65625
29.875,384,384,100.0,371,96.61458333333333
30.125,384,384,100.0,368,95.83333333333333
30.375,384,384,100.0,366,95.3125
30.625,385,385,100.0,367,95.32467532467533
30.875,385,385,100.0,374,97.14285714285714
31.125,385,385,100.0,372,96.62337662337663
31.375,385,385,100.0,376,97.66233766233766
31.625,385,385,100.0,375,97.40259740259741
31.875,385,385,100.0,373,96.88311688311688
32.125,385,385,100.0,372,96.62337662337663
32.375,385,385,100.0,373,96.88311688311688
32.625,385,385,100.0,371,96.36363636363636
32.875,385,385,100.0,365,94.8051948051948
33.125,385,385,100.0,371,96.36363636363636
33.375,385,385,100.0,373,96.88311688311688
33.625,386,386,100.0,374,96.89119170984456
33.875,386,386,100.0,377,97.66839378238342
34.125,386,386,100.0,376,97.40932642487047
34.375,385,385,100.0,373,96.88311688311688
34.625,386,386,100.0,375,97.15025906735751
34.875,385,385,100.0,369,95.84415584415585
35.125,385,385,100.0,371,96.36363636363636
35.375,385,385,100.0,374,97.14285714285714
35.625,385,385,100.0,375,97.40259740259741
35.875,385,385,100.0,375,97.40259740259741
36.125,385,385,100.0,373,96.88311688311688
36.375,384,384,100.0,376,97.91666666666667
36.625,385,385,100.0,373,96.88311688311688
36.875,385,385,100.0,373,96.88311688311688
37.125,386,386,100.0,373,96.6321243523316
37.375,385,385,100.0,374,97.14285714285714
37.625,385,385,100.0,374,97.14285714285714
37.875,384,384,100.0,373,97.13541666666667
38.125,384,384,100.0,377,98.17708333333333
38.375,384,384,100.0,374,97.39583333333333
38.625,385,385,100.0,377,97.92207792207792
38.875,385,385,100.0,377,97.92207792207792
39.125,384,384,100.0,374,97.39583333333333
39.375,385,385,100.0,372,96.62337662337663
39.625,386,386,100.0,373,96.6321243523316
39.875,385,385,100.0,374,97.14285714285714
40.125,386,386,100.0,372,96.37305699481865
40.375,386,386,100.0,372,96.37305699481865
40.625,386,386,100.0,369,95.5958549222798
40.875,386,386,100.0,370,95.85492227979275
41.125,386,386,100.0,372,96.37305699481865
41.375,386,386,100.0,371,96.11398963730569
41.625,387,387,100.0,365,94.31524547803618
41.875,386,386,100.0,370,95.85492227979275
42.125,386,386,100.0,377,97.66839378238342
42.375,386,386,100.0,376,97.40932642487047
42.625,387,387,100.0,376,97.1576227390181
42.875,387,387,100.0,373,96.38242894056847
43.125,387,387,100.0,374,96.64082687338501
43.375,387,387,100.0,372,96.12403100775194
43.625,387,387,100.0,376,97.1576227390181
43.875,387,387,100.0,376,97.1576227390181
44.125,387,387,100.0,376,97.1576227390181
44.375,386,386,100.0,374,96.89119170984456
44.625,386,386,100.0,374,96.89119170984456
44.875,386,386,100.0,375,97.15025906735751
45.125,387,387,100.0,377,97.41602067183463
45.375,387,387,100.0,378,97.67441860465117
45.625,387,387,100.0,371,95.8656330749354
45.875,387,387,100.0,369,95.34883720930233
46.125,386,386,100.0,373,96.6321243523316
46.375,386,386,100.0,377,97.66839378238342
46.625,386,386,100.0,377,97.66839378238342
46.875,386,386,100.0,372,96.37305699481865
47.125,386,386,100.0,376,97.40932642487047
47.375,386,386,100.0,376,97.40932642487047
47.625,386,386,100.0,379,98.18652849740933
47.875,386,386,100.0,378,97.92746113989638
48.125,386,386,100.0,373,96.6321243523316
48.375,386,386,100.0,375,97.15025906735751
48.625,386,386,100.0,378,97.92746113989638
48.875,386,386,100.0,375,97.15025906735751
49.125,386,386,100.0,372,96.37305699481865
49.375,386,386,100.0,374,96.89119170984456
49.625,386,386,100.0,375,97.15025906735751
49.875,386,386,100.0,373,96.6321243523316
50.125,387,387,100.0,377,97.41602067183463
50.375,387,387,100.0,375,96.89922480620154
50.625,387,387,100.0,378,97.67441860465117
50.875,388,388,100.0,377,97.16494845360825
51.125,387,387,100.0,378,97.67441860465117
51.375,387,387,100.0,379,97.9328165374677
51.625,387,387,100.0,374,96.64082687338501
51.875,388,388,100.0,376,96.90721649484536
52.125,388,388,100.0,372,95.87628865979381
52.375,388,388,100.0,376,96.90721649484536
52.625,388,388,100.0,382,98.45360824742268
52.875,388,388,100.0,385,99.22680412371135
53.125,388,388,100.0,381,98.19587628865979
53.375,388,388,100.0,382,98.45360824742268
53.625,388,388,100.0,379,97.68041237113403
53.875,388,388,100.0,382,98.45360824742268
54.125,388,388,100.0,380,97.9381443298969
54.375,388,388,100.0,380,97.9381443298969
54.625,387,387,100.0,376,97.1576227390181
54.875,388,388,100.0,377,97.16494845360825
55.125,388,388,100.0,384,98.96907216494846
55.375,388,388,100.0,378,97.42268041237114
55.625,388,388,100.0,379,97.68041237113403
55.875,388,388,100.0,377,97.16494845360825
56.125,388,388,100.0,377,97.16494845360825
56.375,388,388,100.0,378,97.42268041237114
56.625,388,388,100.0,378,97.42268041237114
56.875,388,388,100.0,379,97.68041237113403
57.125,387,387,100.0,379,97.9328165374677
57.375,387,387,100.0,376,97.1576227390181
57.625,387,387,100.0,375,96.89922480620154
57.875,387,387,100.0,374,96.64082687338501
58.125,388,388,100.0,378,97.42268041237114
58.375,388,388,100.0,373,96.1340206185567
58.625,388,388,100.0,372,95.87628865979381
58.875,388,388,100.0,373,96.1340206185567
59.125,388,388,100.0,379,97.68041237113403
59.375,388,388,100.0,376,96.90721649484536
59.625,388,388,100.0,378,97.42268041237114
59.875,388,388,100.0,380,97.9381443298969
60.125,388,388,100.0,381,98.19587628865979
60.375,388,388,100.0,381,98.19587628865979
60.625,388,388,100.0,380,97.9381443298969
60.875,388,388,100.0,377,97.16494845360825
61.125,388,388,100.0,379,97.68041237113403
61.375,388,388,100.0,379,97.68041237113403
61.625,388,388,100.0,382,98.45360824742268
61.875,388,388,100.0,378,97.42268041237114
62.125,388,388,100.0,377,97.16494845360825
62.375,388,388,100.0,381,98.19587628865979
62.625,388,388,100.0,380,97.9381443298969
62.875,388,388,100.0,379,97.68041237113403
63.125,388,388,100.0,380,97.9381443298969
63.375,388,388,100.0,383,98.71134020618557
63.625,388,388,100.0,375,96.64948453608247
63.875,388,388,100.0,372,95.87628865979381
64.125,388,388,100.0,378,97.42268041237114
64.375,388,388,100.0,378,97.42268041237114
64.625,388,388,100.0,380,97.9381443298969
64.875,389,389,100.0,381,97.94344473007712
65.125,389,389,100.0,379,97.4293059125964
65.375,389,389,100.0,378,97.17223650385604
65.625,388,388,100.0,377,97.16494845360825
65.875,389,389,100.0,380,97.68637532133675
66.125,388,388,100.0,383,98.71134020618557
66.375,388,388,100.0,382,98.45360824742268
66.625,389,389,100.0,380,97.68637532133675
66.875,389,389,100.0,382,98.20051413881748
67.125,390,390,100.0,380,97.43589743589743
67.375,389,389,100.0,381,97.94344473007712
67.625,390,390,100.0,383,98.2051282051282
67.875,390,390,100.0,380,97.43589743589743
68.125,389,389,100.0,377,96.91516709511568
68.375,389,389,100.0,377,96.91516709511568
68.625,390,390,100.0,380,97.43589743589743
68.875,389,389,100.0,379,97.4293059125964
69.125,390,390,100.0,378,96.92307692307692
69.375,390,390,100.0,376,96.41025641025641
69.625,389,389,100.0,379,97.4293059125964
69.875,389,389,100.0,375,96.40102827763496
70.125,389,389,100.0,378,97.17223650385604
70.375,389,389,100.0,379,97.4293059125964
70.625,390,390,100.0,376,96.41025641025641
70.875,389,389,100.0,373,95.88688946015424
71.125,389,389,100.0,375,96.40102827763496
71.375,390,390,100.0,377,96.66666666666667
71.625,390,390,100.0,377,96.66666666666667
71.875,390,390,100.0,377,96.66666666666667
72.125,390,390,100.0,378,96.92307692307692
72.375,390,390,100.0,378,96.92307692307692
72.625,390,390,100.0,376,96.41025641025641
72.875,390,390,100.0,375,96.15384615384616
73.125,390,390,100.0,381,97.6923076923077
73.375,390,390,100.0,379,97.17948717948718
73.625,390,390,100.0,381,97.6923076923077
73.875,390,390,100.0,378,96.92307692307692
74.125,390,390,100.0,379,97.17948717948718
74.375,390,390,100.0,384,98.46153846153847
74.625,390,390,100.0,382,97.94871794871794
74.875,390,390,100.0,381,97.6923076923077
75.125,390,390,100.0,382,97.94871794871794
75.375,390,390,100.0,383,98.2051282051282
75.625,391,391,100.0,383,97.9539641943734
75.875,390,390,100.0,379,97.17948717948718
76.125,390,390,100.0,379,97.17948717948718
76.375,391,391,100.0,382,97.69820971867007
76.625,391,391,100.0,383,97.9539641943734
76.875,390,390,100.0,384,98.46153846153847
77.125,390,390,100.0,380,97.43589743589743
77.375,390,390,100.0,380,97.43589743589743
77.625,390,390,100.0,375,96.15384615384616
77.875,390,390,100.0,375,96.15384615384616
78.125,390,390,100.0,376,96.41025641025641
78.375,390,390,100.0,377,96.66666666666667
78.625,390,390,100.0,377,96.66666666666667
78.875,391,391,100.0,380,97.18670076726343
79.125,391,391,100.0,380,97.18670076726343
79.375,391,391,100.0,380,97.18670076726343
79.625,390,390,100.0,378,96.92307692307692
79.875,390,390,100.0,380,97.43589743589743
80.125,389,389,100.0,376,96.65809768637533
80.375,391,391,100.0,378,96.67519181585678
80.625,391,391,100.0,381,97.44245524296676
80.875,391,391,100.0,379,96.9309462915601
81.125,390,390,100.0,376,96.41025641025641
81.375,389,389,100.0,379,97.4293059125964
81.625,391,391,100.0,377,96.41943734015345
81.875,390,390,100.0,379,97.17948717948718
82.125,390,390,100.0,380,97.43589743589743
82.375,391,391,100.0,381,97.44245524296676
82.625,392,392,100.0,384,97.95918367346938
82.875,392,392,100.0,382,97.44897959183673
83.125,392,392,100.0,382,97.44897959183673
83.375,392,392,100.0,387,98.72448979591837
83.625,392,392,100.0,385,98.21428571428571
83.875,391,391,100.0,375,95.9079283887468
84.125,391,391,100.0,383,97.9539641943734
84.375,391,391,100.0,386,98.72122762148338
84.625,391,391,100.0,385,98.46547314578005
84.875,390,390,100.0,385,98.71794871794872
85.125,388,388,100.0,385,99.22680412371135
85.375,389,389,100.0,383,98.45758354755785
85.625,389,389,100.0,384,98.7146529562982
85.875,390,390,100.0,381,97.6923076923077
86.125,388,388,100.0,381,98.19587628865979
86.375,389,389,100.0,380,97.68637532133675
86.625,388,388,100.0,380,97.9381443298969
86.875,386,386,100.0,377,97.66839378238342
87.125,388,388,100.0,380,97.9381443298969
87.375,387,387,100.0,376,97.1576227390181
87.625,389,389,100.0,380,97.68637532133675
87.875,389,389,100.0,377,96.91516709511568
88.125,386,386,100.0,374,96.89119170984456
88.375,386,386,100.0,374,96.89119170984456
88.625,388,388,100.0,377,97.16494845360825
88.875,387,387,100.0,375,96.89922480620154
89.125,387,387,100.0,376,97.1576227390181
89.375,385,385,100.0,376,97.66233766233766
89.625,388,388,100.0,378,97.42268041237114
89.875,389,389,100.0,381,97.94344473007712
90.125,388,388,100.0,382,98.45360824742268
90.375,387,387,100.0,381,98.44961240310077
90.625,388,388,100.0,380,97.9381443298969
90.875,387,387,100.0,380,98.19121447028424
91.125,386,386,100.0,374,96.89119170984456
91.375,387,387,100.0,377,97.41602067183463
91.625,385,385,100.0,377,97.92207792207792
91.875,387,387,100.0,378,97.67441860465117
92.125,386,386,100.0,379,98.18652849740933
92.375,382,382,100.0,371,97.12041884816755
92.625,385,385,100.0,373,96.88311688311688
92.875,385,385,100.0,376,97.66233766233766
93.125,382,382,100.0,373,97.64397905759162
93.375,383,383,100.0,376,98.17232375979113
93.625,383,383,100.0,373,97.38903394255874
93.875,384,384,100.0,374,97.39583333333333
94.125,383,383,100.0,374,97.65013054830287
94.375,381,381,100.0,376,98.68766404199475
94.625,382,382,100.0,375,98.16753926701571
94.875,380,380,100.0,375,98.6842105263158
95.125,382,382,100.0,377,98.69109947643979
95.375,382,382,100.0,379,99.21465968586388
95.625,380,380,100.0,376,98.94736842105263
95.875,382,382,100.0,376,98.42931937172774
96.125,382,382,100.0,377,98.69109947643979
96.375,381,381,100.0,378,99.21259842519684
96.625,381,381,100.0,378,99.21259842519684
96.875,384,384,100.0,380,98.95833333333333
97.125,382,382,100.0,378,98.95287958115183
97.375,381,381,100.0,376,98.68766404199475
97.625,382,382,100.0,374,97.90575916230367
97.875,381,381,100.0,377,98.9501312335958
98.125,377,377,100.0,374,99.20424403183024
98.375,376,376,100.0,373,99.20212765957447
98.625,375,375,100.0,372,99.2
98.875,379,379,100.0,376,99.2084432717678
99.125,379,379,100.0,372,98.15303430079156
99.375,380,380,100.0,376,98.94736842105263
99.625,379,379,100.0,375,98.94459102902374
99.875,379,379,100.0,376,99.2084432717678
100.125,377,377,100.0,373,98.93899204244032
100.375,378,378,100.0,374,98.94179894179894
100.625,378,378,100.0,373,98.67724867724868
100.875,379,379,100.0,376,99.2084432717678
101.125,381,381,100.0,378,99.21259842519684
101.375,379,379,100.0,377,99.47229551451187
101.625,378,378,100.0,377,99.73544973544973
101.875,378,378,100.0,373,98.67724867724868
102.125,379,379,100.0,378,99.73614775725594
102.375,380,380,100.0,377,99.21052631578948
102.625,379,379,100.0,375,98.94459102902374
102.875,379,379,100.0,375,98.94459102902374
103.125,379,379,100.0,375,98.94459102902374
103.375,378,378,100.0,376,99.47089947089947
103.625,378,378,100.0,375,99.2063492063492
103.875,378,378,100.0,374,98.94179894179894
104.125,378,378,100.0,373,98.67724867724868
104.375,378,378,100.0,372,98.41269841269842
104.625,378,378,100.0,372,98.41269841269842
104.875,377,377,100.0,374,99.20424403183024
105.125,376,376,100.0,373,99.20212765957447
105.375,377,377,100.0,374,99.20424403183024
105.625,377,377,100.0,374,99.20424403183024
105.875,376,376,100.0,375,99.73404255319149
106.125,377,377,100.0,376,99.73474801061008
106.375,377,377,100.0,375,99.46949602122015
106.625,377,377,100.0,375,99.46949602122015
106.875,378,378,100.0,374,98.94179894179894
107.125,377,377,100.0,372,98.6737400530504
107.375,377,377,100.0,367,97.34748010610079
107.625,378,378,100.0,370,97.88359788359789
107.875,376,376,100.0,368,97.87234042553192
108.125,377,377,100.0,370,98.14323607427056
108.375,379,379,100.0,372,98.15303430079156
108.625,377,377,100.0,370,98.14323607427056
108.875,378,378,100.0,372,98.41269841269842
109.125,377,377,100.0,373,98.93899204244032
109.375,378,378,100.0,376,99.47089947089947
109.625,376,376,100.0,372,98.93617021276596
109.875,378,378,100.0,375,99.2063492063492
110.125,376,376,100.0,374,99.46808510638297
110.375,378,378,100.0,372,98.41269841269842
110.625,377,377,100.0,373,98.93899204244032
110.875,377,377,100.0,373,98.93899204244032
111.125,377,377,100.0,376,99.73474801061008
111.375,377,377,100.0,374,99.20424403183024
111.625,377,377,100.0,372,98.6737400530504
111.875,377,377,100.0,372,98.6737400530504
112.125,376,376,100.0,370,98.40425531914893
112.375,377,377,100.0,372,98.6737400530504
112.625,376,376,100.0,373,99.20212765957447
112.875,377,377,100.0,371,98.40848806366047
113.125,377,377,100.0,371,98.40848806366047
113.375,377,377,100.0,371,98.40848806366047
113.625,378,378,100.0,372,98.41269841269842
113.875,378,378,100.0,375,99.2063492063492
114.125,378,378,100.0,376,99.47089947089947
114.375,378,378,100.0,374,98.94179894179894
114.625,380,380,100.0,379,99.73684210526316
114.875,379,379,100.0,376,99.2084432717678
115.125,378,378,100.0,367,97.08994708994709
115.375,378,378,100.0,370,97.88359788359789
115.625,379,379,100.0,371,97.8891820580475
115.875,379,379,100.0,375,98.94459102902374
116.125,378,378,100.0,370,97.88359788359789
116.375,379,379,100.0,373,98.41688654353563
116.625,380,380,100.0,373,98.15789473684211
116.875,380,380,100.0,375,98.6842105263158
117.125,380,380,100.0,371,97.63157894736842
117.375,381,381,100.0,373,97.9002624671916
117.625,381,381,100.0,375,98.4251968503937
117.875,381,381,100.0,376,98.68766404199475
118.125,382,382,100.0,375,98.16753926701571
118.375,383,383,100.0,379,98.9556135770235
118.625,383,383,100.0,376,98.17232375979113
118.875,383,383,100.0,376,98.17232375979113
119.125,383,383,100.0,380,99.21671018276763
119.375,383,383,100.0,380,99.21671018276763
119.625,384,384,100.0,380,98.95833333333333
119.875,383,383,100.0,379,98.9556135770235
120.125,384,384,100.0,380,98.95833333333333
120.375,384,384,100.0,379,98.69791666666667
120.625,385,385,100.0,382,99.22077922077922
120.875,388,388,100.0,385,99.22680412371135
121.125,386,386,100.0,383,99.22279792746114
121.375,389,389,100.0,387,99.48586118251929
121.625,390,390,100.0,389,99.74358974358974
121.875,390,390,100.0,387,99.23076923076923
122.125,390,390,100.0,386,98.97435897435898
122.375,390,390,100.0,385,98.71794871794872
122.625,390,390,100.0,386,98.97435897435898
122.875,392,392,100.0,387,98.72448979591837
123.125,393,393,100.0,388,98.72773536895674
123.375,394,394,100.0,389,98.73096446700508
123.625,394,394,100.0,389,98.73096446700508
123.875,394,394,100.0,388,98.4771573604061
124.125,393,393,100.0,389,98.9821882951654
124.375,392,392,100.0,387,98.72448979591837
124.625,392,392,100.0,387,98.72448979591837
124.875,390,390,100.0,387,99.23076923076923
125.125,390,390,100.0,386,98.97435897435898
125.375,391,391,100.0,387,98.9769820971867
125.625,391,391,100.0,387,98.9769820971867
125.875,389,389,100.0,385,98.97172236503856
126.125,388,388,100.0,379,97.68041237113403
126.375,387,387,100.0,383,98.96640826873384
126.625,383,383,100.0,379,98.9556135770235
126.875,382,382,100.0,380,99.47643979057591
127.125,381,380,99.73753280839895,372,97.63779527559055
127.375,378,378,100.0,373,98.67724867724868
127.625,377,377,100.0,373,98.93899204244032
127.875,374,374,100.0,372,99.46524064171123
128.125,372,372,100.0,367,98.65591397849462
128.375,367,367,100.0,362,98.6376021798365
128.625,362,362,100.0,359,99.17127071823204
128.875,355,355,100.0,348,98.02816901408451
129.125,346,346,100.0,342,98.84393063583815
129.375,338,338,100.0,330,97.63313609467455
129.625,320,320,100.0,314,98.125
129.875,309,309,100.0,302,97.73462783171522
130.125,301,301,100.0,294,97.67441860465117
130.375,281,281,100.0,276,98.22064056939502
130.625,256,256,100.0,252,98.4375
130.875,229,229,100.0,222,96.94323144104804
131.125,196,196,100.0,188,95.91836734693878
131.375,164,164,100.0,155,94.51219512195122
131.625,124,124,100.0,116,93.54838709677419
131.875,78,78,100.0,74,94.87179487179488
132.125,35,35,100.0,35,100.0
132.375,4,4,100.0,3,75.0
132.625,0,0,,0,
132.875,0,0,,0,
133.125,0,0,,0,
133.375,0,0,,0,
133.625,0,0,,0,
133.875,0,0,,0,
134.125,0,0,,0,
134.375,0,0,,0,
134.625,0,0,,0,
134.875,0,0,,0,
135.125,0,0,,0,
135.375,0,0,,0,
135.625,0,0,,0,
135.875,0,0,,0,
136.125,0,0,,0,
136.375,0,0,,0,
136.625,0,0,,0,
136.875,0,0,,0,
137.125,0,0,,0,
137.375,0,0,,0,
137.625,0,0,,0,
137.875,0,0,,0,
138.125,0,0,,0,
138.375,0,0,,0,
138.625,0,0,,0,
138.875,0,0,,0,
139.125,0,0,,0,
139.375,0,0,,0,
139.625,0,0,,0,
139.875,0,0,,0,
140.125,0,0,,0,
140.375,0,0,,0,
140.625,0,0,,0,
140.875,0,0,,0,
141.125,0,0,,0,
141.375,0,0,,0,
141.625,0,0,,0,
141.875,0,0,,0,
142.125,0,0,,0,
142.375,0,0,,0,
142.625,0,0,,0,
142.875,0,0,,0,
143.125,0,0,,0,
143.375,0,0,,0,
143.625,0,0,,0,
143.875,0,0,,0,
144.125,0,0,,0,
144.375,0,0,,0,
144.625,0,0,,0,
144.875,0,0,,0,
145.125,0,0,,0,
145.375,0,0,,0,
145.625,0,0,,0,
145.875,0,0,,0,
146.125,0,0,,0,
146.375,0,0,,0,
146.625,0,0,,0,
146.875,0,0,,0,
147.125,0,0,,0,
147.375,0,0,,0,
147.625,0,0,,0,
147.875,0,0,,0,
148.125,0,0,,0,
148.375,0,0,,0,
148.625,0,0,,0,
148.875,0,0,,0,
149.125,0,0,,0,
149.375,0,0,,0,
149.625,0,0,,0,
149.875,0,0,,0,
150.125,0,0,,0,
150.375,0,0,,0,
150.625,0,0,,0,
150.875,0,0,,0,
151.125,0,0,,0,
151.375,0,0,,0,
151.625,0,0,,0,
151.875,0,0,,0,
152.125,0,0,,0,
152.375,0,0,,0,
152.625,0,0,,0,
152.875,0,0,,0,
153.125,0,0,,0,
153.375,0,0,,0,
153.625,0,0,,0,
153.875,0,0,,0,
154.125,0,0,,0,
154.375,0,0,,0,
154.625,0,0,,0,
154.875,0,0,,0,
155.125,0,0,,0,
155.375,0,0,,0,
155.625,0,0,,0,
155.875,0,0,,0,
156.125,0,0,,0,
156.375,0,0,,0,
156.625,0,0,,0,
156.875,0,0,,0,
157.125,0,0,,0,
157.375,0,0,,0,
157.625,0,0,,0,
157.875,0,0,,0,
158.125,0,0,,0,
158.375,0,0,,0,
158.625,0,0,,0,
158.875,0,0,,0,
159.125,0,0,,0,
159.375,0,0,,0,
159.625,0,0,,0,
159.875,0,0,,0,
160.125,0,0,,0,
160.375,0,0,,0,
160.625,0,0,,0,
160.875,0,0,,0,
161.125,0,0,,0,
161.375,0,0,,0,
161.625,0,0,,0,
161.875,0,0,,0,
162.125,0,0,,0,
162.375,0,0,,0,
162.625,0,0,,0,
162.875,0,0,,0,
163.125,0,0,,0,
163.375,0,0,,0,
163.625,0,0,,0,
163.875,0,0,,0,
164.125,0,0,,0,
164.375,0,0,,0,
164.625,0,0,,0,
164.875,0,0,,0,
165.125,0,0,,0,
165.375,0,0,,0,
165.625,0,0,,0,
165.875,0,0,,0,
166.125,0,0,,0,
166.375,0,0,,0,
166.625,0,0,,0,
166.875,0,0,,0,
167.125,0,0,,0,
167.375,0,0,,0,
167.625,0,0,,0,
167.875,0,0,,0,
168.125,0,0,,0,
168.375,0,0,,0,
168.625,0,0,,0,
168.875,0,0,,0,
169.125,0,0,,0,
169.375,0,0,,0,
169.625,0,0,,0,
169.875,0,0,,0,
170.125,0,0,,0,
170.375,0,0,,0,
170.625,0,0,,0,
170.875,0,0,,0,
171.125,0,0,,0,
171.375,0,0,,0,
171.625,0,0,,0,
171.875,0,0,,0,
172.125,0,0,,0,
172.375,0,0,,0,
172.625,0,0,,0,
172.875,0,0,,0,
173.125,0,0,,0,
173.375,0,0,,0,
173.625,0,0,,0,
173.875,0,0,,0,
174.125,0,0,,0,
174.375,0,0,,0,
174.625,0,0,,0,
174.875,0,0,,0,
175.125,0,0,,0,
175.375,0,0,,0,
175.625,0,0,,0,
175.875,0,0,,0,
176.125,0,0,,0,
176.375,0,0,,0,
176.625,0,0,,0,
176.875,0,0,,0,
177.125,0,0,,0,
177.375,0,0,,0,
177.625,0,0,,0,
177.875,0,0,,0,
178.125,0,0,,0,
178.375,0,0,,0,
178.625,0,0,,0,
178.875,0,0,,0,
179.125,0,0,,0,
179.375,0,0,,0,
179.625,0,0,,0,
179.875,0,0,,0,
180.125,0,0,,0,
180.375,0,0,,0,
180.625,0,0,,0,
180.875,0,0,,0,
181.125,0,0,,0,
181.375,0,0,,0,
181.625,0,0,,0,
181.875,0,0,,0,
182.125,0,0,,0,
182.375,0,0,,0,
182.625,0,0,,0,
182.875,0,0,,0,
183.125,0,0,,0,
183.375,0,0,,0,
183.625,0,0,,0,
183.875,0,0,,0,
184.125,0,0,,0,
184.375,0,0,,0,
184.625,0,0,,0,
184.875,0,0,,0,
185.125,0,0,,0,
185.375,0,0,,0,
185.625,0,0,,0,
185.875,0,0,,0,
186.125,0,0,,0,
186.375,0,0,,0,
186.625,0,0,,0,
186.875,0,0,,0,
187.125,0,0,,0,
187.375,0,0,,0,
187.625,0,0,,0,
187.875,0,0,,0,
188.125,0,0,,0,
188.375,0,0,,0,
188.625,0,0,,0,
188.875,0,0,,0,
189.125,0,0,,0,
189.375,0,0,,0,
189.625,0,0,,0,
189.875,0,0,,0,
190.125,0,0,,0,
190.375,0,0,,0,
190.625,0,0,,0,
190.875,0,0,,0,
191.125,0,0,,0,
191.375,0,0,,0,
191.625,0,0,,0,
191.875,0,0,,0,
192.125,0,0,,0,
192.375,0,0,,0,
192.625,0,0,,0,
192.875,0,0,,0,
193.125,0,0,,0,
193.375,0,0,,0,
193.625,0,0,,0,
193.875,0,0,,0,
194.125,0,0,,0,
194.375,0,0,,0,
194.625,0,0,,0,
194.875,0,0,,0,
195.125,0,0,,0,
195.375,0,0,,0,
195.625,0,0,,0,
195.875,0,0,,0,
196.125,0,0,,0,
196.375,0,0,,0,
196.625,0,0,,0,
196.875,0,0,,0,
197.125,0,0,,0,
197.375,0,0,,0,
197.625,0,0,,0,
197.875,0,0,,0,
198.125,0,0,,0,
198.375,0,0,,0,
198.625,0,0,,0,
198.875,0,0,,0,
199.125,0,0,,0,
199.375,0,0,,0,
199.625,0,0,,0,
199.875,0,0,,0,
200.125,0,0,,0,
200.375,0,0,,0,
200.625,0,0,,0,
200.875,0,0,,0,
201.125,0,0,,0,
201.375,0,0,,0,
201.625,0,0,,0,
201.875,0,0,,0,
202.125,0,0,,0,
202.375,0,0,,0,
202.625,0,0,,0,
202.875,0,0,,0,
203.125,0,0,,0,
203.375,0,0,,0,
203.625,0,0,,0,
203.875,0,0,,0,
204.125,0,0,,0,
204.375,0,0,,0,
204.625,0,0,,0,
204.875,0,0,,0,
205.125,0,0,,0,
205.375,0,0,,0,
205.625,0,0,,0,
205.875,0,0,,0,
206.125,0,0,,0,
206.375,0,0,,0,
206.625,0,0,,0,
206.875,0,0,,0,
207.125,0,0,,0,
207.375,0,0,,0,
207.625,0,0,,0,
207.875,0,0,,0,
208.125,0,0,,0,
208.375,0,0,,0,
208.625,0,0,,0,
208.875,0,0,,0,
209.125,0,0,,0,
209.375,0,0,,0,
209.625,0,0,,0,
209.875,0,0,,0,
210.125,0,0,,0,
210.375,0,0,,0,
210.625,0,0,,0,
210.875,0,0,,0,
211.125,0,0,,0,
211.375,0,0,,0,
211.625,0,0,,0,
211.875,0,0,,0,
212.125,0,0,,0,
212.375,0,0,,0,
212.625,0,0,,0,
212.875,0,0,,0,
213.125,0,0,,0,
213.375,0,0,,0,
213.625,0,0,,0,
213.875,0,0,,0,
214.125,0,0,,0,
214.375,0,0,,0,
214.625,0,0,,0,
214.875,0,0,,0,
215.125,0,0,,0,
215.375,0,0,,0,
215.625,0,0,,0,
215.875,0,0,,0,
216.125,0,0,,0,
216.375,0,0,,0,
216.625,0,0,,0,
216.875,0,0,,0,
217.125,0,0,,0,
217.375,0,0,,0,
217.625,0,0,,0,
217.875,0,0,,0,
218.125,0,0,,0,
218.375,0,0,,0,
218.625,0,0,,0,
218.875,0,0,,0,
219.125,0,0,,0,
219.375,0,0,,0,
219.625,0,0,,0,
219.875,0,0,,0,
220.125,0,0,,0,
220.375,0,0,,0,
220.625,0,0,,0,
220.875,0,0,,0,
221.125,0,0,,0,
221.375,0,0,,0,
221.625,0,0,,0,
221.875,0,0,,0,
222.125,0,0,,0,
222.375,0,0,,0,
222.625,0,0,,0,
222.875,0,0,,0,
223.125,0,0,,0,
223.375,0,0,,0,
223.625,0,0,,0,
223.875,0,0,,0,
224.125,0,0,,0,
224.375,0,0,,0,
224.625,0,0,,0,
224.875,0,0,,0,
225.125,0,0,,0,
225.375,0,0,,0,
225.625,0,0,,0,
225.875,0,0,,0,
226.125,0,0,,0,
226.375,0,0,,0,
226.625,0,0,,0,
226.875,0,0,,0,
227.125,0,0,,0,
227.375,0,0,,0,
227.625,0,0,,0,
227.875,0,0,,0,
228.125,0,0,,0,
228.375,0,0,,0,
228.625,0,0,,0,
228.875,0,0,,0,
229.125,0,0,,0,
229.375,0,0,,0,
229.625,0,0,,0,
229.875,0,0,,0,
230.125,0,0,,0,
230.375,0,0,,0,
230.625,0,0,,0,
230.875,0,0,,0,
231.125,0,0,,0,
231.375,0,0,,0,
231.625,0,0,,0,
231.875,0,0,,0,
232.125,0,0,,0,
232.375,0,0,,0,
232.625,0,0,,0,
232.875,0,0,,0,
233.125,0,0,,0,
233.375,0,0,,0,
233.625,0,0,,0,
233.875,0,0,,0,
234.125,0,0,,0,
234.375,0,0,,0,
234.625,0,0,,0,
234.875,0,0,,0,
235.125,0,0,,0,
235.375,0,0,,0,
235.625,0,0,,0,
235.875,0,0,,0,
236.125,0,0,,0,
236.375,0,0,,0,
236.625,0,0,,0,
236.875,0,0,,0,
237.125,0,0,,0,
237.375,0,0,,0,
237.625,0,0,,0,
237.875,0,0,,0,
238.125,0,0,,0,
238.375,0,0,,0,
238.625,0,0,,0,
238.875,0,0,,0,
239.125,0,0,,0,
239.375,0,0,,0,
239.625,0,0,,0,
239.875,0,0,,0,
240.125,0,0,,0,
240.375,0,0,,0,
240.625,0,0,,0,
240.875,0,0,,0,
241.125,0,0,,0,
241.375,0,0,,0,
241.625,0,0,,0,
241.875,0,0,,0,
242.125,0,0,,0,
242.375,0,0,,0,
242.625,0,0,,0,
242.875,0,0,,0,
243.125,0,0,,0,
243.375,0,0,,0,
243.625,0,0,,0,
243.875,0,0,,0,
244.125,0,0,,0,
244.375,0,0,,0,
244.625,0,0,,0,
244.875,0,0,,0,
245.125,0,0,,0,
245.375,0,0,,0,
245.625,0,0,,0,
245.875,0,0,,0,
246.125,0,0,,0,
246.375,0,0,,0,
246.625,0,0,,0,
246.875,0,0,,0,
247.125,0,0,,0,
247.375,0,0,,0,
247.625,0,0,,0,
247.875,0,0,,0,
248.125,0,0,,0,
248.375,0,0,,0,
248.625,0,0,,0,
248.875,0,0,,0,
249.125,0,0,,0,
249.375,0,0,,0,
249.625,0,0,,0,
249.875,0,0,,0,
