# z_mm,topas_MeV_per_primary_per_0.5mm,gpu_MeV_per_primary_per_0.5mm
2.500000000000000000e-01,6.145946280618385771e+00,6.365987443536548440e+00
7.500000000000000000e-01,6.319650258788508168e+00,6.369828706413196429e+00
1.250000000000000000e+00,6.375324915210293319e+00,6.385927605759869508e+00
1.750000000000000000e+00,6.401963400824793204e+00,6.410893958421012506e+00
2.250000000000000000e+00,6.413286996015678199e+00,6.392006848756988546e+00
2.750000000000000000e+00,6.419552598112705510e+00,6.396610948974636557e+00
3.250000000000000000e+00,6.413342171110874013e+00,6.402487423974126735e+00
3.750000000000000000e+00,6.415856198263525378e+00,6.402710916239946926e+00
4.250000000000000000e+00,6.413991724264720418e+00,6.412434346454875644e+00
4.750000000000000000e+00,6.416542511965139362e+00,6.410925999324703639e+00
5.250000000000000000e+00,6.417924301108415719e+00,6.426708039184063637e+00
5.750000000000000000e+00,6.420841467703517047e+00,6.434914707946026269e+00
6.250000000000000000e+00,6.422676846437819442e+00,6.426934470279518585e+00
6.750000000000000000e+00,6.425907521952501256e+00,6.417068722117266866e+00
7.250000000000000000e+00,6.431552808581612268e+00,6.411273931381314739e+00
7.750000000000000000e+00,6.429963953665560616e+00,6.404290815037819939e+00
8.250000000000000000e+00,6.431402703650395125e+00,6.425063917665124080e+00
8.750000000000000000e+00,6.428514897035915610e+00,6.408924387281722090e+00
9.250000000000000000e+00,6.429484727547398748e+00,6.407821806360997741e+00
9.750000000000000000e+00,6.430636191738093643e+00,6.425714335099875996e+00
1.025000000000000000e+01,6.429805894988769310e+00,6.424686579712666656e+00
1.075000000000000000e+01,6.429844280977797588e+00,6.416265747671764608e+00
1.125000000000000000e+01,6.433470387823211567e+00,6.430832991024670875e+00
1.175000000000000000e+01,6.434551126131689003e+00,6.458245928082092746e+00
1.225000000000000000e+01,6.438109372493252991e+00,6.445949143007333682e+00
1.275000000000000000e+01,6.436855703668525663e+00,6.443276480196291622e+00
1.325000000000000000e+01,6.437280274991793227e+00,6.401644900949101213e+00
1.375000000000000000e+01,6.435713823098897279e+00,6.389277101842882445e+00
1.425000000000000000e+01,6.438617046408054989e+00,6.394499404707978840e+00
1.475000000000000000e+01,6.438877416851896740e+00,6.403442931048266118e+00
1.525000000000000000e+01,6.441535893350998521e+00,6.421053077913150275e+00
1.575000000000000000e+01,6.444434837153120377e+00,6.411968280269464415e+00
1.625000000000000000e+01,6.440122666021096620e+00,6.410222561817869646e+00
1.675000000000000000e+01,6.445930500807913077e+00,6.403235684280724094e+00
1.725000000000000000e+01,6.446032170894140378e+00,6.417140717329402833e+00
1.775000000000000000e+01,6.445732793967011709e+00,6.432983658162440221e+00
1.825000000000000000e+01,6.450012224798275184e+00,6.423344149043854756e+00
1.875000000000000000e+01,6.449370484381101498e+00,6.424220523215442569e+00
1.925000000000000000e+01,6.449052774999056048e+00,6.412765925468555395e+00
1.975000000000000000e+01,6.451578854781400807e+00,6.409553243816053403e+00
2.025000000000000000e+01,6.453048029480834558e+00,6.390802316544140105e+00
2.075000000000000000e+01,6.448142947841018824e+00,6.416149984300810516e+00
2.125000000000000000e+01,6.451434066953050106e+00,6.465859327164428905e+00
2.175000000000000000e+01,6.451889798587988167e+00,6.447310979637641992e+00
2.225000000000000000e+01,6.452983755320814474e+00,6.435818376621499581e+00
2.275000000000000000e+01,6.459808454971011749e+00,6.429634034921008379e+00
2.325000000000000000e+01,6.453470116252873368e+00,6.437155515830150776e+00
2.375000000000000000e+01,6.454074555861803120e+00,6.432939111954460998e+00
2.425000000000000000e+01,6.451671162050272912e+00,6.443071630701656005e+00
2.475000000000000000e+01,6.454630670735858722e+00,6.432185975531320210e+00
2.525000000000000000e+01,6.453291160370191015e+00,6.441633508128598251e+00
2.575000000000000000e+01,6.458261106915909266e+00,6.445943844310781046e+00
2.625000000000000000e+01,6.462668405799804283e+00,6.436994129288396316e+00
2.675000000000000000e+01,6.464795820831702677e+00,6.438011720544430716e+00
2.725000000000000000e+01,6.464615531544763982e+00,6.460896837191810071e+00
2.775000000000000000e+01,6.455969250356131894e+00,6.466680944511317364e+00
2.825000000000000000e+01,6.458746759843732477e+00,6.461224841360811766e+00
2.875000000000000000e+01,6.458946519814890763e+00,6.455485260883563114e+00
2.925000000000000000e+01,6.461430688749088880e+00,6.454346018497215454e+00
2.975000000000000000e+01,6.463826270501197513e+00,6.458217188276664800e+00
3.025000000000000000e+01,6.466320302930939512e+00,6.460463480450787443e+00
3.075000000000000000e+01,6.466097390342602225e+00,6.439860673730029461e+00
3.125000000000000000e+01,6.470589718554005998e+00,6.446709706670741724e+00
3.175000000000000000e+01,6.470841455412303489e+00,6.441916272823357659e+00
3.225000000000000000e+01,6.467073400548040141e+00,6.437903114975126684e+00
3.275000000000000000e+01,6.468492784114726390e+00,6.454547068735561055e+00
3.325000000000000000e+01,6.467784270230144017e+00,6.466445257654451773e+00
3.375000000000000000e+01,6.467488588071676148e+00,6.463269662219500944e+00
3.425000000000000000e+01,6.470219407636774278e+00,6.455126387708862268e+00
3.475000000000000000e+01,6.474786266259701328e+00,6.452968371535103387e+00
3.525000000000000000e+01,6.474539734415762915e+00,6.467441987381101320e+00
3.575000000000000000e+01,6.475020485490034616e+00,6.457663726000310689e+00
3.625000000000000000e+01,6.479494381091482680e+00,6.445570708358149048e+00
3.675000000000000000e+01,6.484033065587260225e+00,6.439182675764399733e+00
3.725000000000000000e+01,6.486534103955464481e+00,6.434774752556673860e+00
3.775000000000000000e+01,6.493083066396406977e+00,6.440607605149430981e+00
3.825000000000000000e+01,6.490888491851463549e+00,6.451348806900153221e+00
3.875000000000000000e+01,6.490615376541209791e+00,6.468420493267432292e+00
3.925000000000000000e+01,6.491344867520817630e+00,6.454926507298194949e+00
3.975000000000000000e+01,6.498900182447195917e+00,6.466785699473044602e+00
4.025000000000000000e+01,6.489440097207200608e+00,6.463648337778165498e+00
4.075000000000000000e+01,6.499646030163892085e+00,6.446362278743190899e+00
4.125000000000000000e+01,6.500618918195018914e+00,6.449908797524706472e+00
4.175000000000000000e+01,6.499938231597585769e+00,6.458770904015415759e+00
4.225000000000000000e+01,6.504279278049585500e+00,6.483891154031911519e+00
4.275000000000000000e+01,6.508296522352863711e+00,6.519690792824195391e+00
4.325000000000000000e+01,6.509524758825772750e+00,6.505121305107849139e+00
4.375000000000000000e+01,6.512378518181149545e+00,6.507504596966070309e+00
4.425000000000000000e+01,6.509413254128406656e+00,6.503250988318332482e+00
4.475000000000000000e+01,6.509364141992292296e+00,6.468565754111235577e+00
4.525000000000000000e+01,6.510317772789115054e+00,6.478252687860180714e+00
4.575000000000000000e+01,6.515146502938732986e+00,6.469024416100262798e+00
4.625000000000000000e+01,6.516534721998922919e+00,6.477227646795326699e+00
4.675000000000000000e+01,6.517478699703572964e+00,6.477378194304851178e+00
4.725000000000000000e+01,6.521633846663758227e+00,6.485429191511387970e+00
4.775000000000000000e+01,6.524542569307486772e+00,6.500350272924457329e+00
4.825000000000000000e+01,6.527873096589017266e+00,6.485982903258308951e+00
4.875000000000000000e+01,6.526789289114653059e+00,6.501926321228507888e+00
4.925000000000000000e+01,6.520157942391135997e+00,6.503412573733363899e+00
4.975000000000000000e+01,6.526747124614690421e+00,6.509017982740280317e+00
5.025000000000000000e+01,6.528662418120798172e+00,6.495870650624675946e+00
5.075000000000000000e+01,6.529610397110574560e+00,6.510950335054926263e+00
5.125000000000000000e+01,6.530200115363678393e+00,6.518268717373051580e+00
5.175000000000000000e+01,6.539452741738921659e+00,6.539166675996375133e+00
5.225000000000000000e+01,6.550660128162837381e+00,6.527628856990359552e+00
5.275000000000000000e+01,6.550780351689756920e+00,6.531055436302388273e+00
5.325000000000000000e+01,6.550240069541198196e+00,6.533727101268580029e+00
5.375000000000000000e+01,6.552075601366283308e+00,6.537645391027520070e+00
5.425000000000000000e+01,6.557347365684233154e+00,6.525304077977780892e+00
5.475000000000000000e+01,6.555795518856053050e+00,6.548385218168476740e+00
5.525000000000000000e+01,6.557007863276784754e+00,6.557737824628956602e+00
5.575000000000000000e+01,6.559079372556810839e+00,6.563971720220523665e+00
5.625000000000000000e+01,6.559674869890885773e+00,6.538419656804460800e+00
5.675000000000000000e+01,6.568365735631752855e+00,6.548999527552163968e+00
5.725000000000000000e+01,6.570058131966026949e+00,6.559222109627295794e+00
5.775000000000000000e+01,6.576754981935684974e+00,6.539267838803091593e+00
5.825000000000000000e+01,6.575926840393554684e+00,6.545894513992271513e+00
5.875000000000000000e+01,6.577081549933363469e+00,6.572211767914795111e+00
5.925000000000000000e+01,6.585799417309859294e+00,6.584916487752789038e+00
5.975000000000000000e+01,6.590016769449309919e+00,6.556072129658357284e+00
6.025000000000000000e+01,6.592137103755931982e+00,6.566618704881099333e+00
6.075000000000000000e+01,6.592575545840164253e+00,6.579243777873836407e+00
6.125000000000000000e+01,6.595449851533111030e+00,6.580537951039033828e+00
6.175000000000000000e+01,6.603674586497979782e+00,6.574070770311089440e+00
6.225000000000000000e+01,6.598670053279910519e+00,6.571435792110753127e+00
6.275000000000000000e+01,6.611290585197732383e+00,6.586170506233946398e+00
6.325000000000000000e+01,6.605736538062863872e+00,6.594111371876711480e+00
6.375000000000000000e+01,6.613349954235281380e+00,6.600723104058111801e+00
6.425000000000000000e+01,6.619477724848696454e+00,6.590864697239202208e+00
6.475000000000000000e+01,6.621052620736165295e+00,6.585379280513462774e+00
6.525000000000000000e+01,6.622049894389091307e+00,6.597662708101105444e+00
6.575000000000000000e+01,6.622513264628691942e+00,6.620288062184272349e+00
6.625000000000000000e+01,6.628575862150713149e+00,6.622937814131150347e+00
6.675000000000000000e+01,6.633732785140681543e+00,6.619692563950041908e+00
6.725000000000000000e+01,6.635811063179229308e+00,6.626523298711369137e+00
6.775000000000000000e+01,6.643522452792178790e+00,6.618788816289038479e+00
6.825000000000000000e+01,6.647897037415070542e+00,6.625405310322765473e+00
6.875000000000000000e+01,6.650895014731800003e+00,6.629228744829235964e+00
6.925000000000000000e+01,6.656005657114389962e+00,6.614652878531753544e+00
6.975000000000000000e+01,6.658183746448306906e+00,6.641437059246515062e+00
7.025000000000000000e+01,6.663028622409523649e+00,6.630980052072100506e+00
7.075000000000000000e+01,6.666745379875749222e+00,6.631968162219649798e+00
7.125000000000000000e+01,6.667450633932356929e+00,6.653471395483986583e+00
7.175000000000000000e+01,6.671210820032716704e+00,6.666788276520398071e+00
7.225000000000000000e+01,6.680929728755247154e+00,6.668184578806927831e+00
7.275000000000000000e+01,6.682662064711756500e+00,6.666937820438982421e+00
7.325000000000000000e+01,6.688763394377900795e+00,6.664633549342335428e+00
7.375000000000000000e+01,6.692613637836764440e+00,6.651838133658188212e+00
7.425000000000000000e+01,6.701644969637310822e+00,6.690112101264462652e+00
7.475000000000000000e+01,6.702240112287180196e+00,6.691717928281065042e+00
7.525000000000000000e+01,6.703582410343367215e+00,6.679542951902057268e+00
7.575000000000000000e+01,6.709406393648208677e+00,6.662463071867234632e+00
7.625000000000000000e+01,6.713271462836717163e+00,6.679331086222802583e+00
7.675000000000000000e+01,6.713208895376840957e+00,6.689141026630508691e+00
7.725000000000000000e+01,6.724175874822147847e+00,6.695946941715090972e+00
7.775000000000000000e+01,6.730153272821530308e+00,6.699147127464755158e+00
7.825000000000000000e+01,6.731182267215420900e+00,6.704979417660641872e+00
7.875000000000000000e+01,6.734402932980104950e+00,6.732923782055385331e+00
7.925000000000000000e+01,6.742722028039635163e+00,6.715175521534284542e+00
7.975000000000000000e+01,6.752712312061227351e+00,6.715989571888767884e+00
8.025000000000000000e+01,6.756458828899737590e+00,6.719185003576063409e+00
8.075000000000000000e+01,6.762567880573522316e+00,6.710709595436948227e+00
8.125000000000000000e+01,6.770431635485833155e+00,6.711145391756760503e+00
8.175000000000000000e+01,6.768336708423866810e+00,6.731812328046039795e+00
8.225000000000000000e+01,6.773919041147234310e+00,6.741918018729251116e+00
8.275000000000000000e+01,6.783790306685807181e+00,6.740762099673577978e+00
8.325000000000000000e+01,6.789155342292387374e+00,6.765725028984375555e+00
8.375000000000000000e+01,6.795527181444379394e+00,6.773163449978197193e+00
8.425000000000000000e+01,6.799563687562305780e+00,6.773636803939101725e+00
8.475000000000000000e+01,6.812639214506720720e+00,6.781873914605606402e+00
8.525000000000000000e+01,6.811924674255543266e+00,6.803216387273434584e+00
8.575000000000000000e+01,6.816156298639211464e+00,6.797380672154146097e+00
8.625000000000000000e+01,6.821640195676792473e+00,6.803267747920774156e+00
8.675000000000000000e+01,6.824368324498062854e+00,6.826970338014989537e+00
8.725000000000000000e+01,6.834335136042348324e+00,6.833563943983035571e+00
8.775000000000000000e+01,6.842340906409583923e+00,6.821888856811414215e+00
8.825000000000000000e+01,6.850665936572504222e+00,6.808564566236729121e+00
8.875000000000000000e+01,6.856359419026786028e+00,6.832923948845942341e+00
8.925000000000000000e+01,6.857898482602996282e+00,6.821781416958163646e+00
8.975000000000000000e+01,6.870344046257173432e+00,6.807966015779134850e+00
9.025000000000000000e+01,6.877428873700214496e+00,6.823258633823837016e+00
9.075000000000000000e+01,6.882055451303573435e+00,6.844217966165263789e+00
9.125000000000000000e+01,6.896798395461114950e+00,6.827881705627543596e+00
9.175000000000000000e+01,6.897321151985000398e+00,6.823382632848678853e+00
9.225000000000000000e+01,6.910099991870334080e+00,6.872106925629059226e+00
9.275000000000000000e+01,6.917197209283708403e+00,6.866976569569391842e+00
9.325000000000000000e+01,6.920717475644703853e+00,6.872890580427375440e+00
9.375000000000000000e+01,6.926187867885809979e+00,6.870617726164782724e+00
9.425000000000000000e+01,6.935617702621376779e+00,6.869750229088097626e+00
9.475000000000000000e+01,6.943670182379249489e+00,6.894894360438788894e+00
9.525000000000000000e+01,6.953233046472753642e+00,6.897445230164697350e+00
9.575000000000000000e+01,6.956479658430637869e+00,6.902471524844831841e+00
9.625000000000000000e+01,6.963155182952013078e+00,6.932898188042694976e+00
9.675000000000000000e+01,6.973647876838777293e+00,6.957970446601859038e+00
9.725000000000000000e+01,6.986207422495036568e+00,6.946688398961470945e+00
9.775000000000000000e+01,6.990001459277378260e+00,6.974248271453425296e+00
9.825000000000000000e+01,6.996731303582864214e+00,6.963743214479487520e+00
9.875000000000000000e+01,7.011213820058179280e+00,6.949676686102139733e+00
9.925000000000000000e+01,7.018643863283172912e+00,6.991034128673085490e+00
9.975000000000000000e+01,7.030779739588554733e+00,6.965021335131750924e+00
1.002500000000000000e+02,7.037125605170139409e+00,6.975759432951887717e+00
1.007500000000000000e+02,7.050326875393443160e+00,6.996377400219536469e+00
1.012500000000000000e+02,7.055474512113332430e+00,7.018745195871848530e+00
1.017500000000000000e+02,7.060234174869653323e+00,7.024047426313648756e+00
1.022500000000000000e+02,7.079151308355621453e+00,7.041385706621016816e+00
1.027500000000000000e+02,7.086764456439521354e+00,7.028192591277644397e+00
1.032500000000000000e+02,7.101070025656721185e+00,7.061597305625537224e+00
1.037500000000000000e+02,7.105417926767195524e+00,7.063152770478952291e+00
1.042500000000000000e+02,7.121204749120042976e+00,7.083955864912141465e+00
1.047500000000000000e+02,7.133151699486123931e+00,7.085181331593970455e+00
1.052500000000000000e+02,7.141764148709183857e+00,7.084884986003267215e+00
1.057500000000000000e+02,7.152807388997000082e+00,7.102402326016083123e+00
1.062500000000000000e+02,7.160609007858903752e+00,7.092857799751468129e+00
1.067500000000000000e+02,7.179015968882064058e+00,7.130944402414296945e+00
1.072500000000000000e+02,7.184052911762432103e+00,7.144570876274131344e+00
1.077500000000000000e+02,7.196444351006968887e+00,7.132565891253619839e+00
1.082500000000000000e+02,7.214302990154195960e+00,7.169222412303130731e+00
1.087500000000000000e+02,7.221334055895197501e+00,7.162990950010430069e+00
1.092500000000000000e+02,7.231517974983363573e+00,7.187379716115442463e+00
1.097500000000000000e+02,7.238672598351942433e+00,7.206948220746243194e+00
1.102500000000000000e+02,7.255600177260951966e+00,7.206232149045952440e+00
1.107500000000000000e+02,7.270253189863071341e+00,7.247668806823170939e+00
1.112500000000000000e+02,7.283992486627711926e+00,7.246733736300036810e+00
1.117500000000000000e+02,7.299745963768500268e+00,7.257146325629589612e+00
1.122500000000000000e+02,7.314264822918033815e+00,7.273135060786493078e+00
1.127500000000000000e+02,7.320612133590153725e+00,7.295640309781386890e+00
1.132500000000000000e+02,7.340118504567702651e+00,7.310735350352592476e+00
1.137500000000000000e+02,7.352080000154145978e+00,7.316360202686861491e+00
1.142500000000000000e+02,7.368041955683358957e+00,7.316482489832800695e+00
1.147500000000000000e+02,7.382885056496450105e+00,7.359374937274417050e+00
1.152500000000000000e+02,7.399850917512571513e+00,7.380880105093936550e+00
1.157500000000000000e+02,7.417441479668354987e+00,7.392849566181014964e+00
1.162500000000000000e+02,7.425152924401798415e+00,7.397009210225583331e+00
1.167500000000000000e+02,7.443684678884686434e+00,7.406353156278386862e+00
1.172500000000000000e+02,7.459443736399106406e+00,7.422188847710454951e+00
1.177500000000000000e+02,7.472343115858882001e+00,7.430651331402667203e+00
1.182500000000000000e+02,7.495656412057668305e+00,7.447207614314708124e+00
1.187500000000000000e+02,7.515289085737440367e+00,7.461026495706023276e+00
1.192500000000000000e+02,7.523130565797286451e+00,7.496977287820721259e+00
1.197500000000000000e+02,7.542898707645944611e+00,7.514471181630727692e+00
1.202500000000000000e+02,7.555987324338406808e+00,7.547582388370178919e+00
1.207500000000000000e+02,7.575321899199767728e+00,7.533967589977851986e+00
1.212500000000000000e+02,7.598137043152462411e+00,7.583475435764983175e+00
1.217500000000000000e+02,7.618153120250575228e+00,7.607143171334864284e+00
1.222500000000000000e+02,7.634357753106888467e+00,7.598518938813214163e+00
1.227500000000000000e+02,7.656901606397115145e+00,7.629921196391537208e+00
1.232500000000000000e+02,7.671250071947257609e+00,7.661942326107260115e+00
1.237500000000000000e+02,7.698400256664909236e+00,7.661512751033538571e+00
1.242500000000000000e+02,7.712245619749311665e+00,7.698847980034113192e+00
1.247500000000000000e+02,7.733221743205824339e+00,7.702017206371409408e+00
1.252500000000000000e+02,7.753003326510129689e+00,7.754549846923238121e+00
1.257500000000000000e+02,7.767750132072884561e+00,7.722306043405025910e+00
1.262500000000000000e+02,7.795974718151176930e+00,7.750215283194265226e+00
1.267500000000000000e+02,7.819886652834032503e+00,7.763790365649425596e+00
1.272500000000000000e+02,7.834948442037790173e+00,7.788718557020853694e+00
1.277500000000000000e+02,7.856578046013321881e+00,7.809026397572346845e+00
1.282500000000000000e+02,7.887288610607328110e+00,7.817778210875633960e+00
1.287500000000000000e+02,7.903060868245612269e+00,7.866066531569786413e+00
1.292500000000000000e+02,7.924572988486147551e+00,7.865252755796795725e+00
1.297500000000000000e+02,7.954621832534792603e+00,7.892321381814387138e+00
1.302500000000000000e+02,7.983736127219025036e+00,7.925107528406130086e+00
1.307500000000000000e+02,8.010163507749467726e+00,7.958440536890204697e+00
1.312500000000000000e+02,8.032251772705437887e+00,7.975697899168101124e+00
1.317500000000000000e+02,8.067802515167864286e+00,8.002110102352585130e+00
1.322500000000000000e+02,8.100523696814342145e+00,8.041446196235449762e+00
1.327500000000000000e+02,8.119880499183206979e+00,8.076116285593572641e+00
1.332500000000000000e+02,8.146713079527064139e+00,8.103777522798958799e+00
1.337500000000000000e+02,8.178702750731293492e+00,8.173455757684759959e+00
1.342500000000000000e+02,8.206609291446369525e+00,8.184703550945712891e+00
1.347500000000000000e+02,8.237782553195465596e+00,8.231248625011810205e+00
1.352500000000000000e+02,8.266837701082533130e+00,8.241002767946453034e+00
1.357500000000000000e+02,8.301354670651818424e+00,8.273376505531985003e+00
1.362500000000000000e+02,8.327932414881612289e+00,8.307419062409461930e+00
1.367500000000000000e+02,8.368010118799633190e+00,8.345912791599516822e+00
1.372500000000000000e+02,8.400521111044506384e+00,8.362841962180963762e+00
1.377500000000000000e+02,8.438609815157942506e+00,8.386799166184564669e+00
1.382500000000000000e+02,8.469884812617227254e+00,8.431480731057735767e+00
1.387500000000000000e+02,8.509387580630029646e+00,8.485816917018393468e+00
1.392500000000000000e+02,8.552834249008718359e+00,8.525158537518951363e+00
1.397500000000000000e+02,8.583329532890330071e+00,8.565606492796424831e+00
1.402500000000000000e+02,8.623455863195086835e+00,8.629313894168786803e+00
1.407500000000000000e+02,8.657707444846495903e+00,8.669609963116393203e+00
1.412500000000000000e+02,8.698856834861967258e+00,8.688993087754369071e+00
1.417500000000000000e+02,8.741041703332339097e+00,8.721116029280368664e+00
1.422500000000000000e+02,8.782515511841143763e+00,8.752807534207581952e+00
1.427500000000000000e+02,8.832320462591352950e+00,8.821578813824700660e+00
1.432500000000000000e+02,8.877042910406743204e+00,8.842076229570087875e+00
1.437500000000000000e+02,8.921147089092176685e+00,8.878140959443662439e+00
1.442500000000000000e+02,8.974669406849695719e+00,8.928133556689591188e+00
1.447500000000000000e+02,9.023466502212162510e+00,8.967282168731149028e+00
1.452500000000000000e+02,9.071309366861534329e+00,9.011056302638777993e+00
1.457500000000000000e+02,9.126993426042968593e+00,9.067591264393822570e+00
1.462500000000000000e+02,9.174151953536053838e+00,9.125216755462204787e+00
1.467500000000000000e+02,9.234697299930255454e+00,9.206585855878866909e+00
1.472500000000000000e+02,9.290510282427408839e+00,9.271426303499715971e+00
1.477500000000000000e+02,9.351137672747293905e+00,9.331380955841112268e+00
1.482500000000000000e+02,9.415889692267338518e+00,9.381546707061104939e+00
1.487500000000000000e+02,9.470228183087964879e+00,9.425214548401674719e+00
1.492500000000000000e+02,9.522228781623836014e+00,9.500870342688664039e+00
1.497500000000000000e+02,9.584396414903189054e+00,9.582808206175918997e+00
1.502500000000000000e+02,9.651377767128600738e+00,9.658839089579181802e+00
1.507500000000000000e+02,9.712296901925318693e+00,9.771215717314007065e+00
1.512500000000000000e+02,9.783351154683574080e+00,9.766485050717875538e+00
1.517500000000000000e+02,9.861331344497960671e+00,9.833400497781781269e+00
1.522500000000000000e+02,9.931472960304230213e+00,9.880866592786688329e+00
1.527500000000000000e+02,1.000165989919080545e+01,9.935320644220457353e+00
1.532500000000000000e+02,1.007678407467954429e+01,9.998310600994704700e+00
1.537500000000000000e+02,1.016909561388979100e+01,1.008488890917458569e+01
1.542500000000000000e+02,1.025516651662786316e+01,1.016840768640854265e+01
1.547500000000000000e+02,1.032931936479709023e+01,1.028791261662500567e+01
1.552500000000000000e+02,1.042027031015414096e+01,1.036692147687516474e+01
1.557500000000000000e+02,1.050899723445129119e+01,1.050108753245793913e+01
1.562500000000000000e+02,1.060979170314428899e+01,1.060278474348805844e+01
1.567500000000000000e+02,1.070469375188102035e+01,1.069061695144418778e+01
1.572500000000000000e+02,1.078381464307650361e+01,1.079191826094403339e+01
1.577500000000000000e+02,1.088773709045447191e+01,1.089404477136796245e+01
1.582500000000000000e+02,1.100080293048021929e+01,1.101357798790386688e+01
1.587500000000000000e+02,1.112473873148428893e+01,1.110592065719898081e+01
1.592500000000000000e+02,1.124455597274270424e+01,1.123676454566137650e+01
1.597500000000000000e+02,1.137437155614318840e+01,1.133171514637099619e+01
1.602500000000000000e+02,1.149540307990038812e+01,1.146552684661308064e+01
1.607500000000000000e+02,1.163893948591901406e+01,1.157600187648164436e+01
1.612500000000000000e+02,1.179670369581258882e+01,1.178064691177925027e+01
1.617500000000000000e+02,1.195451741805428725e+01,1.194568053076510061e+01
1.622500000000000000e+02,1.213523577087058314e+01,1.209721699109640269e+01
1.627500000000000000e+02,1.232395912550016703e+01,1.227108954478489444e+01
1.632500000000000000e+02,1.252627370996999545e+01,1.245674756927625104e+01
1.637500000000000000e+02,1.272976839605518151e+01,1.266340074565607132e+01
1.642500000000000000e+02,1.297090408076624257e+01,1.290398340832098256e+01
1.647500000000000000e+02,1.323151196888975889e+01,1.313761324531394514e+01
1.652500000000000000e+02,1.351100267140966338e+01,1.341697822961696573e+01
1.657500000000000000e+02,1.385101701012044373e+01,1.379126357608199882e+01
1.662500000000000000e+02,1.422339506585598379e+01,1.413802821691563416e+01
1.667500000000000000e+02,1.463633375999473785e+01,1.457320212176240481e+01
1.672500000000000000e+02,1.510639266479126697e+01,1.503296108299469047e+01
1.677500000000000000e+02,1.566686529040220321e+01,1.560620411467194302e+01
1.682500000000000000e+02,1.636191611632185072e+01,1.630735100572261231e+01
1.687500000000000000e+02,1.717373595917057116e+01,1.714436023313264457e+01
1.692500000000000000e+02,1.820500805572824277e+01,1.817809880686800739e+01
1.697500000000000000e+02,1.963563764256255695e+01,1.962754734519468514e+01
1.702500000000000000e+02,2.172988506447045154e+01,2.185492965137444088e+01
1.707500000000000000e+02,2.521021291687726418e+01,2.562458296477004183e+01
1.712500000000000000e+02,3.050625596735314105e+01,3.101436420753785939e+01
1.717500000000000000e+02,3.230757766699604616e+01,3.177896839599841883e+01
1.722500000000000000e+02,2.233403816540005948e+01,2.072651489486776910e+01
1.727500000000000000e+02,9.228935231002660444e+00,7.973135766228983456e+00
1.732500000000000000e+02,3.523379130489338706e+00,3.233436602031616314e+00
1.737500000000000000e+02,2.570638815964772839e+00,2.539573071861112474e+00
1.742500000000000000e+02,2.480076647396851186e+00,2.487184949807826229e+00
1.747500000000000000e+02,2.443414258927806060e+00,2.467443259006732781e+00
1.752500000000000000e+02,2.414521407534560460e+00,2.451269146839672786e+00
1.757500000000000000e+02,2.383830824513977653e+00,2.403951894530480082e+00
1.762500000000000000e+02,2.358008119001413494e+00,2.376414218502268749e+00
1.767500000000000000e+02,2.335212394506861244e+00,2.331179793101457065e+00
1.772500000000000000e+02,2.310743896580942369e+00,2.293278026921989010e+00
1.777500000000000000e+02,2.288764210120052489e+00,2.255629805847514824e+00
1.782500000000000000e+02,2.271936245417795597e+00,2.217563198826784543e+00
1.787500000000000000e+02,2.246820063624177521e+00,2.206325163979008686e+00
1.792500000000000000e+02,2.223044547980983499e+00,2.228091532203085201e+00
1.797500000000000000e+02,2.191707165400200275e+00,2.185383168336506365e+00
1.802500000000000000e+02,2.183447922011764852e+00,2.172075947493246506e+00
1.807500000000000000e+02,2.170766975240882246e+00,2.142821117453182822e+00
1.812500000000000000e+02,2.150107957771708378e+00,2.136334017208954883e+00
1.817500000000000000e+02,2.123556125542511275e+00,2.116085385345086500e+00
1.822500000000000000e+02,2.109554660782788194e+00,2.109953961802446987e+00
1.827500000000000000e+02,2.103002005847969258e+00,2.102268542152876840e+00
1.832500000000000000e+02,2.077643492958435978e+00,2.105298254563498617e+00
1.837500000000000000e+02,2.062170652620347155e+00,2.067367507748071542e+00
1.842500000000000000e+02,2.046531915144327307e+00,2.063923722867669230e+00
1.847500000000000000e+02,2.036217704929858208e+00,2.032431527983345809e+00
1.852500000000000000e+02,2.024506382841545715e+00,2.018438640084398994e+00
1.857500000000000000e+02,2.006147744923489462e+00,1.969872593993691190e+00
1.862500000000000000e+02,1.991615550528574641e+00,1.970734598867511567e+00
1.867500000000000000e+02,1.978265504463137647e+00,1.962284881643545198e+00
1.872500000000000000e+02,1.965750099525831462e+00,1.958300049744381877e+00
1.877500000000000000e+02,1.952695429363325630e+00,1.931167380911083864e+00
1.882500000000000000e+02,1.935543708598969292e+00,1.944008547366353534e+00
1.887500000000000000e+02,1.926980967409117618e+00,1.930377476175539453e+00
1.892500000000000000e+02,1.910770593897462177e+00,1.923340340794041481e+00
1.897500000000000000e+02,1.896438918360616732e+00,1.900073572232462649e+00
1.902500000000000000e+02,1.878571907882647274e+00,1.889848073595669309e+00
1.907500000000000000e+02,1.868464186875677724e+00,1.854174185611092041e+00
1.912500000000000000e+02,1.851870634841367380e+00,1.837415953450677097e+00
1.917500000000000000e+02,1.845724282839438901e+00,1.822981716851244771e+00
1.922500000000000000e+02,1.828683349413597892e+00,1.821539969965494610e+00
1.927500000000000000e+02,1.817417584728423963e+00,1.797812331060535840e+00
1.932500000000000000e+02,1.801243526768433911e+00,1.782681667022143701e+00
1.937500000000000000e+02,1.793565454975668771e+00,1.758428740019729375e+00
1.942500000000000000e+02,1.780673847372837404e+00,1.731731901146860153e+00
1.947500000000000000e+02,1.765137634257815780e+00,1.712352700907762593e+00
1.952500000000000000e+02,1.752666618060458870e+00,1.676816703670501063e+00
1.957500000000000000e+02,1.746588186404075760e+00,1.685926101066503868e+00
1.962500000000000000e+02,1.731141922160476465e+00,1.661067194815377013e+00
1.967500000000000000e+02,1.718906914910640182e+00,1.664384696171602007e+00
1.972500000000000000e+02,1.711189958250828536e+00,1.638663938743769366e+00
1.977500000000000000e+02,1.696216570052573980e+00,1.626611870700205742e+00
1.982500000000000000e+02,1.677582592998995814e+00,1.632658052419485140e+00
1.987500000000000000e+02,1.670521466301770452e+00,1.634384980930297937e+00
1.992500000000000000e+02,1.664135270308371606e+00,1.641231092475475162e+00
1.997500000000000000e+02,1.654170773318202947e+00,1.639679353635794534e+00
2.002500000000000000e+02,1.646297991355264223e+00,1.616938904209740624e+00
2.007500000000000000e+02,1.633100338821773523e+00,1.597141946797694834e+00
2.012500000000000000e+02,1.620062748319534895e+00,1.608808792032531798e+00
2.017500000000000000e+02,1.611077135847637898e+00,1.611435692336580905e+00
2.022500000000000000e+02,1.601129972318120043e+00,1.587367960714564763e+00
2.027500000000000000e+02,1.593469600098941008e+00,1.580507929761915786e+00
2.032500000000000000e+02,1.579338347020539324e+00,1.582479589669359754e+00
2.037500000000000000e+02,1.566248089229399509e+00,1.564897482990694977e+00
2.042500000000000000e+02,1.557021949274996375e+00,1.555160334476328510e+00
2.047500000000000000e+02,1.552638678185609411e+00,1.531269737348317284e+00
2.052500000000000000e+02,1.545073251814838677e+00,1.500837030070545364e+00
2.057500000000000000e+02,1.532387149900553247e+00,1.487263740442146265e+00
2.062500000000000000e+02,1.518125660616278516e+00,1.493308407667516491e+00
2.067500000000000000e+02,1.505118915515934575e+00,1.487512105983784139e+00
2.072500000000000000e+02,1.494799735807572194e+00,1.470182947095669324e+00
2.077500000000000000e+02,1.485785311817491738e+00,1.466946933346972237e+00
2.082500000000000000e+02,1.481493279175535527e+00,1.452516271785297741e+00
2.087500000000000000e+02,1.469020218543624967e+00,1.461014655416826180e+00
2.092500000000000000e+02,1.463894417928045755e+00,1.463665000109064529e+00
2.097500000000000000e+02,1.450027481720197908e+00,1.447551000335811189e+00
2.102500000000000000e+02,1.447920364434906570e+00,1.416033235640401955e+00
2.107500000000000000e+02,1.449413093737101921e+00,1.408254557349206681e+00
2.112500000000000000e+02,1.433355288723120680e+00,1.403417506698221739e+00
2.117500000000000000e+02,1.425112944662116021e+00,1.398408076786228360e+00
2.122500000000000000e+02,1.413839812451554767e+00,1.389003073935776822e+00
2.127500000000000000e+02,1.406873090510528446e+00,1.388924027715677134e+00
2.132500000000000000e+02,1.399322377074040835e+00,1.370639300226002666e+00
2.137500000000000000e+02,1.391618659150265058e+00,1.379007724243602961e+00
2.142500000000000000e+02,1.378710398553615324e+00,1.363712308382544203e+00
2.147500000000000000e+02,1.370890162122881062e+00,1.363279322575923214e+00
2.152500000000000000e+02,1.366944836709340638e+00,1.353901237780498423e+00
2.157500000000000000e+02,1.365288209757803628e+00,1.348631450794011588e+00
2.162500000000000000e+02,1.352421528395128414e+00,1.351595927436030964e+00
2.167500000000000000e+02,1.348198339153442227e+00,1.365059019062373480e+00
2.172500000000000000e+02,1.344236532212458979e+00,1.334101994654701251e+00
2.177500000000000000e+02,1.332079470305683300e+00,1.324391702220418132e+00
2.182500000000000000e+02,1.334023471923425630e+00,1.308034615628665742e+00
2.187500000000000000e+02,1.325342010705155893e+00,1.297593650896152528e+00
2.192500000000000000e+02,1.312323112912497480e+00,1.274824356451434992e+00
2.197500000000000000e+02,1.304048852372165390e+00,1.283386428944310875e+00
2.202500000000000000e+02,1.298784787770813631e+00,1.282897648257479206e+00
2.207500000000000000e+02,1.301714386593844086e+00,1.261175130729016436e+00
2.212500000000000000e+02,1.286020704756865030e+00,1.268839034872093707e+00
2.217500000000000000e+02,1.280518389125179457e+00,1.250106038021615129e+00
2.222500000000000000e+02,1.272299092520892350e+00,1.234214452363243453e+00
2.227500000000000000e+02,1.273020668504450725e+00,1.227227683890181886e+00
2.232500000000000000e+02,1.261698989903562884e+00,1.213550088470194410e+00
2.237500000000000000e+02,1.257589865717177346e+00,1.231469503031513923e+00
2.242500000000000000e+02,1.247554944124624754e+00,1.222994543218535846e+00
2.247500000000000000e+02,1.242346778316229194e+00,1.234336255272783678e+00
2.252500000000000000e+02,1.238719040542005434e+00,1.220002603262245300e+00
2.257500000000000000e+02,1.228035159329704751e+00,1.204199275921620460e+00
2.262500000000000000e+02,1.223514959042027339e+00,1.201003898282365423e+00
2.267500000000000000e+02,1.220970822655618626e+00,1.203037147933728068e+00
2.272500000000000000e+02,1.214153986847739120e+00,1.184874047981081979e+00
2.277500000000000000e+02,1.212348320410256974e+00,1.177385198228977359e+00
2.282500000000000000e+02,1.206903850039075188e+00,1.183083640624046584e+00
2.287500000000000000e+02,1.203308547981412957e+00,1.173034266055250630e+00
2.292500000000000000e+02,1.199194268375829875e+00,1.177098845304572317e+00
2.297500000000000000e+02,1.193143156770577473e+00,1.164174551606197205e+00
2.302500000000000000e+02,1.189660972676368722e+00,1.164096320863176270e+00
2.307500000000000000e+02,1.182417482221485017e+00,1.154944886871986931e+00
2.312500000000000000e+02,1.174453692569964680e+00,1.148750494136250078e+00
2.317500000000000000e+02,1.173108314772320027e+00,1.158084494039593348e+00
2.322500000000000000e+02,1.171696613728905545e+00,1.143816789576918014e+00
2.327500000000000000e+02,1.161578576190064327e+00,1.140016152707192809e+00
2.332500000000000000e+02,1.159328950812347658e+00,1.137044413152648703e+00
2.337500000000000000e+02,1.156799622926577786e+00,1.132764698170445339e+00
2.342500000000000000e+02,1.149527859787562001e+00,1.135477395914599619e+00
2.347500000000000000e+02,1.148409152931764599e+00,1.137175314449111019e+00
2.352500000000000000e+02,1.140514899411711358e+00,1.136320157028630984e+00
2.357500000000000000e+02,1.138338867230866303e+00,1.130200963971561112e+00
2.362500000000000000e+02,1.135197101813125276e+00,1.141153023238443476e+00
2.367500000000000000e+02,1.136498522405577027e+00,1.119809241864268667e+00
2.372500000000000000e+02,1.127520238281342735e+00,1.128759934360020978e+00
2.377500000000000000e+02,1.121892522258881364e+00,1.099472028231802234e+00
2.382500000000000000e+02,1.116390961132562420e+00,1.100949174268038400e+00
2.387500000000000000e+02,1.112994318531547400e+00,1.078672195089783958e+00
2.392500000000000000e+02,1.116857072189277877e+00,1.080681939594533958e+00
2.397500000000000000e+02,1.111949324201317646e+00,1.076327962842694275e+00
2.402500000000000000e+02,1.104311984983643136e+00,1.086155142803436613e+00
2.407500000000000000e+02,1.097475438263880054e+00,1.083751060326775040e+00
2.412500000000000000e+02,1.094307672373636464e+00,1.071179490746092977e+00
2.417500000000000000e+02,1.091576348155266274e+00,1.076685149024324772e+00
2.422500000000000000e+02,1.088680838526086658e+00,1.073090626126069758e+00
2.427500000000000000e+02,1.082561492555159877e+00,1.079045333413098051e+00
2.432500000000000000e+02,1.081180616862892574e+00,1.077852655607453913e+00
2.437500000000000000e+02,1.079257659803035008e+00,1.085740826062950859e+00
2.442500000000000000e+02,1.070260719561507479e+00,1.074534114290058406e+00
2.447500000000000000e+02,1.068029387295771793e+00,1.074730349427105658e+00
2.452500000000000000e+02,1.065893854909593319e+00,1.085890813914852426e+00
2.457500000000000000e+02,1.064787522115892227e+00,1.074201660122055646e+00
2.462500000000000000e+02,1.054263180195039507e+00,1.072381228556960941e+00
2.467500000000000000e+02,1.052558495414086970e+00,1.059999967016195255e+00
2.472500000000000000e+02,1.045034328053153105e+00,1.054886298330150574e+00
2.477500000000000000e+02,1.045403862653129456e+00,1.059028037770691100e+00
2.482500000000000000e+02,1.042668954014969396e+00,1.045267164241298952e+00
2.487500000000000000e+02,1.036676649206876633e+00,1.029661386145281909e+00
2.492500000000000000e+02,1.032437925634948073e+00,1.021925252822218688e+00
2.497500000000000000e+02,1.028768383858390312e+00,1.028333865096573874e+00
2.502500000000000000e+02,1.028674691782490491e+00,1.015769689035323609e+00
2.507500000000000000e+02,1.021639975423330515e+00,1.017455207202122125e+00
2.512500000000000000e+02,1.018674244362283599e+00,1.012046682147328180e+00
2.517500000000000000e+02,1.015665110710949337e+00,1.016815490263435873e+00
2.522500000000000000e+02,1.011962268926042796e+00,1.004332242533794162e+00
2.527500000000000000e+02,1.008134211993590101e+00,9.962702469935719174e-01
2.532500000000000000e+02,1.001937820919006850e+00,9.868991030424928423e-01
2.537500000000000000e+02,1.002115306040205045e+00,9.797285431814642953e-01
2.542500000000000000e+02,1.000516640763284837e+00,9.868214913023637402e-01
2.547500000000000000e+02,9.996468962777260714e-01,9.736556840089025666e-01
2.552500000000000000e+02,9.943936217578255299e-01,9.812864540603194463e-01
2.557500000000000000e+02,9.875292451777919478e-01,9.633367951588216460e-01
2.562500000000000000e+02,9.855650737543958373e-01,9.583427749255857275e-01
2.567500000000000000e+02,9.825734167807541608e-01,9.532344421416658609e-01
2.572500000000000000e+02,9.772456925904589031e-01,9.733501062191940445e-01
2.577500000000000000e+02,9.743942757112928899e-01,9.590112093114426806e-01
2.582500000000000000e+02,9.726982515268638441e-01,9.484222725153608202e-01
2.587500000000000000e+02,9.697613317988884596e-01,9.427759437961498179e-01
2.592500000000000000e+02,9.662743974399704561e-01,9.489919349617218503e-01
2.597500000000000000e+02,9.655974018644317702e-01,9.406860746324758882e-01
2.602500000000000000e+02,9.608798807463904135e-01,9.224374916518688350e-01
2.607500000000000000e+02,9.588386377825461881e-01,9.190148008697850424e-01
2.612500000000000000e+02,9.547238066382260913e-01,9.284536840786921097e-01
2.617500000000000000e+02,9.536298802767460003e-01,9.289943063297235737e-01
2.622500000000000000e+02,9.499269825752822971e-01,9.284112133299996517e-01
2.627500000000000000e+02,9.422500202196354424e-01,9.178896566856533656e-01
2.632500000000000000e+02,9.391301818252447697e-01,9.255795845278196321e-01
2.637500000000000000e+02,9.369914295585056729e-01,9.063243469528146079e-01
2.642500000000000000e+02,9.315600164316064635e-01,9.081276907133130072e-01
2.647500000000000000e+02,9.248092456984211562e-01,8.984086078690105559e-01
2.652500000000000000e+02,9.224980951979713240e-01,9.053838075192994772e-01
2.657500000000000000e+02,9.215439984323114953e-01,8.979777573488444409e-01
2.662500000000000000e+02,9.161409861343372540e-01,8.870415957969328691e-01
2.667500000000000000e+02,9.125189603382175552e-01,8.798043887924327233e-01
2.672500000000000000e+02,9.134601431811777417e-01,8.837311982761119067e-01
2.677500000000000000e+02,9.114427612744370188e-01,8.928416734208646233e-01
2.682500000000000000e+02,9.078960453861419921e-01,8.924472210851553955e-01
2.687500000000000000e+02,9.037953745923976712e-01,8.906086051419077609e-01
2.692500000000000000e+02,8.996857904233145353e-01,8.868942567086974815e-01
2.697500000000000000e+02,8.951091360708189892e-01,8.892211248761257014e-01
2.702500000000000000e+02,8.931061773769098933e-01,8.669348712166156101e-01
2.707500000000000000e+02,8.867818616004881083e-01,8.674591098450186166e-01
2.712500000000000000e+02,8.853418190365844875e-01,8.661230047821250055e-01
2.717500000000000000e+02,8.850462467342736783e-01,8.646615636415087014e-01
2.722500000000000000e+02,8.787336057275709766e-01,8.654577771342806258e-01
2.727500000000000000e+02,8.725704278675977532e-01,8.533471520507573960e-01
2.732500000000000000e+02,8.713700887924018534e-01,8.551554863678786367e-01
2.737500000000000000e+02,8.711248318742392804e-01,8.582901894304313384e-01
2.742500000000000000e+02,8.709231624056572585e-01,8.508594655173735699e-01
2.747500000000000000e+02,8.664037024735702364e-01,8.432266815377050806e-01
2.752500000000000000e+02,8.645726233673767247e-01,8.351080091093813218e-01
2.757500000000000000e+02,8.626284024704273801e-01,8.331922805638510843e-01
2.762500000000000000e+02,8.601930854975412544e-01,8.342816867085620647e-01
2.767500000000000000e+02,8.546929205264235385e-01,8.314090233875587321e-01
2.772500000000000000e+02,8.527474217397525980e-01,8.284114092714952582e-01
2.777500000000000000e+02,8.455128067417114757e-01,8.405319551073944240e-01
2.782500000000000000e+02,8.448346023982091779e-01,8.358628688356719572e-01
2.787500000000000000e+02,8.422805444127741126e-01,8.303426794902609709e-01
2.792500000000000000e+02,8.372996232458869148e-01,8.158525096098614426e-01
2.797500000000000000e+02,8.343818025373175296e-01,8.240072418655581821e-01
2.802500000000000000e+02,8.300368852663835284e-01,8.237755919668605653e-01
2.807500000000000000e+02,8.294057208624383559e-01,8.249394632141537897e-01
2.812500000000000000e+02,8.217352725134307034e-01,8.230967311902258610e-01
2.817500000000000000e+02,8.220879948797573666e-01,8.165554108728753091e-01
2.822500000000000000e+02,8.170746948826435041e-01,8.273245429381622662e-01
2.827500000000000000e+02,8.161149232840645418e-01,8.109018352984255218e-01
2.832500000000000000e+02,8.130231285818140252e-01,8.189569138772301304e-01
2.837500000000000000e+02,8.115021911632969154e-01,8.042729013735756549e-01
2.842500000000000000e+02,8.027383638887425343e-01,8.182793513328994184e-01
2.847500000000000000e+02,8.023533504316211484e-01,7.983999552414089429e-01
2.852500000000000000e+02,8.007563924221359208e-01,7.983571244447443815e-01
2.857500000000000000e+02,7.991336700376079349e-01,7.897292467353073109e-01
2.862500000000000000e+02,7.951226028800396639e-01,7.860303137935169548e-01
2.867500000000000000e+02,7.944223482146915982e-01,7.865960939440683752e-01
2.872500000000000000e+02,7.922602070257684925e-01,7.778678377093375396e-01
2.877500000000000000e+02,7.876315801419644380e-01,7.780376337872400017e-01
2.882500000000000000e+02,7.852248187757582265e-01,7.673009995564248342e-01
2.887500000000000000e+02,7.805670891506062414e-01,7.561259615984025073e-01
2.892500000000000000e+02,7.795170680729268664e-01,7.525705898964657470e-01
2.897500000000000000e+02,7.794648167878623912e-01,7.592402483339539820e-01
2.902500000000000000e+02,7.730388512605090856e-01,7.472658653482500135e-01
2.907500000000000000e+02,7.716295538767458106e-01,7.465773204671903862e-01
2.912500000000000000e+02,7.706681226632785542e-01,7.335342083971523319e-01
2.917500000000000000e+02,7.671632317092327291e-01,7.423965072296031531e-01
2.922500000000000000e+02,7.682090092691969963e-01,7.495882579499288934e-01
2.927500000000000000e+02,7.638500563846906122e-01,7.397846056208623455e-01
2.932500000000000000e+02,7.575372583325090670e-01,7.334417515133596632e-01
2.937500000000000000e+02,7.545022256685740558e-01,7.334196940109520835e-01
2.942500000000000000e+02,7.544295001541956314e-01,7.381474194614573436e-01
2.947500000000000000e+02,7.457625145798391086e-01,7.262363100025611695e-01
2.952500000000000000e+02,7.432500610274805908e-01,7.181749545886160213e-01
2.957500000000000000e+02,7.415304953581860481e-01,7.188161545526874363e-01
2.962500000000000000e+02,7.407478100246264185e-01,7.168415237417034014e-01
2.967500000000000000e+02,7.363766532882967120e-01,7.179887209717622509e-01
2.972500000000000000e+02,7.308231170101834318e-01,7.212533769318776322e-01
2.977500000000000000e+02,7.320642766285621050e-01,7.070150138275834717e-01
2.982500000000000000e+02,7.294489982680735229e-01,7.055439261191449596e-01
2.987500000000000000e+02,7.269496195629172597e-01,7.123990256299677082e-01
2.992500000000000000e+02,7.261452953286193779e-01,7.001492379539198119e-01
2.997500000000000000e+02,7.191688793621151543e-01,7.003241805820804577e-01
3.002500000000000000e+02,7.202123969160374450e-01,6.957177570844261805e-01
3.007500000000000000e+02,7.163916153227204431e-01,7.003226198629077803e-01
3.012500000000000000e+02,7.146379496219192884e-01,6.907538973899829404e-01
3.017500000000000000e+02,7.145521476330929378e-01,6.965031167944299995e-01
3.022500000000000000e+02,7.114137740827267686e-01,6.904139250901278890e-01
3.027500000000000000e+02,7.091061187551456202e-01,6.835555465624596483e-01
3.032500000000000000e+02,7.051488619726752338e-01,6.772663539735043203e-01
3.037500000000000000e+02,7.027620371470080229e-01,6.789094254906204995e-01
3.042500000000000000e+02,6.977442412703644958e-01,6.760710145266111137e-01
3.047500000000000000e+02,6.943422027148319353e-01,6.758069312090606573e-01
3.052500000000000000e+02,6.908943661281627957e-01,6.619507041366679001e-01
3.057500000000000000e+02,6.898119690422546135e-01,6.688980092663294741e-01
3.062500000000000000e+02,6.882937283139638485e-01,6.628266533904703106e-01
3.067500000000000000e+02,6.826538916823059466e-01,6.493201602642877379e-01
3.072500000000000000e+02,6.809976256854208820e-01,6.508404063149675345e-01
3.077500000000000000e+02,6.774214196142070987e-01,6.407141483975153928e-01
3.082500000000000000e+02,6.768601828819380550e-01,6.357711260052982816e-01
3.087500000000000000e+02,6.738117302959705235e-01,6.357559954384499612e-01
3.092500000000000000e+02,6.730356008482241137e-01,6.376522543058991133e-01
3.097500000000000000e+02,6.678620025073784827e-01,6.293991840737060972e-01
3.102500000000000000e+02,6.701212773221032482e-01,6.330055017094617931e-01
3.107500000000000000e+02,6.645481319766231021e-01,6.392929164219833815e-01
3.112500000000000000e+02,6.604441883022095228e-01,6.281053131705178760e-01
3.117500000000000000e+02,6.585152219314136524e-01,6.272060899363589570e-01
3.122500000000000000e+02,6.550164732498999776e-01,6.277055124909264316e-01
3.127500000000000000e+02,6.556937281762589276e-01,6.214644796926325210e-01
3.132500000000000000e+02,6.531138021320163078e-01,6.145863515939848920e-01
3.137500000000000000e+02,6.526661354901215351e-01,6.123547735699157446e-01
3.142500000000000000e+02,6.455078056317209434e-01,6.227252059762071745e-01
3.147500000000000000e+02,6.416415990488388843e-01,6.168578696239761516e-01
3.152500000000000000e+02,6.397291856704330204e-01,6.009930267967729112e-01
3.157500000000000000e+02,6.407261692858210456e-01,6.035238759305004974e-01
3.162500000000000000e+02,6.406005302341692964e-01,5.957472430266235186e-01
3.167500000000000000e+02,6.364698257112293422e-01,6.002743309402485128e-01
3.172500000000000000e+02,6.343986061437636437e-01,5.923085106090572038e-01
3.177500000000000000e+02,6.290739128043617567e-01,5.981124017063415010e-01
3.182500000000000000e+02,6.285786036170145641e-01,5.933545215371235360e-01
3.187500000000000000e+02,6.231832381481468008e-01,5.927700569310544454e-01
3.192500000000000000e+02,6.242569204610423084e-01,5.937733079968068317e-01
3.197500000000000000e+02,6.202437621042302673e-01,5.896086068653225709e-01
3.202500000000000000e+02,6.174627977701698800e-01,5.804422423577475509e-01
3.207500000000000000e+02,6.177349938258391848e-01,5.768592643793040153e-01
3.212500000000000000e+02,6.169037871311807697e-01,5.735465300225879304e-01
3.217500000000000000e+02,6.125604564467445057e-01,5.708152466118519008e-01
3.222500000000000000e+02,6.094047265594335627e-01,5.708517289319856580e-01
3.227500000000000000e+02,6.078426380158671316e-01,5.740913171767020318e-01
3.232500000000000000e+02,6.040674210698502300e-01,5.730543898719779872e-01
3.237500000000000000e+02,6.020964684603005157e-01,5.712781514756506418e-01
3.242500000000000000e+02,5.999211494967462421e-01,5.541229637069773339e-01
3.247500000000000000e+02,5.950428177421721587e-01,5.727549963140611267e-01
3.252500000000000000e+02,5.950939833635552345e-01,5.562756860700059924e-01
3.257500000000000000e+02,5.915698125412918174e-01,5.679752673841498289e-01
3.262500000000000000e+02,5.886949571277604321e-01,5.650095834436188458e-01
3.267500000000000000e+02,5.848844354544466828e-01,5.468097425611806450e-01
3.272500000000000000e+02,5.853688182728826739e-01,5.538300628939014647e-01
3.277500000000000000e+02,5.821472726557987976e-01,5.485342532285494288e-01
3.282500000000000000e+02,5.785842525047262264e-01,5.465170614242496061e-01
3.287500000000000000e+02,5.789275636949953174e-01,5.588300111240542822e-01
3.292500000000000000e+02,5.755090465154015789e-01,5.500032067814291104e-01
3.297500000000000000e+02,5.736795925073496782e-01,5.456763101864641197e-01
3.302500000000000000e+02,5.733067080661542469e-01,5.536456737740900191e-01
3.307500000000000000e+02,5.698472992162504358e-01,5.491468361465543513e-01
3.312500000000000000e+02,5.657866594078099221e-01,5.425906749883676605e-01
3.317500000000000000e+02,5.646662331126275358e-01,5.435048700683100531e-01
3.322500000000000000e+02,5.613128543911914958e-01,5.433668818891683738e-01
3.327500000000000000e+02,5.609630828697722560e-01,5.279828663083597773e-01
3.332500000000000000e+02,5.555498348609733128e-01,5.403386164813703818e-01
3.337500000000000000e+02,5.536522937525993893e-01,5.220324142401566725e-01
3.342500000000000000e+02,5.522987415159588132e-01,5.217805237590511513e-01
3.347500000000000000e+02,5.488887423627226703e-01,5.085533324497671925e-01
3.352500000000000000e+02,5.512008492787799918e-01,5.189975670917603701e-01
3.357500000000000000e+02,5.456290995168933122e-01,5.105283510013560733e-01
3.362500000000000000e+02,5.449137754676512957e-01,5.069969946335168842e-01
3.367500000000000000e+02,5.427429819071265538e-01,5.007376262809957179e-01
3.372500000000000000e+02,5.390774410221975677e-01,5.091273784887881959e-01
3.377500000000000000e+02,5.387991530797797690e-01,5.017991153627266998e-01
3.382500000000000000e+02,5.352419826148739901e-01,5.107383726471570462e-01
3.387500000000000000e+02,5.318145517017871526e-01,5.016151589179258519e-01
3.392500000000000000e+02,5.313848803413925292e-01,4.997352676296688001e-01
3.397500000000000000e+02,5.294895580817641223e-01,5.114299589089618125e-01
3.402500000000000000e+02,5.281105166813953034e-01,5.046601986426171305e-01
3.407500000000000000e+02,5.265924654343168143e-01,4.980011095604055527e-01
3.412500000000000000e+02,5.259230601176370090e-01,4.892000504079915268e-01
3.417500000000000000e+02,5.201151117408355784e-01,4.897102099596454261e-01
3.422500000000000000e+02,5.196568187722345744e-01,4.801615476456881360e-01
3.427500000000000000e+02,5.181892186546153134e-01,4.821435940050383118e-01
3.432500000000000000e+02,5.176792258857233486e-01,4.838733329453838161e-01
3.437500000000000000e+02,5.138153747210076894e-01,4.851275983893641452e-01
3.442500000000000000e+02,5.127692245538761906e-01,4.865606454141424564e-01
3.447500000000000000e+02,5.121331478969177731e-01,4.855587683655799847e-01
3.452500000000000000e+02,5.094464313445046244e-01,4.715078726513594054e-01
3.457500000000000000e+02,5.064743951878357686e-01,4.814379169917997747e-01
3.462500000000000000e+02,5.043184855991009741e-01,4.702455372171732706e-01
3.467500000000000000e+02,5.034384033451515528e-01,4.796714196750306303e-01
3.472500000000000000e+02,5.025395427451577746e-01,4.791052449486146725e-01
3.477500000000000000e+02,4.989406773193644784e-01,4.760504427160586194e-01
3.482500000000000000e+02,4.942741733012718242e-01,4.798644586617887287e-01
3.487500000000000000e+02,4.923110902743185191e-01,4.783517555908030072e-01
3.492500000000000000e+02,4.913723990252941154e-01,4.735990628510045042e-01
3.497500000000000000e+02,4.886491181776698167e-01,7.809533532120604971e-01
