energy_MeV_per_u,total_kinetic_energy_MeV,c12_h_inelastic_cross_section_barn,c12_o_inelastic_cross_section_barn,hydrogen_macroscopic_cross_section_per_mm,oxygen_macroscopic_cross_section_per_mm,water_macroscopic_cross_section_per_mm,water_mean_free_path_mm
1,12,1.1459,0,0.00810616,0,0.00850751,117.543
2,24,1.08186,1.03661,0.00765311,0.00295951,0.0140178,71.3379
3,36,1.02803,1.36242,0.00727233,0.00388967,0.0157984,63.2974
4,48,0.984462,1.49973,0.00696412,0.0042817,0.016407,60.9494
5,60,0.94792,1.56634,0.00670562,0.00447187,0.0165976,60.2496
6,72,0.916374,1.59999,0.00648246,0.00456794,0.016605,60.2229
7,84,0.888549,1.61618,0.00628564,0.00461416,0.0165227,60.523
8,96,0.863609,1.62233,0.0061092,0.00463171,0.0163937,60.9989
9,108,0.840972,1.62236,0.00594907,0.00463181,0.0162402,61.5755
10,120,0.820222,1.61853,0.00580228,0.00462087,0.0160741,62.2121
11,132,0.801048,1.61219,0.00566665,0.00460277,0.0159021,62.8849
12,144,0.783214,1.6042,0.00554049,0.00457995,0.0157283,63.5796
13,156,0.766534,1.59511,0.0054225,0.00455402,0.0155552,64.2871
14,168,0.750861,1.58531,0.00531162,0.00452604,0.0153843,65.0015
15,180,0.736075,1.57506,0.00520702,0.00449677,0.0152163,65.7188
16,192,0.722077,1.56453,0.005108,0.0044667,0.015052,66.4366
17,204,0.708784,1.55385,0.00501397,0.00443622,0.0148914,67.1528
18,216,0.696129,1.54312,0.00492445,0.00440559,0.0147348,67.8664
19,228,0.684052,1.5324,0.00483901,0.00437498,0.0145822,68.5765
20,240,0.672502,1.52174,0.00475731,0.00434455,0.0144337,69.2825
21,252,0.661436,1.51118,0.00467903,0.00431438,0.014289,69.984
22,264,0.650816,1.50073,0.0046039,0.00428456,0.0141481,70.6808
23,276,0.640607,1.49042,0.00453168,0.00425513,0.014011,71.3727
24,288,0.630782,1.48026,0.00446218,0.00422612,0.0138774,72.0596
25,300,0.621313,1.47026,0.00439519,0.00419757,0.0137473,72.7415
26,312,0.612177,1.46043,0.00433057,0.00416949,0.0136206,73.4184
27,324,0.603354,1.45076,0.00426815,0.00414189,0.0134971,74.0903
28,336,0.594823,1.44126,0.00420781,0.00411477,0.0133767,74.7571
29,348,0.58657,1.43193,0.00414942,0.00408814,0.0132593,75.419
30,360,0.578577,1.42277,0.00409288,0.00406199,0.0131447,76.076
31,372,0.570831,1.41378,0.00403808,0.00403631,0.013033,76.7282
32,384,0.563319,1.40495,0.00398494,0.00401112,0.012924,77.3755
33,396,0.55603,1.39629,0.00393338,0.00398638,0.0128175,78.0181
34,408,0.548952,1.38779,0.00388331,0.00396211,0.0127136,78.656
35,420,0.542075,1.37945,0.00383466,0.00393829,0.0126121,79.2892
36,432,0.535391,1.37126,0.00378738,0.00391492,0.0125129,79.9178
37,444,0.52889,1.36322,0.00374139,0.00389198,0.0124159,80.5418
38,456,0.522566,1.35534,0.00369665,0.00386946,0.0123211,81.1613
39,468,0.51641,1.3476,0.0036531,0.00384736,0.0122285,81.7763
40,480,0.510415,1.34,0.0036107,0.00382567,0.0121379,82.3868
41,492,0.504576,1.33254,0.00356939,0.00380438,0.0120492,82.9929
42,504,0.498886,1.32522,0.00352914,0.00378348,0.0119625,83.5946
43,516,0.49334,1.31803,0.00348991,0.00376296,0.0118776,84.1918
44,528,0.487932,1.31098,0.00345165,0.00374281,0.0117946,84.7848
45,540,0.482657,1.30405,0.00341434,0.00372303,0.0117133,85.3733
46,552,0.477511,1.29725,0.00337793,0.00370361,0.0116337,85.9575
47,564,0.472489,1.29057,0.00334241,0.00368454,0.0115557,86.5374
48,576,0.467587,1.28401,0.00330773,0.00366581,0.0114793,87.113
49,588,0.462801,1.27756,0.00327387,0.00364742,0.0114045,87.6843
50,600,0.458127,1.27123,0.00324081,0.00362935,0.0113313,88.2513
51,612,0.453562,1.26502,0.00320852,0.0036116,0.0112595,88.814
52,624,0.449103,1.25891,0.00317697,0.00359417,0.0111891,89.3724
53,636,0.444745,1.25291,0.00314614,0.00357704,0.0111202,89.9266
54,648,0.440486,1.24702,0.00311602,0.00356022,0.0110526,90.4764
55,660,0.436323,1.24123,0.00308657,0.00354369,0.0109864,91.022
56,672,0.432254,1.23554,0.00305778,0.00352745,0.0109214,91.5633
57,684,0.428275,1.22995,0.00302963,0.00351149,0.0108577,92.1003
58,696,0.424384,1.22446,0.00300211,0.00349581,0.0107953,92.633
59,708,0.420578,1.21906,0.00297519,0.00348041,0.0107341,93.1615
60,720,0.416855,1.21376,0.00294885,0.00346526,0.010674,93.6856
61,732,0.413214,1.20855,0.00292309,0.00345038,0.0106151,94.2055
62,744,0.409651,1.20343,0.00289789,0.00343576,0.0105573,94.7211
63,756,0.406164,1.19839,0.00287322,0.00342138,0.0105006,95.2323
64,768,0.402752,1.19344,0.00284909,0.00340726,0.010445,95.7393
65,780,0.399413,1.18858,0.00282546,0.00339337,0.0103905,96.242
66,792,0.396144,1.1838,0.00280234,0.00337972,0.010337,96.7403
67,804,0.392944,1.1791,0.0027797,0.00336631,0.0102844,97.2344
68,816,0.389812,1.17448,0.00275754,0.00335312,0.0102329,97.7241
69,828,0.386745,1.16994,0.00273585,0.00334015,0.0101823,98.2095
70,840,0.383742,1.16548,0.0027146,0.00332741,0.0101327,98.6906
71,852,0.380801,1.16109,0.0026938,0.00331488,0.010084,99.1674
72,864,0.377921,1.15677,0.00267343,0.00330257,0.0100361,99.6399
73,876,0.3751,1.15253,0.00265347,0.00329046,0.00998921,100.108
74,888,0.372337,1.14836,0.00263393,0.00327855,0.00994315,100.572
75,900,0.369631,1.14426,0.00261478,0.00326685,0.00989792,101.031
76,912,0.36698,1.14023,0.00259603,0.00325534,0.00985353,101.486
77,924,0.364382,1.13627,0.00257766,0.00324403,0.00980995,101.937
78,936,0.361838,1.13238,0.00255966,0.00323291,0.00976717,102.384
79,948,0.359345,1.12854,0.00254202,0.00322197,0.00972516,102.826
80,960,0.356902,1.12478,0.00252474,0.00321122,0.00968392,103.264
81,972,0.354508,1.12108,0.0025078,0.00320065,0.00964343,103.698
82,984,0.352162,1.11744,0.00249121,0.00319026,0.00960368,104.127
83,996,0.349863,1.11386,0.00247494,0.00318004,0.00956464,104.552
84,1008,0.34761,1.11034,0.00245901,0.00316999,0.0095263,104.973
85,1020,0.345401,1.10687,0.00244338,0.00316011,0.00948866,105.389
86,1032,0.343237,1.10347,0.00242807,0.00315039,0.0094517,105.801
87,1044,0.341115,1.10013,0.00241306,0.00314084,0.0094154,106.209
88,1056,0.339035,1.09684,0.00239835,0.00313144,0.00937976,106.613
89,1068,0.336996,1.0936,0.00238392,0.00312221,0.00934475,107.012
90,1080,0.334997,1.09042,0.00236978,0.00311313,0.00931037,107.407
91,1092,0.333038,1.08729,0.00235592,0.0031042,0.0092766,107.798
92,1104,0.331116,1.08422,0.00234233,0.00309541,0.00924344,108.185
93,1116,0.329233,1.08119,0.002329,0.00308678,0.00921087,108.567
94,1128,0.327385,1.07822,0.00231594,0.00307829,0.00917889,108.946
95,1140,0.325574,1.07529,0.00230313,0.00306994,0.00914747,109.32
96,1152,0.323798,1.07242,0.00229056,0.00306173,0.00911661,109.69
97,1164,0.322057,1.06959,0.00227824,0.00305366,0.0090863,110.056
98,1176,0.320349,1.06681,0.00226616,0.00304572,0.00905652,110.418
99,1188,0.318674,1.06408,0.00225431,0.00303792,0.00902728,110.775
100,1200,0.317418,1.06205,0.00224543,0.00303213,0.00900551,111.043
101,1212,0.315804,1.0594,0.00223401,0.00302457,0.00897724,111.393
102,1224,0.31422,1.0568,0.00222281,0.00301714,0.00894947,111.738
103,1236,0.312667,1.05424,0.00221182,0.00300983,0.00892219,112.08
104,1248,0.311143,1.05172,0.00220104,0.00300264,0.0088954,112.418
105,1260,0.309649,1.04925,0.00219047,0.00299557,0.00886908,112.751
106,1272,0.308183,1.04681,0.0021801,0.00298862,0.00884322,113.081
107,1284,0.306745,1.04442,0.00216993,0.00298179,0.00881781,113.407
108,1296,0.305334,1.04206,0.00215995,0.00297507,0.00879286,113.729
109,1308,0.30395,1.03975,0.00215016,0.00296846,0.00876834,114.047
110,1320,0.302592,1.03747,0.00214055,0.00296197,0.00874426,114.361
111,1332,0.30126,1.03524,0.00213113,0.00295558,0.00872059,114.671
112,1344,0.299953,1.03304,0.00212188,0.0029493,0.00869734,114.978
113,1356,0.29867,1.03087,0.00211281,0.00294312,0.0086745,115.28
114,1368,0.297412,1.02874,0.0021039,0.00293704,0.00865206,115.579
115,1380,0.296177,1.02665,0.00209517,0.00293107,0.00863001,115.875
116,1392,0.294965,1.02459,0.0020866,0.0029252,0.00860835,116.166
117,1404,0.293776,1.02257,0.00207819,0.00291942,0.00858707,116.454
118,1416,0.29261,1.02058,0.00206993,0.00291374,0.00856615,116.739
119,1428,0.291464,1.01863,0.00206183,0.00290815,0.00854561,117.019
120,1440,0.290341,1.0167,0.00205388,0.00290266,0.00852542,117.296
121,1452,0.289238,1.01481,0.00204608,0.00289726,0.00850558,117.57
122,1464,0.288155,1.01295,0.00203842,0.00289195,0.00848608,117.84
123,1476,0.287093,1.01112,0.00203091,0.00288673,0.00846693,118.107
124,1488,0.28605,1.00932,0.00202353,0.00288159,0.0084481,118.37
125,1500,0.285026,1.00755,0.00201629,0.00287654,0.00842961,118.629
126,1512,0.284022,1.00581,0.00200918,0.00287158,0.00841143,118.886
127,1524,0.283035,1.0041,0.0020022,0.00286669,0.00839357,119.139
128,1536,0.282067,1.00242,0.00199535,0.00286189,0.00837602,119.388
129,1548,0.281117,1.00077,0.00198863,0.00285717,0.00835877,119.635
130,1560,0.280184,0.99914,0.00198203,0.00285252,0.00834182,119.878
131,1572,0.279268,0.99754,0.00197555,0.00284796,0.00832516,120.118
132,1584,0.278368,0.995967,0.00196919,0.00284347,0.00830879,120.354
133,1596,0.277485,0.99442,0.00196294,0.00283905,0.00829271,120.588
134,1608,0.276618,0.992899,0.00195681,0.00283471,0.00827689,120.818
135,1620,0.275767,0.991403,0.00195079,0.00283044,0.00826135,121.046
136,1632,0.274931,0.989932,0.00194488,0.00282623,0.00824608,121.27
137,1644,0.274111,0.988485,0.00193907,0.0028221,0.00823107,121.491
138,1656,0.273305,0.987062,0.00193337,0.00281804,0.00821632,121.709
139,1668,0.272514,0.985663,0.00192777,0.00281405,0.00820182,121.924
140,1680,0.271737,0.984287,0.00192228,0.00281012,0.00818757,122.136
141,1692,0.270973,0.982933,0.00191688,0.00280625,0.00817356,122.346
142,1704,0.270224,0.981602,0.00191158,0.00280246,0.00815979,122.552
143,1716,0.269488,0.980294,0.00190637,0.00279872,0.00814625,122.756
144,1728,0.268765,0.979006,0.00190126,0.00279504,0.00813295,122.957
145,1740,0.268055,0.97774,0.00189623,0.00279143,0.00811987,123.155
146,1752,0.267358,0.976495,0.0018913,0.00278787,0.00810702,123.35
147,1764,0.266673,0.975271,0.00188645,0.00278438,0.00809438,123.542
148,1776,0.266,0.974066,0.00188169,0.00278094,0.00808196,123.732
149,1788,0.265339,0.972882,0.00187702,0.00277756,0.00806975,123.92
150,1800,0.26469,0.971717,0.00187243,0.00277423,0.00805775,124.104
151,1812,0.264052,0.970571,0.00186792,0.00277096,0.00804595,124.286
152,1824,0.263426,0.969444,0.00186348,0.00276774,0.00803435,124.466
153,1836,0.26281,0.968336,0.00185913,0.00276458,0.00802294,124.643
154,1848,0.262206,0.967246,0.00185485,0.00276147,0.00801173,124.817
155,1860,0.261612,0.966173,0.00185065,0.00275841,0.00800071,124.989
156,1872,0.261028,0.965119,0.00184652,0.00275539,0.00798987,125.159
157,1884,0.260454,0.964081,0.00184247,0.00275243,0.00797921,125.326
158,1896,0.259891,0.963061,0.00183848,0.00274952,0.00796873,125.49
159,1908,0.259337,0.962057,0.00183456,0.00274665,0.00795843,125.653
160,1920,0.258793,0.96107,0.00183072,0.00274384,0.00794831,125.813
161,1932,0.258259,0.960099,0.00182693,0.00274106,0.00793835,125.971
162,1944,0.257733,0.959144,0.00182322,0.00273834,0.00792855,126.126
163,1956,0.257217,0.958204,0.00181957,0.00273565,0.00791892,126.28
164,1968,0.25671,0.95728,0.00181598,0.00273301,0.00790946,126.431
165,1980,0.256211,0.956371,0.00181245,0.00273042,0.00790015,126.58
166,1992,0.255721,0.955476,0.00180898,0.00272787,0.00789099,126.727
167,2004,0.25524,0.954596,0.00180558,0.00272535,0.00788199,126.872
168,2016,0.254766,0.953731,0.00180223,0.00272288,0.00787313,127.014
169,2028,0.254301,0.952879,0.00179894,0.00272045,0.00786442,127.155
170,2040,0.253844,0.952042,0.0017957,0.00271806,0.00785586,127.293
171,2052,0.253394,0.951218,0.00179252,0.00271571,0.00784744,127.43
172,2064,0.252952,0.950407,0.00178939,0.00271339,0.00783916,127.565
173,2076,0.252518,0.949609,0.00178632,0.00271112,0.00783101,127.697
174,2088,0.252091,0.948825,0.0017833,0.00270888,0.007823,127.828
175,2100,0.251671,0.948053,0.00178033,0.00270667,0.00781512,127.957
176,2112,0.251258,0.947293,0.00177741,0.0027045,0.00780737,128.084
177,2124,0.250853,0.946546,0.00177454,0.00270237,0.00779974,128.209
178,2136,0.250454,0.94581,0.00177172,0.00270027,0.00779224,128.333
179,2148,0.250061,0.945087,0.00176894,0.0026982,0.00778487,128.454
180,2160,0.249676,0.944375,0.00176622,0.00269617,0.00777761,128.574
181,2172,0.249296,0.943675,0.00176353,0.00269417,0.00777047,128.692
182,2184,0.248923,0.942985,0.00176089,0.0026922,0.00776345,128.809
183,2196,0.248557,0.942307,0.0017583,0.00269027,0.00775655,128.923
184,2208,0.248196,0.94164,0.00175575,0.00268836,0.00774975,129.036
185,2220,0.247842,0.940983,0.00175324,0.00268649,0.00774307,129.148
186,2232,0.247493,0.940337,0.00175077,0.00268464,0.00773649,129.258
187,2244,0.24715,0.939701,0.00174835,0.00268283,0.00773002,129.366
188,2256,0.246812,0.939075,0.00174596,0.00268104,0.00772365,129.472
189,2268,0.246481,0.93846,0.00174361,0.00267928,0.00771739,129.577
190,2280,0.246154,0.937854,0.00174131,0.00267755,0.00771123,129.681
191,2292,0.245833,0.937257,0.00173903,0.00267585,0.00770516,129.783
192,2304,0.245518,0.93667,0.0017368,0.00267417,0.0076992,129.884
193,2316,0.245207,0.936093,0.0017346,0.00267253,0.00769333,129.983
194,2328,0.244901,0.935524,0.00173244,0.0026709,0.00768755,130.08
195,2340,0.244601,0.934964,0.00173032,0.0026693,0.00768187,130.177
196,2352,0.244305,0.934414,0.00172822,0.00266773,0.00767627,130.272
197,2364,0.244014,0.933872,0.00172617,0.00266618,0.00767077,130.365
198,2376,0.243728,0.933338,0.00172414,0.00266466,0.00766535,130.457
199,2388,0.243447,0.932813,0.00172215,0.00266316,0.00766002,130.548
200,2400,0.243169,0.932296,0.00172019,0.00266169,0.00765477,130.637
201,2412,0.242897,0.931787,0.00171826,0.00266023,0.00764961,130.726
202,2424,0.242629,0.931286,0.00171636,0.0026588,0.00764452,130.813
203,2436,0.242365,0.930793,0.0017145,0.0026574,0.00763952,130.898
204,2448,0.242105,0.930308,0.00171266,0.00265601,0.0076346,130.983
205,2460,0.241849,0.92983,0.00171085,0.00265464,0.00762975,131.066
206,2472,0.241598,0.929359,0.00170907,0.0026533,0.00762498,131.148
207,2484,0.24135,0.928896,0.00170732,0.00265198,0.00762028,131.229
208,2496,0.241107,0.92844,0.0017056,0.00265068,0.00761566,131.308
209,2508,0.240867,0.927991,0.0017039,0.0026494,0.00761111,131.387
210,2520,0.240631,0.927549,0.00170223,0.00264813,0.00760663,131.464
211,2532,0.240399,0.927114,0.00170059,0.00264689,0.00760222,131.54
212,2544,0.24017,0.926686,0.00169897,0.00264567,0.00759788,131.616
213,2556,0.239945,0.926264,0.00169738,0.00264446,0.00759361,131.69
214,2568,0.239723,0.925849,0.00169581,0.00264328,0.0075894,131.763
215,2580,0.239505,0.92544,0.00169427,0.00264211,0.00758526,131.835
216,2592,0.239291,0.925037,0.00169275,0.00264096,0.00758118,131.906
217,2604,0.239079,0.92464,0.00169126,0.00263983,0.00757716,131.976
218,2616,0.238871,0.92425,0.00168978,0.00263871,0.00757321,132.044
219,2628,0.238666,0.923865,0.00168834,0.00263762,0.00756931,132.112
220,2640,0.238465,0.923486,0.00168691,0.00263654,0.00756548,132.179
221,2652,0.238266,0.923114,0.0016855,0.00263547,0.0075617,132.245
222,2664,0.23807,0.922746,0.00168412,0.00263442,0.00755799,132.31
223,2676,0.237878,0.922385,0.00168276,0.00263339,0.00755432,132.375
224,2688,0.237688,0.922028,0.00168142,0.00263237,0.00755072,132.438
225,2700,0.237502,0.921677,0.0016801,0.00263137,0.00754717,132.5
226,2712,0.237318,0.921332,0.0016788,0.00263038,0.00754367,132.561
227,2724,0.237137,0.920992,0.00167752,0.00262941,0.00754023,132.622
228,2736,0.236958,0.920656,0.00167625,0.00262846,0.00753683,132.682
229,2748,0.236783,0.920326,0.00167501,0.00262751,0.00753349,132.741
230,2760,0.23661,0.920001,0.00167379,0.00262658,0.0075302,132.799
231,2772,0.23644,0.91968,0.00167258,0.00262567,0.00752696,132.856
232,2784,0.236272,0.919365,0.0016714,0.00262477,0.00752377,132.912
233,2796,0.236107,0.919054,0.00167023,0.00262388,0.00752062,132.968
234,2808,0.235944,0.918748,0.00166908,0.00262301,0.00751753,133.022
235,2820,0.235783,0.918446,0.00166794,0.00262215,0.00751447,133.077
236,2832,0.235626,0.918149,0.00166682,0.0026213,0.00751147,133.13
237,2844,0.23547,0.917856,0.00166572,0.00262046,0.00750851,133.182
238,2856,0.235317,0.917568,0.00166464,0.00261964,0.00750559,133.234
239,2868,0.235166,0.917284,0.00166357,0.00261883,0.00750272,133.285
240,2880,0.235017,0.917004,0.00166252,0.00261803,0.00749988,133.335
241,2892,0.23487,0.916728,0.00166148,0.00261724,0.0074971,133.385
242,2904,0.234726,0.916456,0.00166046,0.00261646,0.00749435,133.434
243,2916,0.234584,0.916188,0.00165946,0.0026157,0.00749164,133.482
244,2928,0.234444,0.915925,0.00165847,0.00261495,0.00748897,133.53
245,2940,0.234306,0.915665,0.00165749,0.0026142,0.00748634,133.577
246,2952,0.23417,0.915409,0.00165653,0.00261347,0.00748376,133.623
247,2964,0.234036,0.915156,0.00165558,0.00261275,0.0074812,133.668
248,2976,0.233904,0.914908,0.00165464,0.00261204,0.00747869,133.713
249,2988,0.233774,0.914663,0.00165372,0.00261134,0.00747621,133.758
250,3000,0.233646,0.914421,0.00165282,0.00261065,0.00747378,133.801
251,3012,0.233522,0.914184,0.00165194,0.00260998,0.00747139,133.844
252,3024,0.2334,0.913951,0.00165108,0.00260931,0.00746905,133.886
253,3036,0.233281,0.913724,0.00165024,0.00260866,0.00746677,133.927
254,3048,0.233165,0.913503,0.00164942,0.00260803,0.00746454,133.967
255,3060,0.233052,0.913286,0.00164862,0.00260741,0.00746236,134.006
256,3072,0.232941,0.913075,0.00164784,0.00260681,0.00746024,134.044
257,3084,0.232833,0.912869,0.00164707,0.00260622,0.00745816,134.081
258,3096,0.232728,0.912668,0.00164633,0.00260565,0.00745614,134.118
259,3108,0.232625,0.912471,0.0016456,0.00260509,0.00745417,134.153
260,3120,0.232525,0.91228,0.00164489,0.00260454,0.00745225,134.188
261,3132,0.232427,0.912094,0.0016442,0.00260401,0.00745037,134.221
262,3144,0.232332,0.911913,0.00164353,0.00260349,0.00744855,134.254
263,3156,0.23224,0.911736,0.00164287,0.00260299,0.00744677,134.286
264,3168,0.232149,0.911564,0.00164223,0.0026025,0.00744504,134.318
265,3180,0.232062,0.911396,0.00164161,0.00260202,0.00744335,134.348
266,3192,0.231976,0.911234,0.00164101,0.00260155,0.00744172,134.378
267,3204,0.231893,0.911075,0.00164042,0.0026011,0.00744012,134.406
268,3216,0.231812,0.910921,0.00163985,0.00260066,0.00743857,134.434
269,3228,0.231734,0.910772,0.00163929,0.00260024,0.00743707,134.462
270,3240,0.231657,0.910627,0.00163875,0.00259982,0.00743561,134.488
271,3252,0.231583,0.910486,0.00163823,0.00259942,0.00743419,134.514
272,3264,0.231511,0.91035,0.00163772,0.00259903,0.00743282,134.538
273,3276,0.231442,0.910218,0.00163723,0.00259865,0.00743149,134.563
274,3288,0.231374,0.91009,0.00163675,0.00259829,0.0074302,134.586
275,3300,0.231309,0.909966,0.00163629,0.00259793,0.00742895,134.609
276,3312,0.231245,0.909846,0.00163584,0.00259759,0.00742774,134.63
277,3324,0.231184,0.90973,0.0016354,0.00259726,0.00742657,134.652
278,3336,0.231125,0.909618,0.00163499,0.00259694,0.00742544,134.672
279,3348,0.231067,0.90951,0.00163458,0.00259663,0.00742435,134.692
280,3360,0.231012,0.909406,0.00163419,0.00259633,0.0074233,134.711
281,3372,0.230959,0.909305,0.00163381,0.00259605,0.00742228,134.729
282,3384,0.230907,0.909209,0.00163345,0.00259577,0.00742131,134.747
283,3396,0.230858,0.909116,0.0016331,0.00259551,0.00742037,134.764
284,3408,0.23081,0.909026,0.00163276,0.00259525,0.00741947,134.781
285,3420,0.230765,0.908941,0.00163244,0.00259501,0.0074186,134.796
286,3432,0.230721,0.908859,0.00163213,0.00259477,0.00741777,134.811
287,3444,0.230679,0.90878,0.00163183,0.00259455,0.00741698,134.826
288,3456,0.230638,0.908705,0.00163154,0.00259434,0.00741622,134.84
289,3468,0.2306,0.908634,0.00163127,0.00259413,0.00741549,134.853
290,3480,0.230563,0.908566,0.00163101,0.00259394,0.0074148,134.865
291,3492,0.230528,0.908501,0.00163076,0.00259375,0.00741414,134.877
292,3504,0.230495,0.90844,0.00163053,0.00259358,0.00741352,134.889
293,3516,0.228479,0.908382,0.00161627,0.00259341,0.00739889,135.155
294,3528,0.228465,0.908327,0.00161617,0.00259325,0.00739845,135.163
295,3540,0.228453,0.904331,0.00161608,0.00258185,0.00737291,135.632
296,3552,0.228442,0.904315,0.00161601,0.0025818,0.00737274,135.635
297,3564,0.228433,0.904302,0.00161594,0.00258176,0.00737259,135.638
298,3576,0.228425,0.904291,0.00161588,0.00258173,0.00737246,135.64
299,3588,0.228418,0.904282,0.00161584,0.00258171,0.00737237,135.642
300,3600,0.228412,0.904277,0.0016158,0.00258169,0.00737229,135.643
301,3612,0.228408,0.904273,0.00161577,0.00258168,0.00737225,135.644
302,3624,0.228405,0.904273,0.00161575,0.00258168,0.00737222,135.644
303,3636,0.228404,0.904275,0.00161574,0.00258169,0.00737223,135.644
304,3648,0.228404,0.904279,0.00161574,0.0025817,0.00737226,135.644
305,3660,0.228405,0.904286,0.00161574,0.00258172,0.00737231,135.643
306,3672,0.228407,0.904295,0.00161576,0.00258174,0.00737238,135.641
307,3684,0.22841,0.904306,0.00161578,0.00258178,0.00737249,135.639
308,3696,0.228415,0.90432,0.00161582,0.00258182,0.00737261,135.637
309,3708,0.228421,0.904337,0.00161586,0.00258186,0.00737276,135.634
310,3720,0.228428,0.904355,0.00161591,0.00258192,0.00737293,135.631
311,3732,0.228436,0.904376,0.00161597,0.00258198,0.00737313,135.628
312,3744,0.228446,0.9044,0.00161604,0.00258204,0.00737335,135.624
313,3756,0.228457,0.904425,0.00161611,0.00258212,0.00737359,135.619
314,3768,0.228468,0.904453,0.00161619,0.0025822,0.00737385,135.614
315,3780,0.228481,0.904484,0.00161629,0.00258228,0.00737414,135.609
316,3792,0.228496,0.904516,0.00161639,0.00258237,0.00737445,135.603
317,3804,0.228511,0.904551,0.0016165,0.00258247,0.00737478,135.597
318,3816,0.228527,0.904587,0.00161661,0.00258258,0.00737513,135.591
319,3828,0.228545,0.904626,0.00161674,0.00258269,0.00737551,135.584
320,3840,0.228563,0.904668,0.00161687,0.00258281,0.0073759,135.577
321,3852,0.228583,0.904711,0.00161701,0.00258293,0.00737632,135.569
322,3864,0.228604,0.904756,0.00161715,0.00258306,0.00737676,135.561
323,3876,0.228626,0.904804,0.00161731,0.0025832,0.00737722,135.552
324,3888,0.228649,0.904853,0.00161747,0.00258334,0.0073777,135.544
325,3900,0.228673,0.904905,0.00161764,0.00258349,0.0073782,135.534
326,3912,0.228698,0.904959,0.00161782,0.00258364,0.00737872,135.525
327,3924,0.228724,0.905015,0.001618,0.0025838,0.00737927,135.515
328,3936,0.228751,0.905072,0.00161819,0.00258396,0.00737983,135.505
329,3948,0.228779,0.905132,0.00161839,0.00258413,0.00738041,135.494
330,3960,0.228808,0.905194,0.0016186,0.00258431,0.00738101,135.483
331,3972,0.228839,0.905257,0.00161881,0.00258449,0.00738163,135.471
332,3984,0.22887,0.905323,0.00161903,0.00258468,0.00738227,135.46
333,3996,0.228902,0.905391,0.00161926,0.00258487,0.00738293,135.448
334,4008,0.228935,0.90546,0.0016195,0.00258507,0.00738361,135.435
335,4020,0.228969,0.905531,0.00161974,0.00258527,0.00738431,135.422
336,4032,0.229004,0.905605,0.00161998,0.00258548,0.00738503,135.409
337,4044,0.22904,0.90568,0.00162024,0.0025857,0.00738576,135.396
338,4056,0.229077,0.905757,0.0016205,0.00258592,0.00738652,135.382
339,4068,0.229115,0.905835,0.00162077,0.00258614,0.00738729,135.368
340,4080,0.229154,0.905916,0.00162104,0.00258637,0.00738808,135.353
341,4092,0.229194,0.905998,0.00162133,0.00258661,0.00738889,135.338
342,4104,0.229234,0.906082,0.00162161,0.00258685,0.00738971,135.323
343,4116,0.229276,0.906168,0.00162191,0.00258709,0.00739056,135.308
344,4128,0.229318,0.906256,0.00162221,0.00258734,0.00739142,135.292
345,4140,0.229362,0.906345,0.00162251,0.0025876,0.00739229,135.276
346,4152,0.229406,0.906436,0.00162283,0.00258786,0.00739319,135.26
347,4164,0.229451,0.906529,0.00162315,0.00258812,0.0073941,135.243
348,4176,0.229497,0.906624,0.00162347,0.00258839,0.00739503,135.226
349,4188,0.229544,0.90672,0.0016238,0.00258867,0.00739598,135.209
350,4200,0.229592,0.906818,0.00162414,0.00258895,0.00739694,135.191
351,4212,0.22964,0.906917,0.00162448,0.00258923,0.00739792,135.173
352,4224,0.22969,0.907018,0.00162483,0.00258952,0.00739891,135.155
353,4236,0.22974,0.907121,0.00162519,0.00258981,0.00739993,135.136
354,4248,0.229791,0.907225,0.00162555,0.00259011,0.00740095,135.118
355,4260,0.229843,0.907331,0.00162592,0.00259041,0.007402,135.099
356,4272,0.229895,0.907438,0.00162629,0.00259072,0.00740306,135.079
357,4284,0.229949,0.907547,0.00162667,0.00259103,0.00740413,135.06
358,4296,0.230003,0.907658,0.00162705,0.00259135,0.00740522,135.04
359,4308,0.230058,0.90777,0.00162744,0.00259167,0.00740633,135.02
360,4320,0.230114,0.907884,0.00162784,0.00259199,0.00740745,134.999
361,4332,0.230171,0.907999,0.00162824,0.00259232,0.00740858,134.979
362,4344,0.230228,0.908115,0.00162864,0.00259265,0.00740973,134.958
363,4356,0.230286,0.908233,0.00162905,0.00259299,0.0074109,134.936
364,4368,0.230345,0.908353,0.00162947,0.00259333,0.00741208,134.915
365,4380,0.230405,0.908474,0.00162989,0.00259367,0.00741327,134.893
366,4392,0.230465,0.908596,0.00163032,0.00259402,0.00741448,134.871
367,4404,0.230526,0.90872,0.00163075,0.00259438,0.00741571,134.849
368,4416,0.230588,0.908845,0.00163119,0.00259474,0.00741694,134.826
369,4428,0.230651,0.908972,0.00163163,0.0025951,0.00741819,134.804
370,4440,0.230714,0.9091,0.00163208,0.00259546,0.00741946,134.781
371,4452,0.230778,0.90923,0.00163253,0.00259583,0.00742074,134.757
372,4464,0.230843,0.90936,0.00163299,0.00259621,0.00742203,134.734
373,4476,0.230908,0.909492,0.00163345,0.00259658,0.00742334,134.71
374,4488,0.230974,0.909626,0.00163392,0.00259696,0.00742466,134.686
375,4500,0.231041,0.909761,0.00163439,0.00259735,0.00742599,134.662
376,4512,0.231109,0.909897,0.00163487,0.00259774,0.00742734,134.638
377,4524,0.231177,0.910034,0.00163535,0.00259813,0.0074287,134.613
378,4536,0.231246,0.910173,0.00163584,0.00259853,0.00743007,134.588
379,4548,0.231315,0.910313,0.00163633,0.00259892,0.00743146,134.563
380,4560,0.231385,0.910454,0.00163683,0.00259933,0.00743285,134.538
381,4572,0.231456,0.910597,0.00163733,0.00259974,0.00743426,134.512
382,4584,0.231528,0.91074,0.00163784,0.00260015,0.00743569,134.487
383,4596,0.2316,0.910885,0.00163835,0.00260056,0.00743712,134.461
384,4608,0.231673,0.911032,0.00163886,0.00260098,0.00743857,134.434
385,4620,0.231746,0.911179,0.00163938,0.0026014,0.00744003,134.408
386,4632,0.23182,0.911328,0.0016399,0.00260182,0.0074415,134.381
387,4644,0.231895,0.911477,0.00164043,0.00260225,0.00744299,134.355
388,4656,0.23197,0.911628,0.00164097,0.00260268,0.00744448,134.328
389,4668,0.232046,0.911781,0.0016415,0.00260312,0.00744599,134.3
390,4680,0.232122,0.911934,0.00164204,0.00260355,0.00744751,134.273
391,4692,0.232199,0.912088,0.00164259,0.00260399,0.00744904,134.245
392,4704,0.232277,0.912244,0.00164314,0.00260444,0.00745058,134.218
393,4716,0.232355,0.912401,0.00164369,0.00260489,0.00745214,134.19
394,4728,0.232434,0.912558,0.00164425,0.00260534,0.0074537,134.162
395,4740,0.232514,0.912717,0.00164481,0.00260579,0.00745528,134.133
396,4752,0.232594,0.912877,0.00164538,0.00260625,0.00745687,134.105
397,4764,0.232674,0.913039,0.00164595,0.00260671,0.00745846,134.076
398,4776,0.232755,0.913201,0.00164652,0.00260717,0.00746007,134.047
399,4788,0.232837,0.913364,0.0016471,0.00260764,0.00746169,134.018
400,4800,0.232919,0.913528,0.00164768,0.0026081,0.00746332,133.989
