energy_MeV_per_u,sigma_el_H_mb,water_macroscopic_elastic_per_mm
0,1267.7045,0.0084753551
1,993.83417,0.00664437
2,914.10707,0.0061113471
3,847.52389,0.0056661991
4,793.98423,0.0053082547
5,749.37453,0.0050100125
6,711.11088,0.0047541973
7,677.57998,0.0045300234
8,647.71913,0.004330386
9,620.79031,0.0041503509
10,596.26636,0.0039863937
11,573.754,0.0038358852
12,552.95031,0.0036968003
13,533.62268,0.0035675836
14,515.58032,0.0034469598
15,498.67262,0.0033339218
16,482.77406,0.0032276305
17,467.77753,0.0031273698
18,453.59769,0.0030325692
19,440.15587,0.0029427027
20,427.38849,0.0028573451
21,415.24199,0.0027761386
22,403.66281,0.002698725
23,392.61248,0.0026248469
24,382.04746,0.0025542135
25,371.93933,0.0024866347
26,362.25459,0.0024218865
27,352.96481,0.0023597788
28,344.0499,0.0023001773
29,335.48309,0.0022429031
30,327.24596,0.002187833
31,319.32011,0.002134844
32,311.68712,0.002083813
33,304.33362,0.0020346505
34,297.24454,0.0019872557
35,290.40648,0.0019415393
36,283.80607,0.0018974116
37,277.43325,0.0018548056
38,271.27633,0.0018136429
39,265.32692,0.0017738676
40,259.57498,0.0017354125
41,254.01216,0.0016982217
42,248.63008,0.0016622393
43,243.42037,0.0016274093
44,238.37634,0.001593687
45,233.4913,0.0015610276
46,228.76022,0.0015293976
47,224.17474,0.0014987409
48,219.72984,0.0014690241
49,215.42049,0.0014402136
50,211.24336,0.0014122869
51,207.19006,0.0013851882
52,203.25726,0.0013588951
53,199.4416,0.0013333852
54,195.73807,0.0013086249
55,192.14333,0.0012845919
56,188.65234,0.0012612526
57,185.26176,0.0012385846
58,181.96825,0.0012165655
59,178.77012,0.0011951842
60,175.6607,0.0011743958
61,172.63997,0.0011542005
62,169.7046,0.0011345757
63,166.85005,0.0011154914
64,164.075,0.0010969385
65,161.3766,0.0010788981
66,158.75216,0.0010613522
67,156.19952,0.0010442863
68,153.71633,0.0010276847
69,151.30042,0.0010115329
70,148.94944,0.00099581523
71,146.66156,0.00098051936
72,144.43459,0.00096563074
73,142.26703,0.00095113932
74,140.15653,0.00093702943
75,138.10177,0.00092329212
76,136.10089,0.00090991508
77,134.15223,0.00089688712
78,132.25411,0.00088419706
79,130.40519,0.00087183594
80,128.60397,0.0008597937
81,126.84894,0.00084806025
82,125.13875,0.00083662667
83,123.47208,0.00082548398
84,121.84775,0.00081462437
85,120.26442,0.00080403887
86,118.72092,0.00079371967
87,117.21608,0.00078365891
88,115.74873,0.00077384879
89,114.31786,0.00076428257
90,112.92247,0.00075495355
91,111.56155,0.00074585501
92,110.23393,0.00073697913
93,108.93879,0.00072832031
94,107.67527,0.00071987295
95,106.44255,0.00071163145
96,105.23961,0.00070358912
97,104.06563,0.00069574034
98,102.91976,0.00068807954
99,101.80134,0.00068060223
100,100.96641,0.00067502025
101,99.897359,0.000667873
102,98.853409,0.00066089358
103,97.83406,0.00065407863
104,96.83881,0.00064742479
105,95.866822,0.00064092648
106,94.917427,0.00063457921
107,93.990123,0.00062837963
108,93.084407,0.00062232438
109,92.199443,0.00061640787
110,91.334728,0.00061062675
111,90.490096,0.00060497988
112,89.664542,0.00059946056
113,88.857732,0.00059406656
114,88.069331,0.00058879563
115,87.298669,0.0005836433
116,86.545245,0.00057860621
117,85.80889,0.00057368325
118,85.088936,0.00056886993
119,84.384881,0.0005641629
120,83.696557,0.00055956105
121,83.023462,0.00055506101
122,82.365094,0.00055065943
123,81.721286,0.00054635519
124,81.091536,0.00054214494
125,80.475341,0.00053802531
126,79.872702,0.00053399631
127,79.283116,0.00053005458
128,78.706249,0.00052619789
129,78.141767,0.00052242399
130,77.589334,0.00051873064
131,77.048615,0.00051511562
132,76.519611,0.00051157892
133,76.001653,0.00050811606
134,75.49474,0.00050472704
135,74.998537,0.00050140964
136,74.512711,0.0004981616
137,74.036925,0.00049498069
138,73.571181,0.00049186691
139,73.115144,0.00048881803
140,72.668478,0.00048583181
141,72.231184,0.00048290824
142,71.802759,0.00048004397
143,71.383037,0.00047723787
144,70.972017,0.00047448996
145,70.569365,0.000471798
146,70.174914,0.00046916085
147,69.788495,0.00046657742
148,69.409774,0.00046404545
149,69.038752,0.00046156494
150,68.675094,0.00045913367
151,68.318798,0.00045675162
152,67.969532,0.00045441657
153,67.627127,0.00045212739
154,67.291584,0.00044988409
155,66.962735,0.00044768554
156,66.640245,0.0004455295
157,66.324115,0.00044341598
158,66.014176,0.00044134386
159,65.710263,0.00043931202
160,65.412374,0.00043732046
161,65.120008,0.00043536582
162,64.833499,0.00043345033
163,64.552345,0.00043157066
164,64.276715,0.0004297279
165,64.006272,0.00042791983
166,63.741184,0.00042614756
167,63.48095,0.00042440774
168,63.225569,0.00042270037
169,62.975208,0.00042102656
170,62.729533,0.00041938408
171,62.488377,0.00041777181
172,62.25174,0.00041618975
173,62.019621,0.00041463789
174,61.791686,0.00041311401
175,61.568102,0.00041161922
176,61.348534,0.00041015128
177,61.13315,0.00040871131
178,60.921616,0.00040729708
179,60.713931,0.00040590858
180,60.510262,0.00040454693
181,60.310107,0.00040320878
182,60.113634,0.00040189524
183,59.920676,0.0004006052
184,59.731232,0.00039933866
185,59.545303,0.00039809561
186,59.362553,0.00039687382
187,59.18315,0.00039567441
188,59.006927,0.00039449625
189,58.833884,0.00039333935
190,58.663853,0.0003922026
191,58.496834,0.00039108598
192,58.332828,0.0003899895
193,58.171667,0.00038891204
194,58.013351,0.0003878536
195,57.857879,0.00038681419
196,57.704918,0.00038579155
197,57.554803,0.00038478794
198,57.407197,0.00038380111
199,57.262102,0.00038283106
200,57.119517,0.00038187779
201,56.979442,0.00038094131
202,56.84171,0.00038002049
203,56.706489,0.00037911646
204,56.573443,0.00037822697
205,56.442573,0.00037735202
206,56.314045,0.00037649274
207,56.187694,0.00037564801
208,56.06335,0.0003748167
209,55.941182,0.00037399993
210,55.821023,0.00037319659
211,55.703038,0.0003724078
212,55.586728,0.00037163019
213,55.472593,0.00037086713
214,55.360299,0.00037011638
215,55.249678,0.00036937682
216,55.141066,0.00036865068
217,55.034295,0.00036793685
218,54.92903,0.00036723309
219,54.825605,0.00036654164
220,54.724022,0.00036586249
221,54.623945,0.00036519342
222,54.525373,0.00036453441
223,54.428476,0.00036388659
224,54.333252,0.00036324996
225,54.239534,0.0003626234
226,54.147155,0.0003620058
227,54.05645,0.00036139938
228,53.967083,0.00036080191
229,53.879222,0.00036021451
230,53.792701,0.00035963606
231,53.707518,0.00035906656
232,53.623674,0.00035850602
233,53.541169,0.00035795442
234,53.460002,0.00035741177
235,53.380008,0.00035687696
236,53.301352,0.0003563511
237,53.223867,0.00035583307
238,53.147721,0.00035532399
239,53.07258,0.00035482162
240,52.998609,0.00035432709
241,52.925978,0.00035384151
242,52.854351,0.00035336264
243,52.783728,0.00035289048
244,52.714276,0.00035242615
245,52.645996,0.00035196966
246,52.578553,0.00035151876
247,52.512281,0.00035107569
248,52.447013,0.00035063934
249,52.382749,0.0003502097
250,52.319824,0.00034978901
251,52.258406,0.00034937839
252,52.198326,0.00034897672
253,52.139752,0.00034858512
254,52.082518,0.00034820247
255,52.026789,0.00034782989
256,51.972232,0.00034746515
257,51.919181,0.00034711047
258,51.867301,0.00034676362
259,51.816928,0.00034642685
260,51.767559,0.00034609679
261,51.719696,0.00034577679
262,51.673004,0.00034546463
263,51.627484,0.0003451603
264,51.583135,0.00034486381
265,51.540126,0.00034457626
266,51.498287,0.00034429655
267,51.457453,0.00034402355
268,51.41779,0.00034375838
269,51.379466,0.00034350216
270,51.342147,0.00034325265
271,51.305831,0.00034300986
272,51.270687,0.0003427749
273,51.236547,0.00034254666
274,51.203578,0.00034232624
275,51.171614,0.00034211254
276,51.140653,0.00034190555
277,51.110697,0.00034170528
278,51.081745,0.00034151171
279,51.053797,0.00034132487
280,51.026686,0.00034114361
281,51.000746,0.00034097019
282,50.975643,0.00034080236
283,50.951544,0.00034064124
284,50.928282,0.00034048572
285,50.906024,0.00034033692
286,50.884603,0.0003401937
287,50.864018,0.00034005608
288,50.844438,0.00033992518
289,50.825694,0.00033979987
290,50.807788,0.00033968015
291,50.790718,0.00033956602
292,50.774484,0.0003394575
293,49.797308,0.0003329245
294,49.790782,0.00033288086
295,49.784924,0.0003328417
296,49.779569,0.0003328059
297,49.77505,0.00033277569
298,49.771201,0.00033274995
299,49.768022,0.0003327287
300,49.765344,0.00033271079
301,49.763336,0.00033269737
302,49.761997,0.00033268842
303,49.76116,0.00033268282
304,49.76116,0.00033268282
305,49.761495,0.00033268506
306,49.762666,0.00033269289
307,49.76434,0.00033270408
308,49.766515,0.00033271863
309,49.76936,0.00033273765
310,49.772875,0.00033276114
311,49.776891,0.000332788
312,49.78141,0.0003328182
313,49.786598,0.00033285289
314,49.792288,0.00033289093
315,49.798647,0.00033293345
316,49.805509,0.00033297932
317,49.812872,0.00033302855
318,49.820738,0.00033308114
319,49.829273,0.0003331382
320,49.838143,0.0003331975
321,49.847682,0.00033326127
322,49.857723,0.0003333284
323,49.868266,0.00033339889
324,49.879479,0.00033347385
325,49.891026,0.00033355106
326,49.903076,0.00033363161
327,49.915795,0.00033371665
328,49.928848,0.00033380392
329,49.942404,0.00033389454
330,49.956461,0.00033398853
331,49.971021,0.00033408587
332,49.986083,0.00033418657
333,50.001647,0.00033429062
334,50.017713,0.00033439803
335,50.034281,0.0003345088
336,50.051183,0.0003346218
337,50.068588,0.00033473816
338,50.086495,0.00033485788
339,50.104904,0.00033498095
340,50.123647,0.00033510627
341,50.142893,0.00033523493
342,50.162473,0.00033536584
343,50.182723,0.00033550122
344,50.203308,0.00033563884
345,50.224227,0.0003357787
346,50.245648,0.00033592191
347,50.267571,0.00033606848
348,50.289829,0.00033621729
349,50.312589,0.00033636945
350,50.335684,0.00033652386
351,50.359281,0.00033668161
352,50.383212,0.00033684161
353,50.407646,0.00033700496
354,50.432414,0.00033717055
355,50.457517,0.00033733838
356,50.483122,0.00033750957
357,50.509062,0.00033768299
358,50.535336,0.00033785865
359,50.562113,0.00033803767
360,50.589392,0.00033822004
361,50.616837,0.00033840353
362,50.644785,0.00033859038
363,50.673068,0.00033877947
364,50.701686,0.00033897079
365,50.730805,0.00033916547
366,50.760092,0.00033936127
367,50.789881,0.00033956043
368,50.820004,0.00033976182
369,50.850463,0.00033996546
370,50.881423,0.00034017244
371,50.912551,0.00034038055
372,50.944181,0.00034059202
373,50.976145,0.00034080572
374,51.008277,0.00034102054
375,51.040911,0.00034123871
376,51.073879,0.00034145913
377,51.107183,0.00034168178
378,51.140821,0.00034190667
379,51.174793,0.0003421338
380,51.209101,0.00034236316
381,51.243743,0.00034259477
382,51.27872,0.00034282861
383,51.314031,0.00034306469
384,51.34951,0.00034330188
385,51.385491,0.00034354244
386,51.421807,0.00034378523
387,51.45829,0.00034402914
388,51.495275,0.00034427641
389,51.532427,0.00034452479
390,51.569914,0.00034477542
391,51.607736,0.00034502828
392,51.645893,0.00034528338
393,51.684217,0.0003455396
394,51.723043,0.00034579917
395,51.762036,0.00034605986
396,51.801364,0.00034632279
397,51.840859,0.00034658684
398,51.880857,0.00034685425
399,51.921022,0.00034712278
400,51.961521,0.00034739354
