energy_MeV_per_u,c12_copper_macroscopic_inelastic_cross_section_per_mm,c12_copper_inelastic_mean_free_path_mm
1,0,0
2,0,0
3,0.00614657,162.692
4,0.0108685,92.0089
5,0.0135082,74.0292
6,0.0151382,66.0581
7,0.0162092,61.6935
8,0.0169418,59.0255
9,0.0174563,57.2858
10,0.0178232,56.1065
11,0.0180866,55.2896
12,0.018275,54.7196
13,0.018408,54.3242
14,0.0184991,54.0566
15,0.0185581,53.8847
16,0.0185922,53.786
17,0.0186066,53.7442
18,0.0186055,53.7475
19,0.018592,53.7867
20,0.0185684,53.8549
21,0.0185368,53.9468
22,0.0184986,54.0581
23,0.0184552,54.1854
24,0.0184074,54.3259
25,0.0183562,54.4775
26,0.0183022,54.6384
27,0.0182459,54.8069
28,0.0181878,54.9819
29,0.0181283,55.1623
30,0.0180678,55.3471
31,0.0180064,55.5357
32,0.0179445,55.7274
33,0.0178822,55.9216
34,0.0178197,56.1178
35,0.0177571,56.3156
36,0.0176945,56.5147
37,0.0176321,56.7148
38,0.0175699,56.9155
39,0.0175081,57.1166
40,0.0174466,57.3179
41,0.0173855,57.5192
42,0.0173249,57.7204
43,0.0172648,57.9212
44,0.0172053,58.1217
45,0.0171463,58.3215
46,0.017088,58.5207
47,0.0170302,58.7191
48,0.0169731,58.9167
49,0.0169166,59.1134
50,0.0168608,59.309
51,0.0168057,59.5036
52,0.0167512,59.6971
53,0.0166974,59.8894
54,0.0166443,60.0805
55,0.0165919,60.2703
56,0.0165402,60.4588
57,0.0164891,60.646
58,0.0164388,60.8318
59,0.0163891,61.0163
60,0.0163401,61.1993
61,0.0162917,61.3808
62,0.0162441,61.5609
63,0.0161971,61.7395
64,0.0161508,61.9166
65,0.0161051,62.0922
66,0.0160601,62.2662
67,0.0160157,62.4387
68,0.015972,62.6096
69,0.0159289,62.779
70,0.0158864,62.9468
71,0.0158446,63.1129
72,0.0158034,63.2775
73,0.0157628,63.4406
74,0.0157228,63.602
75,0.0156834,63.7618
76,0.0156446,63.9199
77,0.0156063,64.0765
78,0.0155687,64.2315
79,0.0155316,64.3849
80,0.0154951,64.5366
81,0.0154591,64.6867
82,0.0154237,64.8353
83,0.0153888,64.9822
84,0.0153545,65.1275
85,0.0153207,65.2712
86,0.0152874,65.4133
87,0.0152546,65.5538
88,0.0152224,65.6928
89,0.0151906,65.8301
90,0.0151593,65.9659
91,0.0151286,66.1001
92,0.0150983,66.2327
93,0.0150685,66.3638
94,0.0150391,66.4933
95,0.0150102,66.6213
96,0.0149818,66.7478
97,0.0149538,66.8727
98,0.0149262,66.9961
99,0.0148991,67.118
100,0.0148796,67.2061
101,0.0148533,67.3251
102,0.0148274,67.4426
103,0.014802,67.5587
104,0.0147769,67.6732
105,0.0147522,67.7863
106,0.014728,67.898
107,0.0147041,68.0082
108,0.0146806,68.1171
109,0.0146575,68.2245
110,0.0146348,68.3305
111,0.0146124,68.4351
112,0.0145904,68.5383
113,0.0145687,68.6402
114,0.0145474,68.7407
115,0.0145265,68.8399
116,0.0145058,68.9378
117,0.0144855,69.0343
118,0.0144656,69.1296
119,0.014446,69.2235
120,0.0144266,69.3162
121,0.0144076,69.4076
122,0.014389,69.4978
123,0.0143706,69.5867
124,0.0143525,69.6744
125,0.0143347,69.7608
126,0.0143172,69.8461
127,0.0143,69.9302
128,0.0142831,70.0131
129,0.0142664,70.0948
130,0.01425,70.1754
131,0.0142339,70.2548
132,0.0142181,70.3331
133,0.0142025,70.4103
134,0.0141871,70.4864
135,0.0141721,70.5614
136,0.0141572,70.6353
137,0.0141426,70.7082
138,0.0141283,70.78
139,0.0141142,70.8508
140,0.0141003,70.9205
141,0.0140866,70.9893
142,0.0140732,71.057
143,0.01406,71.1238
144,0.014047,71.1895
145,0.0140342,71.2543
146,0.0140217,71.3182
147,0.0140093,71.3811
148,0.0139972,71.4431
149,0.0139852,71.5042
150,0.0139734,71.5643
151,0.0139619,71.6236
152,0.0139505,71.682
153,0.0139393,71.7395
154,0.0139283,71.7962
155,0.0139175,71.852
156,0.0139069,71.907
157,0.0138964,71.9612
158,0.0138861,72.0145
159,0.013876,72.0671
160,0.013866,72.1188
161,0.0138562,72.1698
162,0.0138466,72.22
163,0.0138371,72.2695
164,0.0138278,72.3182
165,0.0138186,72.3661
166,0.0138096,72.4134
167,0.0138007,72.4599
168,0.013792,72.5057
169,0.0137834,72.5509
170,0.013775,72.5953
171,0.0137667,72.6391
172,0.0137585,72.6822
173,0.0137505,72.7246
174,0.0137426,72.7664
175,0.0137348,72.8075
176,0.0137272,72.8481
177,0.0137197,72.888
178,0.0137123,72.9273
179,0.013705,72.966
180,0.0136979,73.0041
181,0.0136908,73.0416
182,0.0136839,73.0785
183,0.0136771,73.1149
184,0.0136704,73.1507
185,0.0136638,73.186
186,0.0136573,73.2207
187,0.013651,73.2549
188,0.0136447,73.2886
189,0.0136385,73.3218
190,0.0136324,73.3544
191,0.0136265,73.3866
192,0.0136206,73.4182
193,0.0136148,73.4494
194,0.0136091,73.4801
195,0.0136035,73.5103
196,0.013598,73.54
197,0.0135926,73.5693
198,0.0135873,73.5982
199,0.013582,73.6266
200,0.0135769,73.6546
201,0.0135718,73.6821
202,0.0135668,73.7092
203,0.0135619,73.7359
204,0.0135571,73.7622
205,0.0135523,73.7881
206,0.0135476,73.8136
207,0.013543,73.8387
208,0.0135385,73.8634
209,0.013534,73.8877
210,0.0135297,73.9117
211,0.0135253,73.9353
212,0.0135211,73.9585
213,0.0135169,73.9814
214,0.0135128,74.0039
215,0.0135087,74.0261
216,0.0135048,74.048
217,0.0135008,74.0695
218,0.013497,74.0907
219,0.0134932,74.1115
220,0.0134894,74.1321
221,0.0134858,74.1523
222,0.0134821,74.1722
223,0.0134786,74.1918
224,0.0134751,74.2112
225,0.0134716,74.2302
226,0.0134682,74.2489
227,0.0134649,74.2674
228,0.0134616,74.2855
229,0.0134583,74.3034
230,0.0134551,74.3211
231,0.013452,74.3384
232,0.0134489,74.3555
233,0.0134459,74.3723
234,0.0134429,74.3889
235,0.0134399,74.4052
236,0.013437,74.4213
237,0.0134342,74.4371
238,0.0134313,74.4527
239,0.0134286,74.4681
240,0.0134258,74.4832
241,0.0134232,74.4981
242,0.0134205,74.5128
243,0.0134179,74.5272
244,0.0134154,74.5414
245,0.0134128,74.5555
246,0.0134104,74.5693
247,0.0134079,74.5829
248,0.0134055,74.5962
249,0.0134031,74.6094
250,0.0134008,74.6224
251,0.0133985,74.6352
252,0.0133963,74.6476
253,0.0133941,74.6598
254,0.013392,74.6717
255,0.0133899,74.6832
256,0.0133879,74.6945
257,0.0133859,74.7054
258,0.013384,74.7161
259,0.0133821,74.7264
260,0.0133803,74.7365
261,0.0133786,74.7463
262,0.0133769,74.7558
263,0.0133752,74.7651
264,0.0133736,74.774
265,0.0133721,74.7827
266,0.0133706,74.7911
267,0.0133691,74.7993
268,0.0133677,74.8072
269,0.0133663,74.8148
270,0.013365,74.8222
271,0.0133637,74.8294
272,0.0133625,74.8362
273,0.0133613,74.8429
274,0.0133602,74.8493
275,0.0133591,74.8554
276,0.013358,74.8613
277,0.013357,74.867
278,0.0133561,74.8724
279,0.0133551,74.8776
280,0.0133542,74.8826
281,0.0133534,74.8874
282,0.0133526,74.8919
283,0.0133518,74.8962
284,0.0133511,74.9003
285,0.0133504,74.9042
286,0.0133497,74.9079
287,0.0133491,74.9114
288,0.0133485,74.9146
289,0.013348,74.9177
290,0.0133475,74.9205
291,0.013347,74.9232
292,0.0133466,74.9257
293,0.0133462,74.9279
294,0.0133458,74.93
295,0.0133019,75.1773
296,0.0133019,75.177
297,0.013302,75.1765
298,0.0133021,75.1759
299,0.0133023,75.1751
300,0.0133024,75.1742
301,0.0133026,75.1731
302,0.0133028,75.1719
303,0.0133031,75.1705
304,0.0133034,75.169
305,0.0133036,75.1674
306,0.013304,75.1656
307,0.0133043,75.1636
308,0.0133047,75.1615
309,0.0133051,75.1593
310,0.0133055,75.1569
311,0.0133059,75.1544
312,0.0133064,75.1518
313,0.0133069,75.149
314,0.0133074,75.1461
315,0.013308,75.143
316,0.0133085,75.1399
317,0.0133091,75.1366
318,0.0133097,75.1331
319,0.0133103,75.1296
320,0.013311,75.1259
321,0.0133117,75.1221
322,0.0133124,75.1181
323,0.0133131,75.114
324,0.0133138,75.1099
325,0.0133146,75.1055
326,0.0133154,75.1011
327,0.0133162,75.0966
328,0.013317,75.0919
329,0.0133179,75.0871
330,0.0133187,75.0822
331,0.0133196,75.0772
332,0.0133205,75.0721
333,0.0133215,75.0668
334,0.0133224,75.0615
335,0.0133234,75.056
336,0.0133244,75.0504
337,0.0133254,75.0447
338,0.0133264,75.0389
339,0.0133275,75.033
340,0.0133285,75.027
341,0.0133296,75.0209
342,0.0133307,75.0147
343,0.0133318,75.0084
344,0.013333,75.002
345,0.0133341,74.9954
346,0.0133353,74.9888
347,0.0133365,74.9821
348,0.0133377,74.9753
349,0.013339,74.9684
350,0.0133402,74.9613
351,0.0133415,74.9542
352,0.0133428,74.947
353,0.0133441,74.9397
354,0.0133454,74.9323
355,0.0133467,74.9249
356,0.0133481,74.9173
357,0.0133494,74.9096
358,0.0133508,74.9019
359,0.0133522,74.894
360,0.0133536,74.8861
361,0.013355,74.8781
362,0.0133565,74.87
363,0.0133579,74.8618
364,0.0133594,74.8535
365,0.0133609,74.8452
366,0.0133624,74.8368
367,0.0133639,74.8282
368,0.0133655,74.8196
369,0.013367,74.811
370,0.0133686,74.8022
371,0.0133702,74.7934
372,0.0133718,74.7845
373,0.0133734,74.7755
374,0.013375,74.7664
375,0.0133766,74.7573
376,0.0133783,74.7481
377,0.0133799,74.7388
378,0.0133816,74.7294
379,0.0133833,74.72
380,0.013385,74.7105
381,0.0133867,74.7009
382,0.0133885,74.6912
383,0.0133902,74.6815
384,0.0133919,74.6717
385,0.0133937,74.6619
386,0.0133955,74.652
387,0.0133973,74.642
388,0.0133991,74.6319
389,0.0134009,74.6218
390,0.0134027,74.6116
391,0.0134046,74.6014
392,0.0134064,74.5911
393,0.0134083,74.5807
394,0.0134102,74.5703
395,0.0134121,74.5598
396,0.013414,74.5492
397,0.0134159,74.5386
398,0.0134178,74.5279
399,0.0134197,74.5172
400,0.0134217,74.5064
