# DEVELOPMENT-ONLY TABLE; not an ICRU/Geant4 reference dataset.
# Generated by tools/generate_stopping_power.py using the documented
# Bethe-Bloch + Hubert-style effective-charge approximation for C-12 in water.
energy_MeVu,stopping_power_MeV_per_mm
1.0,660.19287903
2.0,489.08010698
3.0,387.58277037
4.0,321.60570659
5.0,275.39398345
6.0,241.23829623
7.0,214.96348222
8.0,194.11874861
9.0,177.17266405
10.0,163.11970855
11.0,151.27266497
12.0,141.14604626
13.0,132.38720380
14.0,124.73383540
15.0,117.98680837
16.0,111.99222779
17.0,106.62928039
18.0,101.80179590
19.0,97.43226485
20.0,93.45751767
21.0,89.82555106
22.0,86.49316141
23.0,83.42415572
24.0,80.58798211
25.0,77.95866942
26.0,75.51399749
27.0,73.23484165
28.0,71.10465017
29.0,69.10902420
30.0,67.23537756
31.0,65.47265914
32.0,63.81112484
33.0,62.24214916
34.0,60.75806848
35.0,59.35204998
36.0,58.01798157
37.0,56.75037883
38.0,55.54430607
39.0,54.39530907
40.0,53.29935744
41.0,52.25279514
42.0,51.25229776
43.0,50.29483560
44.0,49.37764147
45.0,48.49818280
46.0,47.65413705
47.0,46.84337036
48.0,46.06391857
49.0,45.31397066
50.0,44.59185398
51.0,43.89602122
52.0,43.22503883
53.0,42.57757665
54.0,41.95239876
55.0,41.34835517
56.0,40.76437450
57.0,40.19945727
58.0,39.65266998
59.0,39.12313969
60.0,38.61004917
61.0,38.11263252
62.0,37.63017114
63.0,37.16199013
64.0,36.70745501
65.0,36.26596870
66.0,35.83696879
67.0,35.41992505
68.0,35.01433717
69.0,34.61973260
70.0,34.23566473
71.0,33.86171103
72.0,33.49747152
73.0,33.14256721
74.0,32.79663879
75.0,32.45934531
76.0,32.13036306
77.0,31.80938445
78.0,31.49611704
79.0,31.19028258
80.0,30.89161621
81.0,30.59986560
82.0,30.31479024
83.0,30.03616077
84.0,29.76375829
85.0,29.49737382
86.0,29.23680769
87.0,28.98186908
88.0,28.73237547
89.0,28.48815224
90.0,28.24903223
91.0,28.01485533
92.0,27.78546812
93.0,27.56072354
94.0,27.34048052
95.0,27.12460371
96.0,26.91296320
97.0,26.70543420
98.0,26.50189684
99.0,26.30223589
100.0,26.10634057
101.0,25.91410431
102.0,25.72542456
103.0,25.54020261
104.0,25.35834338
105.0,25.17975530
106.0,25.00435011
107.0,24.83204272
108.0,24.66275110
109.0,24.49639608
110.0,24.33290129
111.0,24.17219300
112.0,24.01420000
113.0,23.85885353
114.0,23.70608713
115.0,23.55583659
116.0,23.40803981
117.0,23.26263675
118.0,23.11956931
119.0,22.97878130
120.0,22.84021831
121.0,22.70382767
122.0,22.56955837
123.0,22.43736101
124.0,22.30718771
125.0,22.17899207
126.0,22.05272911
127.0,21.92835523
128.0,21.80582812
129.0,21.68510674
130.0,21.56615128
131.0,21.44892309
132.0,21.33338465
133.0,21.21949952
134.0,21.10723233
135.0,20.99654869
136.0,20.88741523
137.0,20.77979947
138.0,20.67366986
139.0,20.56899573
140.0,20.46574726
141.0,20.36389542
142.0,20.26341199
143.0,20.16426951
144.0,20.06644124
145.0,19.96990117
146.0,19.87462397
147.0,19.78058498
148.0,19.68776017
149.0,19.59612614
150.0,19.50566009
151.0,19.41633982
152.0,19.32814366
153.0,19.24105051
154.0,19.15503981
155.0,19.07009147
156.0,18.98618595
157.0,18.90330414
158.0,18.82142744
159.0,18.74053767
160.0,18.66061711
161.0,18.58164845
162.0,18.50361480
163.0,18.42649967
164.0,18.35028695
165.0,18.27496093
166.0,18.20050623
167.0,18.12690786
168.0,18.05415116
169.0,17.98222180
170.0,17.91110578
171.0,17.84078942
172.0,17.77125935
173.0,17.70250248
174.0,17.63450603
175.0,17.56725750
176.0,17.50074466
177.0,17.43495554
178.0,17.36987844
179.0,17.30550191
180.0,17.24181475
181.0,17.17880599
182.0,17.11646490
183.0,17.05478097
184.0,16.99374392
185.0,16.93334368
186.0,16.87357039
187.0,16.81441439
188.0,16.75586623
189.0,16.69791663
190.0,16.64055652
191.0,16.58377702
192.0,16.52756940
193.0,16.47192512
194.0,16.41683583
195.0,16.36229331
196.0,16.30828953
197.0,16.25481660
198.0,16.20186680
199.0,16.14943254
200.0,16.09750639
201.0,16.04608107
202.0,15.99514942
203.0,15.94470443
204.0,15.89473923
205.0,15.84524705
206.0,15.79622128
207.0,15.74765542
208.0,15.69954309
209.0,15.65187803
210.0,15.60465409
211.0,15.55786524
212.0,15.51150555
213.0,15.46556922
214.0,15.42005053
215.0,15.37494388
216.0,15.33024375
217.0,15.28594475
218.0,15.24204156
219.0,15.19852895
220.0,15.15540181
221.0,15.11265510
222.0,15.07028386
223.0,15.02828325
224.0,14.98664846
225.0,14.94537482
226.0,14.90445770
227.0,14.86389257
228.0,14.82367496
229.0,14.78380049
230.0,14.74426486
231.0,14.70506381
232.0,14.66619319
233.0,14.62764889
234.0,14.58942689
235.0,14.55152321
236.0,14.51393397
237.0,14.47665532
238.0,14.43968349
239.0,14.40301476
240.0,14.36664550
241.0,14.33057209
242.0,14.29479102
243.0,14.25929879
244.0,14.22409199
245.0,14.18916723
246.0,14.15452122
247.0,14.12015068
248.0,14.08605239
249.0,14.05222320
250.0,14.01865998
251.0,13.98535968
252.0,13.95231927
253.0,13.91953578
254.0,13.88700627
255.0,13.85472788
256.0,13.82269775
257.0,13.79091310
258.0,13.75937116
259.0,13.72806922
260.0,13.69700461
261.0,13.66617470
262.0,13.63557688
263.0,13.60520862
264.0,13.57506737
265.0,13.54515067
266.0,13.51545607
267.0,13.48598116
268.0,13.45672356
269.0,13.42768093
270.0,13.39885096
271.0,13.37023139
272.0,13.34181996
273.0,13.31361447
274.0,13.28561274
275.0,13.25781262
276.0,13.23021199
277.0,13.20280876
278.0,13.17560089
279.0,13.14858632
280.0,13.12176307
281.0,13.09512916
282.0,13.06868263
283.0,13.04242158
284.0,13.01634410
285.0,12.99044833
286.0,12.96473242
287.0,12.93919456
288.0,12.91383294
289.0,12.88864581
290.0,12.86363141
291.0,12.83878802
292.0,12.81411394
293.0,12.78960750
294.0,12.76526703
295.0,12.74109091
296.0,12.71707752
297.0,12.69322528
298.0,12.66953260
299.0,12.64599795
300.0,12.62261978
301.0,12.59939660
302.0,12.57632691
303.0,12.55340924
304.0,12.53064213
305.0,12.50802416
306.0,12.48555390
307.0,12.46322996
308.0,12.44105095
309.0,12.41901552
310.0,12.39712232
311.0,12.37537001
312.0,12.35375729
313.0,12.33228286
314.0,12.31094543
315.0,12.28974375
316.0,12.26867656
317.0,12.24774263
318.0,12.22694075
319.0,12.20626970
320.0,12.18572830
321.0,12.16531537
322.0,12.14502976
323.0,12.12487031
324.0,12.10483589
325.0,12.08492539
326.0,12.06513770
327.0,12.04547171
328.0,12.02592637
329.0,12.00650059
330.0,11.98719332
331.0,11.96800352
332.0,11.94893016
333.0,11.92997223
334.0,11.91112871
335.0,11.89239861
336.0,11.87378094
337.0,11.85527475
338.0,11.83687905
339.0,11.81859292
340.0,11.80041540
341.0,11.78234557
342.0,11.76438251
343.0,11.74652532
344.0,11.72877309
345.0,11.71112495
346.0,11.69358001
347.0,11.67613740
348.0,11.65879628
349.0,11.64155579
350.0,11.62441509
351.0,11.60737336
352.0,11.59042978
353.0,11.57358353
354.0,11.55683381
355.0,11.54017984
356.0,11.52362082
357.0,11.50715597
358.0,11.49078455
359.0,11.47450577
360.0,11.45831890
361.0,11.44222318
362.0,11.42621789
363.0,11.41030230
364.0,11.39447569
365.0,11.37873734
366.0,11.36308655
367.0,11.34752264
368.0,11.33204490
369.0,11.31665265
370.0,11.30134523
371.0,11.28612196
372.0,11.27098218
373.0,11.25592524
374.0,11.24095049
375.0,11.22605729
376.0,11.21124501
377.0,11.19651302
378.0,11.18186071
379.0,11.16728744
380.0,11.15279263
381.0,11.13837566
382.0,11.12403595
383.0,11.10977289
384.0,11.09558591
385.0,11.08147444
386.0,11.06743789
387.0,11.05347570
388.0,11.03958731
389.0,11.02577217
390.0,11.01202973
391.0,10.99835945
392.0,10.98476077
393.0,10.97123318
394.0,10.95777615
395.0,10.94438915
396.0,10.93107166
397.0,10.91782317
398.0,10.90464318
399.0,10.89153118
400.0,10.87848668

