energy_MeVu,total_kinetic_energy_MeV,electronic_stopping_power_MeV_per_mm,total_stopping_power_MeV_per_mm,csda_range_mm
1,12,741.845,742.56,0
2,24,491.869,492.259,0
3,36,384.723,384.996,0
4,48,317.667,317.877,0
5,60,272.039,272.213,0
6,72,238.403,238.551,0
7,84,212.606,212.735,0
8,96,192.171,192.287,0
9,108,175.554,175.658,0
10,120,161.769,161.861,0
11,132,150.13,150.216,0
12,144,140.168,140.248,0
13,156,131.546,131.62,0
14,168,124.009,124.077,0
15,180,117.36,117.424,0
16,192,111.443,111.505,0
17,204,106.147,106.205,0
18,216,101.376,101.431,0
19,228,97.0558,97.1078,0
20,240,93.1235,93.1724,0
21,252,89.5281,89.575,0
22,264,86.2275,86.2726,0
23,276,83.1862,83.2296,0
24,288,80.3739,80.4156,0
25,300,77.7646,77.8046,0
26,312,75.3378,75.3762,0
27,324,73.0747,73.1117,0
28,336,70.9591,70.9949,0
29,348,68.9767,69.0114,0
30,360,67.1151,67.1488,0
31,372,65.3634,65.3961,0
32,384,63.7119,63.7437,0
33,396,62.1522,62.1829,0
34,408,60.6765,60.7063,0
35,420,59.2782,59.3073,0
36,432,57.9511,57.9511,0
37,444,56.6897,56.6897,0
38,456,55.4893,55.4893,0
39,468,54.3454,54.3454,0
40,480,53.2539,53.2539,0
41,492,52.2114,52.2114,0
42,504,51.2146,51.2146,0
43,516,50.2605,50.2605,0
44,528,49.3464,49.3464,0
45,540,48.4698,48.4698,0
46,552,47.6284,47.6284,0
47,564,46.8202,46.8202,0
48,576,46.0431,46.0431,0
49,588,45.2954,45.2954,0
50,600,44.5755,44.5755,0
51,612,43.8818,43.8818,0
52,624,43.2128,43.2128,0
53,636,42.5672,42.5672,0
54,648,41.9439,41.9439,0
55,660,41.3415,41.3415,0
56,672,40.7592,40.7592,0
57,684,40.1959,40.1959,0
58,696,39.6505,39.6505,0
59,708,39.1224,39.1224,0
60,720,38.6107,38.6107,0
61,732,38.1145,38.1145,0
62,744,37.6332,37.6332,0
63,756,37.1661,37.1661,0
64,768,36.7127,36.7127,0
65,780,36.2722,36.2722,0
66,792,35.8441,35.8441,0
67,804,35.428,35.428,0
68,816,35.0232,35.0232,0
69,828,34.6295,34.6295,0
70,840,34.2462,34.2462,0
71,852,33.873,33.873,0
72,864,33.5095,33.5095,0
73,876,33.1554,33.1554,0
74,888,32.8102,32.8102,0
75,900,32.4736,32.4736,0
76,912,32.1454,32.1454,0
77,924,31.8251,31.8251,0
78,936,31.5125,31.5125,0
79,948,31.2073,31.2073,0
80,960,30.9094,30.9094,0
81,972,30.6183,30.6183,0
82,984,30.3339,30.3339,0
83,996,30.0559,30.0559,0
84,1008,29.7841,29.7841,0
85,1020,29.5183,29.5183,0
86,1032,29.2584,29.2584,0
87,1044,29.004,29.004,0
88,1056,28.7551,28.7551,0
89,1068,28.5114,28.5114,0
90,1080,28.2728,28.2728,0
91,1092,28.0391,28.0391,0
92,1104,27.8101,27.8101,0
93,1116,27.5858,27.5858,0
94,1128,27.366,27.366,0
95,1140,27.1505,27.1505,0
96,1152,26.9392,26.9392,0
97,1164,26.732,26.732,0
98,1176,26.5288,26.5288,0
99,1188,26.3294,26.3294,0
100,1200,26.1338,26.1338,0
101,1212,25.9418,25.9418,0
102,1224,25.7533,25.7533,0
103,1236,25.5683,25.5683,0
104,1248,25.3866,25.3866,0
105,1260,25.2081,25.2081,0
106,1272,25.0329,25.0329,0
107,1284,24.8607,24.8607,0
108,1296,24.6915,24.6915,0
109,1308,24.5252,24.5252,0
110,1320,24.3618,24.3618,0
111,1332,24.2011,24.2011,0
112,1344,24.0432,24.0432,0
113,1356,23.8879,23.8879,0
114,1368,23.7352,23.7352,0
115,1380,23.585,23.585,0
116,1392,23.4372,23.4372,0
117,1404,23.2919,23.2919,0
118,1416,23.1488,23.1488,0
119,1428,23.0081,23.0081,0
120,1440,22.8696,22.8696,0
121,1452,22.7332,22.7332,0
122,1464,22.599,22.599,0
123,1476,22.4668,22.4668,0
124,1488,22.3367,22.3367,0
125,1500,22.2085,22.2085,0
126,1512,22.0823,22.0823,0
127,1524,21.958,21.958,0
128,1536,21.8355,21.8355,0
129,1548,21.7148,21.7148,0
130,1560,21.596,21.596,0
131,1572,21.4788,21.4788,0
132,1584,21.3633,21.3633,0
133,1596,21.2495,21.2495,0
134,1608,21.1373,21.1373,0
135,1620,21.0267,21.0267,0
136,1632,20.9176,20.9176,0
137,1644,20.8101,20.8101,0
138,1656,20.704,20.704,0
139,1668,20.5994,20.5994,0
140,1680,20.4963,20.4963,0
141,1692,20.3945,20.3945,0
142,1704,20.2941,20.2941,0
143,1716,20.195,20.195,0
144,1728,20.0972,20.0972,0
145,1740,20.0008,20.0008,0
146,1752,19.9056,19.9056,0
147,1764,19.8116,19.8116,0
148,1776,19.7188,19.7188,0
149,1788,19.6272,19.6272,0
150,1800,19.5368,19.5368,0
151,1812,19.4475,19.4475,0
152,1824,19.3594,19.3594,0
153,1836,19.2723,19.2723,0
154,1848,19.1864,19.1864,0
155,1860,19.1014,19.1014,0
156,1872,19.0176,19.0176,0
157,1884,18.9347,18.9347,0
158,1896,18.8528,18.8528,0
159,1908,18.772,18.772,0
160,1920,18.6921,18.6921,0
161,1932,18.6131,18.6131,0
162,1944,18.5351,18.5351,0
163,1956,18.4579,18.4579,0
164,1968,18.3817,18.3817,0
165,1980,18.3064,18.3064,0
166,1992,18.2319,18.2319,0
167,2004,18.1583,18.1583,0
168,2016,18.0855,18.0855,0
169,2028,18.0136,18.0136,0
170,2040,17.9424,17.9424,0
171,2052,17.8721,17.8721,0
172,2064,17.8025,17.8025,0
173,2076,17.7337,17.7337,0
174,2088,17.6657,17.6657,0
175,2100,17.5984,17.5984,0
176,2112,17.5318,17.5318,0
177,2124,17.466,17.466,0
178,2136,17.4008,17.4008,0
179,2148,17.3364,17.3364,0
180,2160,17.2727,17.2727,0
181,2172,17.2096,17.2096,0
182,2184,17.1472,17.1472,0
183,2196,17.0855,17.0855,0
184,2208,17.0244,17.0244,0
185,2220,16.9639,16.9639,0
186,2232,16.9041,16.9041,0
187,2244,16.8449,16.8449,0
188,2256,16.7863,16.7863,0
189,2268,16.7283,16.7283,0
190,2280,16.6708,16.6708,0
191,2292,16.614,16.614,0
192,2304,16.5577,16.5577,0
193,2316,16.502,16.502,0
194,2328,16.4469,16.4469,0
195,2340,16.3923,16.3923,0
196,2352,16.3382,16.3382,0
197,2364,16.2847,16.2847,0
198,2376,16.2317,16.2317,0
199,2388,16.1792,16.1792,0
200,2400,16.1272,16.1272,0
201,2412,16.0757,16.0757,0
202,2424,16.0247,16.0247,0
203,2436,15.9742,15.9742,0
204,2448,15.9242,15.9242,0
205,2460,15.8746,15.8746,0
206,2472,15.8256,15.8256,0
207,2484,15.7769,15.7769,0
208,2496,15.7288,15.7288,0
209,2508,15.681,15.681,0
210,2520,15.6338,15.6338,0
211,2532,15.5869,15.5869,0
212,2544,15.5405,15.5405,0
213,2556,15.4945,15.4945,0
214,2568,15.449,15.449,0
215,2580,15.4038,15.4038,0
216,2592,15.3591,15.3591,0
217,2604,15.3147,15.3147,0
218,2616,15.2708,15.2708,0
219,2628,15.2272,15.2272,0
220,2640,15.1841,15.1841,0
221,2652,15.1413,15.1413,0
222,2664,15.0989,15.0989,0
223,2676,15.0568,15.0568,0
224,2688,15.0151,15.0151,0
225,2700,14.9738,14.9738,0
226,2712,14.9329,14.9329,0
227,2724,14.8923,14.8923,0
228,2736,14.852,14.852,0
229,2748,14.8121,14.8121,0
230,2760,14.7725,14.7725,0
231,2772,14.7333,14.7333,0
232,2784,14.6944,14.6944,0
233,2796,14.6558,14.6558,0
234,2808,14.6175,14.6175,0
235,2820,14.5796,14.5796,0
236,2832,14.542,14.542,0
237,2844,14.5046,14.5046,0
238,2856,14.4676,14.4676,0
239,2868,14.4309,14.4309,0
240,2880,14.3945,14.3945,0
241,2892,14.3584,14.3584,0
242,2904,14.3226,14.3226,0
243,2916,14.2871,14.2871,0
244,2928,14.2518,14.2518,0
245,2940,14.2169,14.2169,0
246,2952,14.1822,14.1822,0
247,2964,14.1478,14.1478,0
248,2976,14.1137,14.1137,0
249,2988,14.0798,14.0798,0
250,3000,14.0462,14.0462,0
251,3012,14.0129,14.0129,0
252,3024,13.9798,13.9798,0
253,3036,13.947,13.947,0
254,3048,13.9144,13.9144,0
255,3060,13.8821,13.8821,0
256,3072,13.85,13.85,0
257,3084,13.8182,13.8182,0
258,3096,13.7867,13.7867,0
259,3108,13.7553,13.7553,0
260,3120,13.7242,13.7242,0
261,3132,13.6934,13.6934,0
262,3144,13.6627,13.6627,0
263,3156,13.6323,13.6323,0
264,3168,13.6021,13.6021,0
265,3180,13.5722,13.5722,0
266,3192,13.5425,13.5425,0
267,3204,13.513,13.513,0
268,3216,13.4837,13.4837,0
269,3228,13.4546,13.4546,0
270,3240,13.4257,13.4257,0
271,3252,13.3971,13.3971,0
272,3264,13.3686,13.3686,0
273,3276,13.3404,13.3404,0
274,3288,13.3124,13.3124,0
275,3300,13.2845,13.2845,0
276,3312,13.2569,13.2569,0
277,3324,13.2295,13.2295,0
278,3336,13.2022,13.2022,0
279,3348,13.1752,13.1752,0
280,3360,13.1483,13.1483,0
281,3372,13.1217,13.1217,0
282,3384,13.0952,13.0952,0
283,3396,13.0689,13.0689,0
284,3408,13.0428,13.0428,0
285,3420,13.0168,13.0168,0
286,3432,12.9911,12.9911,0
287,3444,12.9655,12.9655,0
288,3456,12.9401,12.9401,0
289,3468,12.9149,12.9149,0
290,3480,12.8899,12.8899,0
291,3492,12.865,12.865,0
292,3504,12.8403,12.8403,0
293,3516,12.8158,12.8158,0
294,3528,12.7914,12.7914,0
295,3540,12.7672,12.7672,0
296,3552,12.7432,12.7432,0
297,3564,12.7193,12.7193,0
298,3576,12.6956,12.6956,0
299,3588,12.672,12.672,0
300,3600,12.6486,12.6486,0
301,3612,12.6253,12.6253,0
302,3624,12.6022,12.6022,0
303,3636,12.5793,12.5793,0
304,3648,12.5565,12.5565,0
305,3660,12.5339,12.5339,0
306,3672,12.5114,12.5114,0
307,3684,12.489,12.489,0
308,3696,12.4668,12.4668,0
309,3708,12.4448,12.4448,0
310,3720,12.4228,12.4228,0
311,3732,12.4011,12.4011,0
312,3744,12.3794,12.3794,0
313,3756,12.3579,12.3579,0
314,3768,12.3366,12.3366,0
315,3780,12.3153,12.3153,0
316,3792,12.2943,12.2943,0
317,3804,12.2733,12.2733,0
318,3816,12.2525,12.2525,0
319,3828,12.2318,12.2318,0
320,3840,12.2112,12.2112,0
321,3852,12.1908,12.1908,0
322,3864,12.1705,12.1705,0
323,3876,12.1503,12.1503,0
324,3888,12.1303,12.1303,0
325,3900,12.1103,12.1103,0
326,3912,12.0905,12.0905,0
327,3924,12.0708,12.0708,0
328,3936,12.0513,12.0513,0
329,3948,12.0318,12.0318,0
330,3960,12.0125,12.0125,0
331,3972,11.9933,11.9933,0
332,3984,11.9742,11.9742,0
333,3996,11.9552,11.9552,0
334,4008,11.9364,11.9364,0
335,4020,11.9176,11.9176,0
336,4032,11.899,11.899,0
337,4044,11.8805,11.8805,0
338,4056,11.8621,11.8621,0
339,4068,11.8438,11.8438,0
340,4080,11.8256,11.8256,0
341,4092,11.8075,11.8075,0
342,4104,11.7895,11.7895,0
343,4116,11.7717,11.7717,0
344,4128,11.7539,11.7539,0
345,4140,11.7363,11.7363,0
346,4152,11.7187,11.7187,0
347,4164,11.7012,11.7012,0
348,4176,11.6839,11.6839,0
349,4188,11.6666,11.6666,0
350,4200,11.6495,11.6495,0
351,4212,11.6324,11.6324,0
352,4224,11.6155,11.6155,0
353,4236,11.5986,11.5986,0
354,4248,11.5819,11.5819,0
355,4260,11.5652,11.5652,0
356,4272,11.5487,11.5487,0
357,4284,11.5322,11.5322,0
358,4296,11.5158,11.5158,0
359,4308,11.4995,11.4995,0
360,4320,11.4833,11.4833,0
361,4332,11.4672,11.4672,0
362,4344,11.4512,11.4512,0
363,4356,11.4353,11.4353,0
364,4368,11.4195,11.4195,0
365,4380,11.4037,11.4037,0
366,4392,11.3881,11.3881,0
367,4404,11.3725,11.3725,0
368,4416,11.357,11.357,0
369,4428,11.3416,11.3416,0
370,4440,11.3263,11.3263,0
371,4452,11.3111,11.3111,0
372,4464,11.2959,11.2959,0
373,4476,11.2809,11.2809,0
374,4488,11.2659,11.2659,0
375,4500,11.251,11.251,0
376,4512,11.2362,11.2362,0
377,4524,11.2214,11.2214,0
378,4536,11.2068,11.2068,0
379,4548,11.1922,11.1922,0
380,4560,11.1777,11.1777,0
381,4572,11.1633,11.1633,0
382,4584,11.1489,11.1489,0
383,4596,11.1347,11.1347,0
384,4608,11.1205,11.1205,0
385,4620,11.1064,11.1064,0
386,4632,11.0923,11.0923,0
387,4644,11.0784,11.0784,0
388,4656,11.0645,11.0645,0
389,4668,11.0507,11.0507,0
390,4680,11.0369,11.0369,0
391,4692,11.0232,11.0232,0
392,4704,11.0096,11.0096,0
393,4716,10.9961,10.9961,0
394,4728,10.9826,10.9826,0
395,4740,10.9692,10.9692,0
396,4752,10.9559,10.9559,0
397,4764,10.9427,10.9427,0
398,4776,10.9295,10.9295,0
399,4788,10.9164,10.9164,0
400,4800,10.9033,10.9033,0
