# TOPAS/Geant4 C-12 electronic stopping power in SchneiderSection07; 0.01+0.1*n MeV/u grid.
energy_MeVu,stopping_power_MeV_per_mm
0.01,210.428
0.11,670.636
0.21,791.766
0.31,804.095
0.41,782.941
0.51,757.732
0.61,733.229
0.71,711.353
0.81,690.422
0.91,671.084
1.01,652.188
1.11,634.84
1.21,617.493
1.31,601.402
1.41,585.947
1.51,570.492
1.61,555.899
1.71,542.386
1.81,528.872
1.91,515.359
2.01,495.456
2.11,482.052
2.21,469.384
2.31,457.397
2.41,446.034
2.51,435.173
2.61,424.666
2.71,414.727
2.81,405.252
2.91,396.209
3.01,387.574
3.11,379.315
3.21,371.411
3.31,363.842
3.41,356.586
3.51,349.692
3.61,343.291
3.71,337.128
3.81,331.191
3.91,325.469
4.01,319.95
4.11,314.613
4.21,309.454
4.31,304.472
4.41,299.657
4.51,294.993
4.61,290.478
4.71,286.107
4.81,281.874
4.91,277.773
5.01,273.797
5.11,269.941
5.21,266.2
5.31,262.568
5.41,259.04
5.51,255.615
5.61,252.285
5.71,249.047
5.81,245.894
5.91,242.827
6.01,239.84
6.11,236.932
6.21,234.098
6.31,231.337
6.41,228.645
6.51,226.019
6.61,223.458
6.71,220.959
6.81,218.52
6.91,216.138
7.01,213.811
7.11,211.538
7.21,209.317
7.31,207.148
7.41,205.028
7.51,202.951
7.61,200.918
7.71,198.928
7.81,196.98
7.91,195.073
8.01,193.205
8.11,191.375
8.21,189.583
8.31,187.827
8.41,186.106
8.51,184.418
8.61,182.763
8.71,181.14
8.81,179.548
8.91,177.986
9.01,176.453
9.11,174.949
9.21,173.472
9.31,172.021
9.41,170.597
9.51,169.199
9.61,167.824
9.71,166.474
9.81,165.148
9.91,163.844
10.01,162.562
10.11,161.302
10.21,160.063
10.31,158.844
10.41,157.645
10.51,156.465
10.61,155.303
10.71,154.16
10.81,153.035
10.91,151.928
11.01,150.838
11.11,149.765
11.21,148.709
11.31,147.668
11.41,146.643
11.51,145.634
11.61,144.64
11.71,143.66
11.81,142.695
11.91,141.744
12.01,140.807
12.11,139.883
12.21,138.972
12.31,138.074
12.41,137.189
12.51,136.316
12.61,135.455
12.71,134.606
12.81,133.768
12.91,132.942
13.01,132.127
13.11,131.322
13.21,130.529
13.31,129.746
13.41,128.973
13.51,128.21
13.61,127.457
13.71,126.713
13.81,125.979
13.91,125.255
14.01,124.539
14.11,123.832
14.21,123.135
14.31,122.445
14.41,121.764
14.51,121.092
14.61,120.427
14.71,119.77
14.81,119.122
14.91,118.481
15.01,117.847
15.11,117.221
15.21,116.601
15.31,115.989
15.41,115.384
15.51,114.786
15.61,114.194
15.71,113.609
15.81,113.031
15.91,112.459
16.01,111.894
16.11,111.334
16.21,110.781
16.31,110.234
16.41,109.693
16.51,109.157
16.61,108.628
16.71,108.104
16.81,107.585
16.91,107.072
17.01,106.565
17.11,106.063
17.21,105.565
17.31,105.073
17.41,104.586
17.51,104.104
17.61,103.627
17.71,103.155
17.81,102.687
17.91,102.224
18.01,101.766
18.11,101.312
18.21,100.863
18.31,100.418
18.41,99.9771
18.51,99.5406
18.61,99.1084
18.71,98.6803
18.81,98.2564
18.91,97.8364
19.01,97.4204
19.11,97.0082
19.21,96.5999
19.31,96.1954
19.41,95.7947
19.51,95.3976
19.61,95.0041
19.71,94.6142
19.81,94.2278
19.91,93.8449
20.01,93.4655
20.11,93.0894
20.21,92.7167
20.31,92.3472
20.41,91.981
20.51,91.6181
20.61,91.2583
20.71,90.9016
20.81,90.5479
20.91,90.1974
21.01,89.8498
21.11,89.5052
21.21,89.1635
21.31,88.8247
21.41,88.4888
21.51,88.1556
21.61,87.8253
21.71,87.4976
21.81,87.1727
21.91,86.8505
22.01,86.5309
22.11,86.2139
22.21,85.8995
22.31,85.5876
22.41,85.2783
22.51,84.9714
22.61,84.6669
22.71,84.3649
22.81,84.0653
22.91,83.7681
23.01,83.4731
23.11,83.1805
23.21,82.8902
23.31,82.6021
23.41,82.3162
23.51,82.0325
23.61,81.7511
23.71,81.4717
23.81,81.1943
23.91,80.919
24.01,80.6458
24.11,80.3747
24.21,80.1055
24.31,79.8384
24.41,79.5733
24.51,79.3101
24.61,79.0488
24.71,78.7895
24.81,78.5321
24.91,78.2765
25.01,78.0228
25.11,77.771
25.21,77.5209
25.31,77.2727
25.41,77.0262
25.51,76.7815
25.61,76.5385
25.71,76.2972
25.81,76.0577
25.91,75.8198
26.01,75.5836
26.11,75.349
26.21,75.116
26.31,74.8847
26.41,74.655
26.51,74.4268
26.61,74.2002
26.71,73.9751
26.81,73.7516
26.91,73.5296
27.01,73.309
27.11,73.09
27.21,72.8724
27.31,72.6563
27.41,72.4416
27.51,72.2283
27.61,72.0165
27.71,71.806
27.81,71.5969
27.91,71.3892
28.01,71.1828
28.11,70.9778
28.21,70.7741
28.31,70.5717
28.41,70.3706
28.51,70.1708
28.61,69.9723
28.71,69.775
28.81,69.579
28.91,69.3842
29.01,69.1906
29.11,68.9983
29.21,68.8071
29.31,68.6172
29.41,68.4284
29.51,68.2408
29.61,68.0544
29.71,67.8691
29.81,67.6849
29.91,67.5019
30.01,67.32
30.11,67.1392
30.21,66.9595
30.31,66.7808
30.41,66.6032
30.51,66.4267
30.61,66.2513
30.71,66.0769
30.81,65.9035
30.91,65.7312
31.01,65.5599
31.11,65.3895
31.21,65.2202
31.31,65.0519
31.41,64.8845
31.51,64.7182
31.61,64.5527
31.71,64.3883
31.81,64.2248
31.91,64.0622
32.01,63.9005
32.11,63.7398
32.21,63.58
32.31,63.4211
32.41,63.2631
32.51,63.106
32.61,62.9497
32.71,62.7944
32.81,62.6399
32.91,62.4862
33.01,62.3334
33.11,62.1815
33.21,62.0304
33.31,61.8801
33.41,61.7307
33.51,61.582
33.61,61.4342
33.71,61.2872
33.81,61.141
33.91,60.9955
34.01,60.8509
34.11,60.707
34.21,60.564
34.31,60.4216
34.41,60.2801
34.51,60.1392
34.61,59.9992
34.71,59.8598
34.81,59.7212
34.91,59.5833
35.01,59.4462
35.11,59.3098
35.21,59.174
35.31,59.039
35.41,58.9047
35.51,58.771
35.61,58.6381
35.71,58.5058
35.81,58.3742
35.91,58.2433
36.01,58.1131
36.11,57.9835
36.21,57.8546
36.31,57.7263
36.41,57.5986
36.51,57.4716
36.61,57.3453
36.71,57.2195
36.81,57.0944
36.91,56.97
37.01,56.8461
37.11,56.7228
37.21,56.6002
37.31,56.4781
37.41,56.3567
37.51,56.2358
37.61,56.1156
37.71,55.9959
37.81,55.8768
37.91,55.7583
38.01,55.6403
38.11,55.5229
38.21,55.4061
38.31,55.2899
38.41,55.1742
38.51,55.059
38.61,54.9444
38.71,54.8303
38.81,54.7168
38.91,54.6038
39.01,54.4913
39.11,54.3794
39.21,54.268
39.31,54.1571
39.41,54.0467
39.51,53.9369
39.61,53.8275
39.71,53.7187
39.81,53.6103
39.91,53.5025
40.01,53.3952
40.11,53.2883
40.21,53.1819
40.31,53.076
40.41,52.9706
40.51,52.8657
40.61,52.7613
40.71,52.6573
40.81,52.5538
40.91,52.4507
41.01,52.3482
41.11,52.246
41.21,52.1444
41.31,52.0432
41.41,51.9424
41.51,51.8421
41.61,51.7422
41.71,51.6428
41.81,51.5438
41.91,51.4452
42.01,51.3471
42.11,51.2494
42.21,51.1522
42.31,51.0553
42.41,50.9589
42.51,50.8629
42.61,50.7673
42.71,50.6721
42.81,50.5773
42.91,50.483
43.01,50.389
43.11,50.2954
43.21,50.2023
43.31,50.1095
43.41,50.0172
43.51,49.9252
43.61,49.8336
43.71,49.7424
43.81,49.6516
43.91,49.5611
44.01,49.4711
44.11,49.3814
44.21,49.2921
44.31,49.2032
44.41,49.1146
44.51,49.0264
44.61,48.9386
44.71,48.8511
44.81,48.764
44.91,48.6773
45.01,48.5909
45.11,48.5048
45.21,48.4192
45.31,48.3338
45.41,48.2488
45.51,48.1642
45.61,48.0799
45.71,47.9959
45.81,47.9123
45.91,47.829
46.01,47.7461
46.11,47.6635
46.21,47.5812
46.31,47.4992
46.41,47.4176
46.51,47.3363
46.61,47.2553
46.71,47.1746
46.81,47.0943
46.91,47.0142
47.01,46.9345
47.11,46.8551
47.21,46.7761
47.31,46.6973
47.41,46.6188
47.51,46.5406
47.61,46.4628
47.71,46.3852
47.81,46.308
47.91,46.231
48.01,46.1543
48.11,46.078
48.21,46.0019
48.31,45.9261
48.41,45.8506
48.51,45.7754
48.61,45.7005
48.71,45.6259
48.81,45.5515
48.91,45.4775
49.01,45.4037
49.11,45.3302
49.21,45.2569
49.31,45.184
49.41,45.1113
49.51,45.0389
49.61,44.9668
49.71,44.8949
49.81,44.8233
49.91,44.752
50.01,44.6809
50.11,44.6101
50.21,44.5395
50.31,44.4693
50.41,44.3992
50.51,44.3295
50.61,44.2599
50.71,44.1907
50.81,44.1217
50.91,44.0529
51.01,43.9844
51.11,43.9162
51.21,43.8482
51.31,43.7804
51.41,43.7129
51.51,43.6456
51.61,43.5786
51.71,43.5118
51.81,43.4452
51.91,43.3789
52.01,43.3128
52.11,43.247
52.21,43.1814
52.31,43.116
52.41,43.0508
52.51,42.9859
52.61,42.9212
52.71,42.8568
52.81,42.7926
52.91,42.7286
53.01,42.6648
53.11,42.6012
53.21,42.5379
53.31,42.4748
53.41,42.4119
53.51,42.3492
53.61,42.2867
53.71,42.2245
53.81,42.1624
53.91,42.1006
54.01,42.039
54.11,41.9776
54.21,41.9164
54.31,41.8555
54.41,41.7947
54.51,41.7341
54.61,41.6738
54.71,41.6136
54.81,41.5537
54.91,41.494
55.01,41.4344
55.11,41.3751
55.21,41.3159
55.31,41.257
55.41,41.1983
55.51,41.1397
55.61,41.0814
55.71,41.0232
55.81,40.9652
55.91,40.9075
56.01,40.8499
56.11,40.7925
56.21,40.7353
56.31,40.6783
56.41,40.6215
56.51,40.5648
56.61,40.5084
56.71,40.4521
56.81,40.396
56.91,40.3401
57.01,40.2844
57.11,40.2289
57.21,40.1735
57.31,40.1183
57.41,40.0633
57.51,40.0085
57.61,39.9539
57.71,39.8994
57.81,39.8451
57.91,39.791
58.01,39.7371
58.11,39.6833
58.21,39.6297
58.31,39.5763
58.41,39.523
58.51,39.4699
58.61,39.417
58.71,39.3642
58.81,39.3117
58.91,39.2592
59.01,39.207
59.11,39.1549
59.21,39.103
59.31,39.0512
59.41,38.9996
59.51,38.9482
59.61,38.8969
59.71,38.8457
59.81,38.7948
59.91,38.744
60.01,38.6933
60.11,38.6428
60.21,38.5925
60.31,38.5423
60.41,38.4923
60.51,38.4424
60.61,38.3927
60.71,38.3431
60.81,38.2937
60.91,38.2445
61.01,38.1954
61.11,38.1464
61.21,38.0976
61.31,38.0489
61.41,38.0004
61.51,37.952
61.61,37.9038
61.71,37.8557
61.81,37.8078
61.91,37.76
62.01,37.7123
62.11,37.6648
62.21,37.6175
62.31,37.5702
62.41,37.5231
62.51,37.4762
62.61,37.4294
62.71,37.3827
62.81,37.3362
62.91,37.2898
63.01,37.2436
63.11,37.1975
63.21,37.1515
63.31,37.1056
63.41,37.0599
63.51,37.0143
63.61,36.9689
63.71,36.9236
63.81,36.8784
63.91,36.8334
64.01,36.7885
64.11,36.7437
64.21,36.699
64.31,36.6545
64.41,36.6101
64.51,36.5658
64.61,36.5217
64.71,36.4777
64.81,36.4338
64.91,36.39
65.01,36.3464
65.11,36.3029
65.21,36.2595
65.31,36.2162
65.41,36.1731
65.51,36.1301
65.61,36.0872
65.71,36.0444
65.81,36.0018
65.91,35.9592
66.01,35.9168
66.11,35.8745
66.21,35.8324
66.31,35.7903
66.41,35.7484
66.51,35.7066
66.61,35.6649
66.71,35.6233
66.81,35.5818
66.91,35.5405
67.01,35.4992
67.11,35.4581
67.21,35.4171
67.31,35.3762
67.41,35.3354
67.51,35.2947
67.61,35.2542
67.71,35.2137
67.81,35.1734
67.91,35.1332
68.01,35.0931
68.11,35.0531
68.21,35.0132
68.31,34.9734
68.41,34.9337
68.51,34.8942
68.61,34.8547
68.71,34.8153
68.81,34.7761
68.91,34.737
69.01,34.6979
69.11,34.659
69.21,34.6202
69.31,34.5815
69.41,34.5428
69.51,34.5043
69.61,34.4659
69.71,34.4276
69.81,34.3894
69.91,34.3513
70.01,34.3133
70.11,34.2754
70.21,34.2376
70.31,34.1999
70.41,34.1624
70.51,34.1249
70.61,34.0875
70.71,34.0502
70.81,34.013
70.91,33.9759
71.01,33.9389
71.11,33.902
71.21,33.8652
71.31,33.8284
71.41,33.7918
71.51,33.7553
71.61,33.7189
71.71,33.6826
71.81,33.6463
71.91,33.6102
72.01,33.5741
72.11,33.5382
72.21,33.5023
72.31,33.4666
72.41,33.4309
72.51,33.3953
72.61,33.3598
72.71,33.3244
72.81,33.2891
72.91,33.2539
73.01,33.2188
73.11,33.1837
73.21,33.1488
73.31,33.1139
73.41,33.0792
73.51,33.0445
73.61,33.0099
73.71,32.9754
73.81,32.941
73.91,32.9067
74.01,32.8724
74.11,32.8383
74.21,32.8042
74.31,32.7702
74.41,32.7363
74.51,32.7025
74.61,32.6688
74.71,32.6351
74.81,32.6016
74.91,32.5681
75.01,32.5347
75.11,32.5014
75.21,32.4682
75.31,32.435
75.41,32.402
75.51,32.369
75.61,32.3361
75.71,32.3033
75.81,32.2706
75.91,32.2379
76.01,32.2053
76.11,32.1728
76.21,32.1404
76.31,32.1081
76.41,32.0758
76.51,32.0437
76.61,32.0116
76.71,31.9796
76.81,31.9476
76.91,31.9158
77.01,31.884
77.11,31.8523
77.21,31.8206
77.31,31.7891
77.41,31.7576
77.51,31.7262
77.61,31.6949
77.71,31.6637
77.81,31.6325
77.91,31.6014
78.01,31.5704
78.11,31.5394
78.21,31.5085
78.31,31.4777
78.41,31.447
78.51,31.4164
78.61,31.3858
78.71,31.3553
78.81,31.3248
78.91,31.2945
79.01,31.2642
79.11,31.234
79.21,31.2038
79.31,31.1738
79.41,31.1438
79.51,31.1138
79.61,31.084
79.71,31.0542
79.81,31.0245
79.91,30.9948
80.01,30.9652
80.11,30.9357
80.21,30.9063
80.31,30.8769
80.41,30.8476
80.51,30.8184
80.61,30.7892
80.71,30.7601
80.81,30.731
80.91,30.7021
81.01,30.6732
81.11,30.6444
81.21,30.6156
81.31,30.5869
81.41,30.5583
81.51,30.5297
81.61,30.5012
81.71,30.4728
81.81,30.4444
81.91,30.4161
82.01,30.3878
82.11,30.3597
82.21,30.3316
82.31,30.3035
82.41,30.2755
82.51,30.2476
82.61,30.2197
82.71,30.192
82.81,30.1642
82.91,30.1366
83.01,30.109
83.11,30.0814
83.21,30.0539
83.31,30.0265
83.41,29.9992
83.51,29.9719
83.61,29.9446
83.71,29.9175
83.81,29.8903
83.91,29.8633
84.01,29.8363
84.11,29.8094
84.21,29.7825
84.31,29.7557
84.41,29.7289
84.51,29.7022
84.61,29.6756
84.71,29.649
84.81,29.6225
84.91,29.5961
85.01,29.5697
85.11,29.5433
85.21,29.5171
85.31,29.4908
85.41,29.4647
85.51,29.4386
85.61,29.4125
85.71,29.3865
85.81,29.3606
85.91,29.3347
86.01,29.3089
86.11,29.2831
86.21,29.2574
86.31,29.2317
86.41,29.2061
86.51,29.1806
86.61,29.1551
86.71,29.1297
86.81,29.1043
86.91,29.079
87.01,29.0537
87.11,29.0285
87.21,29.0033
87.31,28.9782
87.41,28.9532
87.51,28.9282
87.61,28.9032
87.71,28.8783
87.81,28.8535
87.91,28.8287
88.01,28.804
88.11,28.7793
88.21,28.7547
88.31,28.7301
88.41,28.7056
88.51,28.6811
88.61,28.6567
88.71,28.6323
88.81,28.608
88.91,28.5837
89.01,28.5595
89.11,28.5354
89.21,28.5112
89.31,28.4872
89.41,28.4632
89.51,28.4392
89.61,28.4153
89.71,28.3914
89.81,28.3676
89.91,28.3439
90.01,28.3202
90.11,28.2965
90.21,28.2729
90.31,28.2493
90.41,28.2258
90.51,28.2023
90.61,28.1789
90.71,28.1556
90.81,28.1322
90.91,28.109
91.01,28.0857
91.11,28.0626
91.21,28.0394
91.31,28.0163
91.41,27.9933
91.51,27.9703
91.61,27.9474
91.71,27.9245
91.81,27.9016
91.91,27.8788
92.01,27.8561
92.11,27.8334
92.21,27.8107
92.31,27.7881
92.41,27.7655
92.51,27.743
92.61,27.7205
92.71,27.6981
92.81,27.6757
92.91,27.6534
93.01,27.6311
93.11,27.6088
93.21,27.5866
93.31,27.5645
93.41,27.5424
93.51,27.5203
93.61,27.4983
93.71,27.4763
93.81,27.4543
93.91,27.4324
94.01,27.4106
94.11,27.3888
94.21,27.367
94.31,27.3453
94.41,27.3236
94.51,27.302
94.61,27.2804
94.71,27.2588
94.81,27.2373
94.91,27.2159
95.01,27.1944
95.11,27.173
95.21,27.1517
95.31,27.1304
95.41,27.1092
95.51,27.0879
95.61,27.0668
95.71,27.0456
95.81,27.0246
95.91,27.0035
96.01,26.9825
96.11,26.9615
96.21,26.9406
96.31,26.9197
96.41,26.8989
96.51,26.8781
96.61,26.8573
96.71,26.8366
96.81,26.8159
96.91,26.7953
97.01,26.7747
97.11,26.7541
97.21,26.7336
97.31,26.7131
97.41,26.6927
97.51,26.6723
97.61,26.6519
97.71,26.6316
97.81,26.6113
97.91,26.591
98.01,26.5708
98.11,26.5507
98.21,26.5305
98.31,26.5104
98.41,26.4904
98.51,26.4704
98.61,26.4504
98.71,26.4305
98.81,26.4105
98.91,26.3907
99.01,26.3709
99.11,26.3511
99.21,26.3313
99.31,26.3116
99.41,26.2919
99.51,26.2723
99.61,26.2527
99.71,26.2331
99.81,26.2136
99.91,26.1941
100.01,26.1746
100.11,26.1552
100.21,26.1358
100.31,26.1165
100.41,26.0972
100.51,26.0779
100.61,26.0587
100.71,26.0394
100.81,26.0203
100.91,26.0012
101.01,25.9821
101.11,25.963
101.21,25.944
101.31,25.925
101.41,25.906
101.51,25.8871
101.61,25.8682
101.71,25.8494
101.81,25.8305
101.91,25.8118
102.01,25.793
102.11,25.7743
102.21,25.7556
102.31,25.737
102.41,25.7184
102.51,25.6998
102.61,25.6813
102.71,25.6628
102.81,25.6443
102.91,25.6258
103.01,25.6074
103.11,25.5891
103.21,25.5707
103.31,25.5524
103.41,25.5341
103.51,25.5159
103.61,25.4977
103.71,25.4795
103.81,25.4614
103.91,25.4433
104.01,25.4252
104.11,25.4072
104.21,25.3891
104.31,25.3712
104.41,25.3532
104.51,25.3353
104.61,25.3174
104.71,25.2996
104.81,25.2818
104.91,25.264
105.01,25.2462
105.11,25.2285
105.21,25.2108
105.31,25.1932
105.41,25.1755
105.51,25.1579
105.61,25.1404
105.71,25.1229
105.81,25.1054
105.91,25.0879
106.01,25.0704
106.11,25.053
106.21,25.0357
106.31,25.0183
106.41,25.001
106.51,24.9837
106.61,24.9665
106.71,24.9492
106.81,24.932
106.91,24.9149
107.01,24.8977
107.11,24.8806
107.21,24.8636
107.31,24.8465
107.41,24.8295
107.51,24.8125
107.61,24.7956
107.71,24.7787
107.81,24.7618
107.91,24.7449
108.01,24.7281
108.11,24.7113
108.21,24.6945
108.31,24.6777
108.41,24.661
108.51,24.6443
108.61,24.6277
108.71,24.611
108.81,24.5944
108.91,24.5779
109.01,24.5613
109.11,24.5448
109.21,24.5283
109.31,24.5118
109.41,24.4954
109.51,24.479
109.61,24.4626
109.71,24.4463
109.81,24.43
109.91,24.4137
110.01,24.3974
110.11,24.3812
110.21,24.365
110.31,24.3488
110.41,24.3327
110.51,24.3165
110.61,24.3004
110.71,24.2844
110.81,24.2683
110.91,24.2523
111.01,24.2363
111.11,24.2204
111.21,24.2044
111.31,24.1885
111.41,24.1726
111.51,24.1568
111.61,24.141
111.71,24.1252
111.81,24.1094
111.91,24.0937
112.01,24.0779
112.11,24.0622
112.21,24.0466
112.31,24.0309
112.41,24.0153
112.51,23.9997
112.61,23.9842
112.71,23.9687
112.81,23.9531
112.91,23.9377
113.01,23.9222
113.11,23.9068
113.21,23.8914
113.31,23.876
113.41,23.8606
113.51,23.8453
113.61,23.83
113.71,23.8147
113.81,23.7995
113.91,23.7843
114.01,23.7691
114.11,23.7539
114.21,23.7387
114.31,23.7236
114.41,23.7085
114.51,23.6934
114.61,23.6784
114.71,23.6634
114.81,23.6484
114.91,23.6334
115.01,23.6184
115.11,23.6035
115.21,23.5886
115.31,23.5737
115.41,23.5589
115.51,23.544
115.61,23.5292
115.71,23.5144
115.81,23.4997
115.91,23.485
116.01,23.4703
116.11,23.4556
116.21,23.4409
116.31,23.4263
116.41,23.4117
116.51,23.3971
116.61,23.3825
116.71,23.368
116.81,23.3534
116.91,23.3389
117.01,23.3245
117.11,23.31
117.21,23.2956
117.31,23.2812
117.41,23.2668
117.51,23.2525
117.61,23.2381
117.71,23.2238
117.81,23.2095
117.91,23.1953
118.01,23.181
118.11,23.1668
118.21,23.1526
118.31,23.1385
118.41,23.1243
118.51,23.1102
118.61,23.0961
118.71,23.082
118.81,23.068
118.91,23.0539
119.01,23.0399
119.11,23.0259
119.21,23.0119
119.31,22.998
119.41,22.9841
119.51,22.9702
119.61,22.9563
119.71,22.9424
119.81,22.9286
119.91,22.9148
120.01,22.901
120.11,22.8872
120.21,22.8735
120.31,22.8597
120.41,22.846
120.51,22.8324
120.61,22.8187
120.71,22.8051
120.81,22.7914
120.91,22.7778
121.01,22.7643
121.11,22.7507
121.21,22.7372
121.31,22.7237
121.41,22.7102
121.51,22.6967
121.61,22.6832
121.71,22.6698
121.81,22.6564
121.91,22.643
122.01,22.6297
122.11,22.6163
122.21,22.603
122.31,22.5897
122.41,22.5764
122.51,22.5631
122.61,22.5499
122.71,22.5367
122.81,22.5235
122.91,22.5103
123.01,22.4971
123.11,22.484
123.21,22.4709
123.31,22.4578
123.41,22.4447
123.51,22.4316
123.61,22.4186
123.71,22.4056
123.81,22.3926
123.91,22.3796
124.01,22.3666
124.11,22.3537
124.21,22.3408
124.31,22.3279
124.41,22.315
124.51,22.3022
124.61,22.2893
124.71,22.2765
124.81,22.2637
124.91,22.2509
125.01,22.2381
125.11,22.2254
125.21,22.2127
125.31,22.2
125.41,22.1873
125.51,22.1746
125.61,22.162
125.71,22.1494
125.81,22.1367
125.91,22.1242
126.01,22.1116
126.11,22.099
126.21,22.0865
126.31,22.074
126.41,22.0615
126.51,22.049
126.61,22.0366
126.71,22.0241
126.81,22.0117
126.91,21.9993
127.01,21.9869
127.11,21.9746
127.21,21.9622
127.31,21.9499
127.41,21.9376
127.51,21.9253
127.61,21.913
127.71,21.9008
127.81,21.8885
127.91,21.8763
128.01,21.8641
128.11,21.8519
128.21,21.8398
128.31,21.8276
128.41,21.8155
128.51,21.8034
128.61,21.7913
128.71,21.7792
128.81,21.7672
128.91,21.7551
129.01,21.7431
129.11,21.7311
129.21,21.7191
129.31,21.7072
129.41,21.6952
129.51,21.6833
129.61,21.6714
129.71,21.6595
129.81,21.6476
129.91,21.6358
130.01,21.6239
130.11,21.6121
130.21,21.6003
130.31,21.5885
130.41,21.5767
130.51,21.565
130.61,21.5532
130.71,21.5415
130.81,21.5298
130.91,21.5181
131.01,21.5064
131.11,21.4948
131.21,21.4831
131.31,21.4715
131.41,21.4599
131.51,21.4483
131.61,21.4368
131.71,21.4252
131.81,21.4137
131.91,21.4022
132.01,21.3907
132.11,21.3792
132.21,21.3677
132.31,21.3562
132.41,21.3448
132.51,21.3334
132.61,21.322
132.71,21.3106
132.81,21.2992
132.91,21.2879
133.01,21.2765
133.11,21.2652
133.21,21.2539
133.31,21.2426
133.41,21.2313
133.51,21.2201
133.61,21.2088
133.71,21.1976
133.81,21.1864
133.91,21.1752
134.01,21.164
134.11,21.1529
134.21,21.1417
134.31,21.1306
134.41,21.1195
134.51,21.1084
134.61,21.0973
134.71,21.0862
134.81,21.0752
134.91,21.0642
135.01,21.0531
135.11,21.0421
135.21,21.0311
135.31,21.0202
135.41,21.0092
135.51,20.9983
135.61,20.9873
135.71,20.9764
135.81,20.9655
135.91,20.9547
136.01,20.9438
136.11,20.9329
136.21,20.9221
136.31,20.9113
136.41,20.9005
136.51,20.8897
136.61,20.8789
136.71,20.8682
136.81,20.8574
136.91,20.8467
137.01,20.836
137.11,20.8253
137.21,20.8146
137.31,20.8039
137.41,20.7933
137.51,20.7826
137.61,20.772
137.71,20.7614
137.81,20.7508
137.91,20.7402
138.01,20.7296
138.11,20.7191
138.21,20.7085
138.31,20.698
138.41,20.6875
138.51,20.677
138.61,20.6665
138.71,20.6561
138.81,20.6456
138.91,20.6352
139.01,20.6248
139.11,20.6144
139.21,20.604
139.31,20.5936
139.41,20.5832
139.51,20.5729
139.61,20.5625
139.71,20.5522
139.81,20.5419
139.91,20.5316
140.01,20.5213
140.11,20.511
140.21,20.5008
140.31,20.4906
140.41,20.4803
140.51,20.4701
140.61,20.4599
140.71,20.4497
140.81,20.4396
140.91,20.4294
141.01,20.4193
141.11,20.4091
141.21,20.399
141.31,20.3889
141.41,20.3788
141.51,20.3688
141.61,20.3587
141.71,20.3487
141.81,20.3386
141.91,20.3286
142.01,20.3186
142.11,20.3086
142.21,20.2986
142.31,20.2887
142.41,20.2787
142.51,20.2688
142.61,20.2588
142.71,20.2489
142.81,20.239
142.91,20.2291
143.01,20.2193
143.11,20.2094
143.21,20.1996
143.31,20.1897
143.41,20.1799
143.51,20.1701
143.61,20.1603
143.71,20.1505
143.81,20.1407
143.91,20.131
144.01,20.1212
144.11,20.1115
144.21,20.1018
144.31,20.0921
144.41,20.0824
144.51,20.0727
144.61,20.0631
144.71,20.0534
144.81,20.0438
144.91,20.0341
145.01,20.0245
145.11,20.0149
145.21,20.0053
145.31,19.9958
145.41,19.9862
145.51,19.9766
145.61,19.9671
145.71,19.9576
145.81,19.9481
145.91,19.9386
146.01,19.9291
146.11,19.9196
146.21,19.9101
146.31,19.9007
146.41,19.8912
146.51,19.8818
146.61,19.8724
146.71,19.863
146.81,19.8536
146.91,19.8442
147.01,19.8348
147.11,19.8255
147.21,19.8161
147.31,19.8068
147.41,19.7975
147.51,19.7882
147.61,19.7789
147.71,19.7696
147.81,19.7603
147.91,19.7511
148.01,19.7418
148.11,19.7326
148.21,19.7234
148.31,19.7142
148.41,19.705
148.51,19.6958
148.61,19.6866
148.71,19.6774
148.81,19.6683
148.91,19.6592
149.01,19.65
149.11,19.6409
149.21,19.6318
149.31,19.6227
149.41,19.6136
149.51,19.6046
149.61,19.5955
149.71,19.5864
149.81,19.5774
149.91,19.5684
150.01,19.5594
150.11,19.5504
150.21,19.5414
150.31,19.5324
150.41,19.5234
150.51,19.5145
150.61,19.5055
150.71,19.4966
150.81,19.4877
150.91,19.4788
151.01,19.4699
151.11,19.461
151.21,19.4521
151.31,19.4432
151.41,19.4344
151.51,19.4255
151.61,19.4167
151.71,19.4079
151.81,19.3991
151.91,19.3903
152.01,19.3815
152.11,19.3727
152.21,19.364
152.31,19.3552
152.41,19.3465
152.51,19.3377
152.61,19.329
152.71,19.3203
152.81,19.3116
152.91,19.3029
153.01,19.2942
153.11,19.2856
153.21,19.2769
153.31,19.2683
153.41,19.2596
153.51,19.251
153.61,19.2424
153.71,19.2338
153.81,19.2252
153.91,19.2166
154.01,19.208
154.11,19.1995
154.21,19.1909
154.31,19.1824
154.41,19.1739
154.51,19.1653
154.61,19.1568
154.71,19.1483
154.81,19.1398
154.91,19.1314
155.01,19.1229
155.11,19.1144
155.21,19.106
155.31,19.0976
155.41,19.0891
155.51,19.0807
155.61,19.0723
155.71,19.0639
155.81,19.0556
155.91,19.0472
156.01,19.0388
156.11,19.0305
156.21,19.0221
156.31,19.0138
156.41,19.0055
156.51,18.9972
156.61,18.9889
156.71,18.9806
156.81,18.9723
156.91,18.964
157.01,18.9558
157.11,18.9475
157.21,18.9393
157.31,18.931
157.41,18.9228
157.51,18.9146
157.61,18.9064
157.71,18.8982
157.81,18.89
157.91,18.8819
158.01,18.8737
158.11,18.8655
158.21,18.8574
158.31,18.8493
158.41,18.8411
158.51,18.833
158.61,18.8249
158.71,18.8168
158.81,18.8087
158.91,18.8007
159.01,18.7926
159.11,18.7846
159.21,18.7765
159.31,18.7685
159.41,18.7605
159.51,18.7524
159.61,18.7444
159.71,18.7364
159.81,18.7284
159.91,18.7205
160.01,18.7125
160.11,18.7045
160.21,18.6966
160.31,18.6887
160.41,18.6807
160.51,18.6728
160.61,18.6649
160.71,18.657
160.81,18.6491
160.91,18.6412
161.01,18.6333
161.11,18.6255
161.21,18.6176
161.31,18.6098
161.41,18.6019
161.51,18.5941
161.61,18.5863
161.71,18.5785
161.81,18.5707
161.91,18.5629
162.01,18.5551
162.11,18.5473
162.21,18.5396
162.31,18.5318
162.41,18.5241
162.51,18.5164
162.61,18.5086
162.71,18.5009
162.81,18.4932
162.91,18.4855
163.01,18.4778
163.11,18.4701
163.21,18.4625
163.31,18.4548
163.41,18.4471
163.51,18.4395
163.61,18.4319
163.71,18.4242
163.81,18.4166
163.91,18.409
164.01,18.4014
164.11,18.3938
164.21,18.3862
164.31,18.3787
164.41,18.3711
164.51,18.3635
164.61,18.356
164.71,18.3484
164.81,18.3409
164.91,18.3334
165.01,18.3259
165.11,18.3184
165.21,18.3109
165.31,18.3034
165.41,18.2959
165.51,18.2884
165.61,18.281
165.71,18.2735
165.81,18.2661
165.91,18.2587
166.01,18.2512
166.11,18.2438
166.21,18.2364
166.31,18.229
166.41,18.2216
166.51,18.2142
166.61,18.2068
166.71,18.1995
166.81,18.1921
166.91,18.1848
167.01,18.1774
167.11,18.1701
167.21,18.1628
167.31,18.1555
167.41,18.1481
167.51,18.1408
167.61,18.1336
167.71,18.1263
167.81,18.119
167.91,18.1117
168.01,18.1045
168.11,18.0972
168.21,18.09
168.31,18.0827
168.41,18.0755
168.51,18.0683
168.61,18.0611
168.71,18.0539
168.81,18.0467
168.91,18.0395
169.01,18.0323
169.11,18.0252
169.21,18.018
169.31,18.0109
169.41,18.0037
169.51,17.9966
169.61,17.9895
169.71,17.9823
169.81,17.9752
169.91,17.9681
170.01,17.961
170.11,17.9539
170.21,17.9469
170.31,17.9398
170.41,17.9327
170.51,17.9257
170.61,17.9186
170.71,17.9116
170.81,17.9045
170.91,17.8975
171.01,17.8905
171.11,17.8835
171.21,17.8765
171.31,17.8695
171.41,17.8625
171.51,17.8555
171.61,17.8486
171.71,17.8416
171.81,17.8346
171.91,17.8277
172.01,17.8208
172.11,17.8138
172.21,17.8069
172.31,17.8
172.41,17.7931
172.51,17.7862
172.61,17.7793
172.71,17.7724
172.81,17.7655
172.91,17.7587
173.01,17.7518
173.11,17.7449
173.21,17.7381
173.31,17.7313
173.41,17.7244
173.51,17.7176
173.61,17.7108
173.71,17.704
173.81,17.6972
173.91,17.6904
174.01,17.6836
174.11,17.6768
174.21,17.67
174.31,17.6633
174.41,17.6565
174.51,17.6498
174.61,17.643
174.71,17.6363
174.81,17.6296
174.91,17.6229
175.01,17.6161
175.11,17.6094
175.21,17.6027
175.31,17.5961
175.41,17.5894
175.51,17.5827
175.61,17.576
175.71,17.5694
175.81,17.5627
175.91,17.5561
176.01,17.5494
176.11,17.5428
176.21,17.5362
176.31,17.5296
176.41,17.5229
176.51,17.5163
176.61,17.5097
176.71,17.5032
176.81,17.4966
176.91,17.49
177.01,17.4834
177.11,17.4769
177.21,17.4703
177.31,17.4638
177.41,17.4572
177.51,17.4507
177.61,17.4442
177.71,17.4377
177.81,17.4311
177.91,17.4246
178.01,17.4181
178.11,17.4117
178.21,17.4052
178.31,17.3987
178.41,17.3922
178.51,17.3858
178.61,17.3793
178.71,17.3729
178.81,17.3664
178.91,17.36
179.01,17.3536
179.11,17.3471
179.21,17.3407
179.31,17.3343
179.41,17.3279
179.51,17.3215
179.61,17.3152
179.71,17.3088
179.81,17.3024
179.91,17.296
180.01,17.2897
180.11,17.2833
180.21,17.277
180.31,17.2706
180.41,17.2643
180.51,17.258
180.61,17.2517
180.71,17.2454
180.81,17.2391
180.91,17.2328
181.01,17.2265
181.11,17.2202
181.21,17.2139
181.31,17.2076
181.41,17.2014
181.51,17.1951
181.61,17.1889
181.71,17.1826
181.81,17.1764
181.91,17.1701
182.01,17.1639
182.11,17.1577
182.21,17.1515
182.31,17.1453
182.41,17.1391
182.51,17.1329
182.61,17.1267
182.71,17.1205
182.81,17.1144
182.91,17.1082
183.01,17.102
183.11,17.0959
183.21,17.0897
183.31,17.0836
183.41,17.0775
183.51,17.0713
183.61,17.0652
183.71,17.0591
183.81,17.053
183.91,17.0469
184.01,17.0408
184.11,17.0347
184.21,17.0286
184.31,17.0225
184.41,17.0165
184.51,17.0104
184.61,17.0044
184.71,16.9983
184.81,16.9923
184.91,16.9862
185.01,16.9802
185.11,16.9742
185.21,16.9681
185.31,16.9621
185.41,16.9561
185.51,16.9501
185.61,16.9441
185.71,16.9381
185.81,16.9322
185.91,16.9262
186.01,16.9202
186.11,16.9143
186.21,16.9083
186.31,16.9023
186.41,16.8964
186.51,16.8905
186.61,16.8845
186.71,16.8786
186.81,16.8727
186.91,16.8668
187.01,16.8609
187.11,16.855
187.21,16.8491
187.31,16.8432
187.41,16.8373
187.51,16.8314
187.61,16.8255
187.71,16.8197
187.81,16.8138
187.91,16.808
188.01,16.8021
188.11,16.7963
188.21,16.7904
188.31,16.7846
188.41,16.7788
188.51,16.773
188.61,16.7672
188.71,16.7614
188.81,16.7556
188.91,16.7498
189.01,16.744
189.11,16.7382
189.21,16.7324
189.31,16.7266
189.41,16.7209
189.51,16.7151
189.61,16.7094
189.71,16.7036
189.81,16.6979
189.91,16.6921
190.01,16.6864
190.11,16.6807
190.21,16.675
190.31,16.6693
190.41,16.6636
190.51,16.6579
190.61,16.6522
190.71,16.6465
190.81,16.6408
190.91,16.6351
191.01,16.6294
191.11,16.6238
191.21,16.6181
191.31,16.6125
191.41,16.6068
191.51,16.6012
191.61,16.5955
191.71,16.5899
191.81,16.5843
191.91,16.5787
192.01,16.573
192.11,16.5674
192.21,16.5618
192.31,16.5562
192.41,16.5506
192.51,16.5451
192.61,16.5395
192.71,16.5339
192.81,16.5283
192.91,16.5228
193.01,16.5172
193.11,16.5117
193.21,16.5061
193.31,16.5006
193.41,16.495
193.51,16.4895
193.61,16.484
193.71,16.4785
193.81,16.4729
193.91,16.4674
194.01,16.4619
194.11,16.4564
194.21,16.4509
194.31,16.4455
194.41,16.44
194.51,16.4345
194.61,16.429
194.71,16.4236
194.81,16.4181
194.91,16.4127
195.01,16.4072
195.11,16.4018
195.21,16.3963
195.31,16.3909
195.41,16.3855
195.51,16.38
195.61,16.3746
195.71,16.3692
195.81,16.3638
195.91,16.3584
196.01,16.353
196.11,16.3476
196.21,16.3422
196.31,16.3369
196.41,16.3315
196.51,16.3261
196.61,16.3208
196.71,16.3154
196.81,16.31
196.91,16.3047
197.01,16.2994
197.11,16.294
197.21,16.2887
197.31,16.2834
197.41,16.278
197.51,16.2727
197.61,16.2674
197.71,16.2621
197.81,16.2568
197.91,16.2515
198.01,16.2462
198.11,16.2409
198.21,16.2357
198.31,16.2304
198.41,16.2251
198.51,16.2199
198.61,16.2146
198.71,16.2093
198.81,16.2041
198.91,16.1989
199.01,16.1936
199.11,16.1884
199.21,16.1832
199.31,16.1779
199.41,16.1727
199.51,16.1675
199.61,16.1623
199.71,16.1571
199.81,16.1519
199.91,16.1467
200.01,16.1415
200.11,16.1363
200.21,16.1311
200.31,16.126
200.41,16.1208
200.51,16.1156
200.61,16.1105
200.71,16.1053
200.81,16.1002
200.91,16.095
201.01,16.0899
201.11,16.0848
201.21,16.0796
201.31,16.0745
201.41,16.0694
201.51,16.0643
201.61,16.0592
201.71,16.0541
201.81,16.049
201.91,16.0439
202.01,16.0388
202.11,16.0337
202.21,16.0286
202.31,16.0236
202.41,16.0185
202.51,16.0134
202.61,16.0084
202.71,16.0033
202.81,15.9983
202.91,15.9932
203.01,15.9882
203.11,15.9832
203.21,15.9781
203.31,15.9731
203.41,15.9681
203.51,15.9631
203.61,15.958
203.71,15.953
203.81,15.948
203.91,15.943
204.01,15.9381
204.11,15.9331
204.21,15.9281
204.31,15.9231
204.41,15.9181
204.51,15.9132
204.61,15.9082
204.71,15.9032
204.81,15.8983
204.91,15.8933
205.01,15.8884
205.11,15.8834
205.21,15.8785
205.31,15.8736
205.41,15.8687
205.51,15.8637
205.61,15.8588
205.71,15.8539
205.81,15.849
205.91,15.8441
206.01,15.8392
206.11,15.8343
206.21,15.8294
206.31,15.8245
206.41,15.8197
206.51,15.8148
206.61,15.8099
206.71,15.805
206.81,15.8002
206.91,15.7953
207.01,15.7905
207.11,15.7856
207.21,15.7808
207.31,15.7759
207.41,15.7711
207.51,15.7663
207.61,15.7614
207.71,15.7566
207.81,15.7518
207.91,15.747
208.01,15.7422
208.11,15.7374
208.21,15.7326
208.31,15.7278
208.41,15.723
208.51,15.7182
208.61,15.7134
208.71,15.7087
208.81,15.7039
208.91,15.6991
209.01,15.6944
209.11,15.6896
209.21,15.6849
209.31,15.6801
209.41,15.6754
209.51,15.6706
209.61,15.6659
209.71,15.6612
209.81,15.6564
209.91,15.6517
210.01,15.647
210.11,15.6423
210.21,15.6376
210.31,15.6329
210.41,15.6282
210.51,15.6235
210.61,15.6188
210.71,15.6141
210.81,15.6094
210.91,15.6047
211.01,15.6
211.11,15.5954
211.21,15.5907
211.31,15.586
211.41,15.5814
211.51,15.5767
211.61,15.5721
211.71,15.5674
211.81,15.5628
211.91,15.5582
212.01,15.5535
212.11,15.5489
212.21,15.5443
212.31,15.5397
212.41,15.535
212.51,15.5304
212.61,15.5258
212.71,15.5212
212.81,15.5166
212.91,15.512
213.01,15.5074
213.11,15.5029
213.21,15.4983
213.31,15.4937
213.41,15.4891
213.51,15.4846
213.61,15.48
213.71,15.4754
213.81,15.4709
213.91,15.4663
214.01,15.4618
214.11,15.4572
214.21,15.4527
214.31,15.4482
214.41,15.4436
214.51,15.4391
214.61,15.4346
214.71,15.4301
214.81,15.4255
214.91,15.421
215.01,15.4165
215.11,15.412
215.21,15.4075
215.31,15.403
215.41,15.3985
215.51,15.394
215.61,15.3896
215.71,15.3851
215.81,15.3806
215.91,15.3761
216.01,15.3717
216.11,15.3672
216.21,15.3628
216.31,15.3583
216.41,15.3538
216.51,15.3494
216.61,15.345
216.71,15.3405
216.81,15.3361
216.91,15.3317
217.01,15.3272
217.11,15.3228
217.21,15.3184
217.31,15.314
217.41,15.3096
217.51,15.3052
217.61,15.3008
217.71,15.2964
217.81,15.292
217.91,15.2876
218.01,15.2832
218.11,15.2788
218.21,15.2744
218.31,15.27
218.41,15.2657
218.51,15.2613
218.61,15.2569
218.71,15.2526
218.81,15.2482
218.91,15.2439
219.01,15.2395
219.11,15.2352
219.21,15.2308
219.31,15.2265
219.41,15.2222
219.51,15.2179
219.61,15.2135
219.71,15.2092
219.81,15.2049
219.91,15.2006
220.01,15.1963
220.11,15.192
220.21,15.1877
220.31,15.1834
220.41,15.1791
220.51,15.1748
220.61,15.1705
220.71,15.1662
220.81,15.1619
220.91,15.1577
221.01,15.1534
221.11,15.1491
221.21,15.1448
221.31,15.1406
221.41,15.1363
221.51,15.1321
221.61,15.1278
221.71,15.1236
221.81,15.1193
221.91,15.1151
222.01,15.1109
222.11,15.1066
222.21,15.1024
222.31,15.0982
222.41,15.094
222.51,15.0898
222.61,15.0855
222.71,15.0813
222.81,15.0771
222.91,15.0729
223.01,15.0687
223.11,15.0645
223.21,15.0604
223.31,15.0562
223.41,15.052
223.51,15.0478
223.61,15.0436
223.71,15.0395
223.81,15.0353
223.91,15.0311
224.01,15.027
224.11,15.0228
224.21,15.0187
224.31,15.0145
224.41,15.0104
224.51,15.0062
224.61,15.0021
224.71,14.9979
224.81,14.9938
224.91,14.9897
225.01,14.9856
225.11,14.9814
225.21,14.9773
225.31,14.9732
225.41,14.9691
225.51,14.965
225.61,14.9609
225.71,14.9568
225.81,14.9527
225.91,14.9486
226.01,14.9445
226.11,14.9404
226.21,14.9364
226.31,14.9323
226.41,14.9282
226.51,14.9241
226.61,14.9201
226.71,14.916
226.81,14.9119
226.91,14.9079
227.01,14.9038
227.11,14.8998
227.21,14.8957
227.31,14.8917
227.41,14.8876
227.51,14.8836
227.61,14.8796
227.71,14.8755
227.81,14.8715
227.91,14.8675
228.01,14.8635
228.11,14.8595
228.21,14.8555
228.31,14.8514
228.41,14.8474
228.51,14.8434
228.61,14.8394
228.71,14.8354
228.81,14.8315
228.91,14.8275
229.01,14.8235
229.11,14.8195
229.21,14.8155
229.31,14.8115
229.41,14.8076
229.51,14.8036
229.61,14.7996
229.71,14.7957
229.81,14.7917
229.91,14.7878
230.01,14.7838
230.11,14.7799
230.21,14.7759
230.31,14.772
230.41,14.768
230.51,14.7641
230.61,14.7602
230.71,14.7563
230.81,14.7523
230.91,14.7484
231.01,14.7445
231.11,14.7406
231.21,14.7367
231.31,14.7328
231.41,14.7289
231.51,14.725
231.61,14.7211
231.71,14.7172
231.81,14.7133
231.91,14.7094
232.01,14.7055
232.11,14.7016
232.21,14.6977
232.31,14.6939
232.41,14.69
232.51,14.6861
232.61,14.6823
232.71,14.6784
232.81,14.6745
232.91,14.6707
233.01,14.6668
233.11,14.663
233.21,14.6591
233.31,14.6553
233.41,14.6515
233.51,14.6476
233.61,14.6438
233.71,14.64
233.81,14.6361
233.91,14.6323
234.01,14.6285
234.11,14.6247
234.21,14.6209
234.31,14.6171
234.41,14.6132
234.51,14.6094
234.61,14.6056
234.71,14.6018
234.81,14.598
234.91,14.5943
235.01,14.5905
235.11,14.5867
235.21,14.5829
235.31,14.5791
235.41,14.5753
235.51,14.5716
235.61,14.5678
235.71,14.564
235.81,14.5603
235.91,14.5565
236.01,14.5528
236.11,14.549
236.21,14.5453
236.31,14.5415
236.41,14.5378
236.51,14.534
236.61,14.5303
236.71,14.5266
236.81,14.5228
236.91,14.5191
237.01,14.5154
237.11,14.5116
237.21,14.5079
237.31,14.5042
237.41,14.5005
237.51,14.4968
237.61,14.4931
237.71,14.4894
237.81,14.4857
237.91,14.482
238.01,14.4783
238.11,14.4746
238.21,14.4709
238.31,14.4672
238.41,14.4635
238.51,14.4599
238.61,14.4562
238.71,14.4525
238.81,14.4488
238.91,14.4452
239.01,14.4415
239.11,14.4378
239.21,14.4342
239.31,14.4305
239.41,14.4269
239.51,14.4232
239.61,14.4196
239.71,14.4159
239.81,14.4123
239.91,14.4086
240.01,14.405
240.11,14.4014
240.21,14.3978
240.31,14.3941
240.41,14.3905
240.51,14.3869
240.61,14.3833
240.71,14.3797
240.81,14.376
240.91,14.3724
241.01,14.3688
241.11,14.3652
241.21,14.3616
241.31,14.358
241.41,14.3544
241.51,14.3508
241.61,14.3473
241.71,14.3437
241.81,14.3401
241.91,14.3365
242.01,14.3329
242.11,14.3294
242.21,14.3258
242.31,14.3222
242.41,14.3187
242.51,14.3151
242.61,14.3115
242.71,14.308
242.81,14.3044
242.91,14.3009
243.01,14.2973
243.11,14.2938
243.21,14.2902
243.31,14.2867
243.41,14.2832
243.51,14.2796
243.61,14.2761
243.71,14.2726
243.81,14.2691
243.91,14.2655
244.01,14.262
244.11,14.2585
244.21,14.255
244.31,14.2515
244.41,14.248
244.51,14.2445
244.61,14.241
244.71,14.2375
244.81,14.234
244.91,14.2305
245.01,14.227
245.11,14.2235
245.21,14.22
245.31,14.2165
245.41,14.213
245.51,14.2096
245.61,14.2061
245.71,14.2026
245.81,14.1992
245.91,14.1957
246.01,14.1922
246.11,14.1888
246.21,14.1853
246.31,14.1819
246.41,14.1784
246.51,14.175
246.61,14.1715
246.71,14.1681
246.81,14.1646
246.91,14.1612
247.01,14.1577
247.11,14.1543
247.21,14.1509
247.31,14.1475
247.41,14.144
247.51,14.1406
247.61,14.1372
247.71,14.1338
247.81,14.1304
247.91,14.1269
248.01,14.1235
248.11,14.1201
248.21,14.1167
248.31,14.1133
248.41,14.1099
248.51,14.1065
248.61,14.1031
248.71,14.0998
248.81,14.0964
248.91,14.093
249.01,14.0896
249.11,14.0862
249.21,14.0829
249.31,14.0795
249.41,14.0761
249.51,14.0727
249.61,14.0694
249.71,14.066
249.81,14.0626
249.91,14.0593
250.01,14.0559
250.11,14.0526
250.21,14.0492
250.31,14.0459
250.41,14.0425
250.51,14.0392
250.61,14.0359
250.71,14.0325
250.81,14.0292
250.91,14.0259
251.01,14.0225
251.11,14.0192
251.21,14.0159
251.31,14.0126
251.41,14.0092
251.51,14.0059
251.61,14.0026
251.71,13.9993
251.81,13.996
251.91,13.9927
252.01,13.9894
252.11,13.9861
252.21,13.9828
252.31,13.9795
252.41,13.9762
252.51,13.9729
252.61,13.9696
252.71,13.9663
252.81,13.9631
252.91,13.9598
253.01,13.9565
253.11,13.9532
253.21,13.95
253.31,13.9467
253.41,13.9434
253.51,13.9402
253.61,13.9369
253.71,13.9336
253.81,13.9304
253.91,13.9271
254.01,13.9239
254.11,13.9206
254.21,13.9174
254.31,13.9141
254.41,13.9109
254.51,13.9076
254.61,13.9044
254.71,13.9012
254.81,13.8979
254.91,13.8947
255.01,13.8915
255.11,13.8883
255.21,13.885
255.31,13.8818
255.41,13.8786
255.51,13.8754
255.61,13.8722
255.71,13.869
255.81,13.8658
255.91,13.8626
256.01,13.8594
256.11,13.8562
256.21,13.853
256.31,13.8498
256.41,13.8466
256.51,13.8434
256.61,13.8402
256.71,13.837
256.81,13.8338
256.91,13.8306
257.01,13.8275
257.11,13.8243
257.21,13.8211
257.31,13.818
257.41,13.8148
257.51,13.8116
257.61,13.8085
257.71,13.8053
257.81,13.8021
257.91,13.799
258.01,13.7958
258.11,13.7927
258.21,13.7895
258.31,13.7864
258.41,13.7832
258.51,13.7801
258.61,13.777
258.71,13.7738
258.81,13.7707
258.91,13.7676
259.01,13.7644
259.11,13.7613
259.21,13.7582
259.31,13.7551
259.41,13.7519
259.51,13.7488
259.61,13.7457
259.71,13.7426
259.81,13.7395
259.91,13.7364
260.01,13.7333
260.11,13.7302
260.21,13.7271
260.31,13.724
260.41,13.7209
260.51,13.7178
260.61,13.7147
260.71,13.7116
260.81,13.7085
260.91,13.7054
261.01,13.7023
261.11,13.6993
261.21,13.6962
261.31,13.6931
261.41,13.69
261.51,13.687
261.61,13.6839
261.71,13.6808
261.81,13.6778
261.91,13.6747
262.01,13.6716
262.11,13.6686
262.21,13.6655
262.31,13.6625
262.41,13.6594
262.51,13.6564
262.61,13.6533
262.71,13.6503
262.81,13.6472
262.91,13.6442
263.01,13.6412
263.11,13.6381
263.21,13.6351
263.31,13.6321
263.41,13.6291
263.51,13.626
263.61,13.623
263.71,13.62
263.81,13.617
263.91,13.6139
264.01,13.6109
264.11,13.6079
264.21,13.6049
264.31,13.6019
264.41,13.5989
264.51,13.5959
264.61,13.5929
264.71,13.5899
264.81,13.5869
264.91,13.5839
265.01,13.5809
265.11,13.5779
265.21,13.5749
265.31,13.572
265.41,13.569
265.51,13.566
265.61,13.563
265.71,13.56
265.81,13.5571
265.91,13.5541
266.01,13.5511
266.11,13.5482
266.21,13.5452
266.31,13.5422
266.41,13.5393
266.51,13.5363
266.61,13.5334
266.71,13.5304
266.81,13.5275
266.91,13.5245
267.01,13.5216
267.11,13.5186
267.21,13.5157
267.31,13.5127
267.41,13.5098
267.51,13.5069
267.61,13.5039
267.71,13.501
267.81,13.4981
267.91,13.4951
268.01,13.4922
268.11,13.4893
268.21,13.4864
268.31,13.4834
268.41,13.4805
268.51,13.4776
268.61,13.4747
268.71,13.4718
268.81,13.4689
268.91,13.466
269.01,13.4631
269.11,13.4602
269.21,13.4573
269.31,13.4544
269.41,13.4515
269.51,13.4486
269.61,13.4457
269.71,13.4428
269.81,13.4399
269.91,13.437
270.01,13.4341
270.11,13.4313
270.21,13.4284
270.31,13.4255
270.41,13.4226
270.51,13.4198
270.61,13.4169
270.71,13.414
270.81,13.4112
270.91,13.4083
271.01,13.4054
271.11,13.4026
271.21,13.3997
271.31,13.3969
271.41,13.394
271.51,13.3912
271.61,13.3883
271.71,13.3855
271.81,13.3826
271.91,13.3798
272.01,13.3769
272.11,13.3741
272.21,13.3713
272.31,13.3684
272.41,13.3656
272.51,13.3628
272.61,13.3599
272.71,13.3571
272.81,13.3543
272.91,13.3515
273.01,13.3486
273.11,13.3458
273.21,13.343
273.31,13.3402
273.41,13.3374
273.51,13.3346
273.61,13.3318
273.71,13.3289
273.81,13.3261
273.91,13.3233
274.01,13.3205
274.11,13.3177
274.21,13.3149
274.31,13.3122
274.41,13.3094
274.51,13.3066
274.61,13.3038
274.71,13.301
274.81,13.2982
274.91,13.2954
275.01,13.2927
275.11,13.2899
275.21,13.2871
275.31,13.2843
275.41,13.2816
275.51,13.2788
275.61,13.276
275.71,13.2732
275.81,13.2705
275.91,13.2677
276.01,13.265
276.11,13.2622
276.21,13.2594
276.31,13.2567
276.41,13.2539
276.51,13.2512
276.61,13.2484
276.71,13.2457
276.81,13.243
276.91,13.2402
277.01,13.2375
277.11,13.2347
277.21,13.232
277.31,13.2293
277.41,13.2265
277.51,13.2238
277.61,13.2211
277.71,13.2183
277.81,13.2156
277.91,13.2129
278.01,13.2102
278.11,13.2075
278.21,13.2047
278.31,13.202
278.41,13.1993
278.51,13.1966
278.61,13.1939
278.71,13.1912
278.81,13.1885
278.91,13.1858
279.01,13.1831
279.11,13.1804
279.21,13.1777
279.31,13.175
279.41,13.1723
279.51,13.1696
279.61,13.1669
279.71,13.1642
279.81,13.1615
279.91,13.1588
280.01,13.1562
280.11,13.1535
280.21,13.1508
280.31,13.1481
280.41,13.1454
280.51,13.1428
280.61,13.1401
280.71,13.1374
280.81,13.1348
280.91,13.1321
281.01,13.1294
281.11,13.1268
281.21,13.1241
281.31,13.1215
281.41,13.1188
281.51,13.1161
281.61,13.1135
281.71,13.1108
281.81,13.1082
281.91,13.1055
282.01,13.1029
282.11,13.1003
282.21,13.0976
282.31,13.095
282.41,13.0923
282.51,13.0897
282.61,13.0871
282.71,13.0844
282.81,13.0818
282.91,13.0792
283.01,13.0766
283.11,13.0739
283.21,13.0713
283.31,13.0687
283.41,13.0661
283.51,13.0635
283.61,13.0608
283.71,13.0582
283.81,13.0556
283.91,13.053
284.01,13.0504
284.11,13.0478
284.21,13.0452
284.31,13.0426
284.41,13.04
284.51,13.0374
284.61,13.0348
284.71,13.0322
284.81,13.0296
284.91,13.027
285.01,13.0244
285.11,13.0218
285.21,13.0192
285.31,13.0167
285.41,13.0141
285.51,13.0115
285.61,13.0089
285.71,13.0063
285.81,13.0038
285.91,13.0012
286.01,12.9986
286.11,12.996
286.21,12.9935
286.31,12.9909
286.41,12.9883
286.51,12.9858
286.61,12.9832
286.71,12.9807
286.81,12.9781
286.91,12.9755
287.01,12.973
287.11,12.9704
287.21,12.9679
287.31,12.9653
287.41,12.9628
287.51,12.9602
287.61,12.9577
287.71,12.9552
287.81,12.9526
287.91,12.9501
288.01,12.9475
288.11,12.945
288.21,12.9425
288.31,12.9399
288.41,12.9374
288.51,12.9349
288.61,12.9324
288.71,12.9298
288.81,12.9273
288.91,12.9248
289.01,12.9223
289.11,12.9198
289.21,12.9172
289.31,12.9147
289.41,12.9122
289.51,12.9097
289.61,12.9072
289.71,12.9047
289.81,12.9022
289.91,12.8997
290.01,12.8972
290.11,12.8947
290.21,12.8922
290.31,12.8897
290.41,12.8872
290.51,12.8847
290.61,12.8822
290.71,12.8797
290.81,12.8772
290.91,12.8747
291.01,12.8723
291.11,12.8698
291.21,12.8673
291.31,12.8648
291.41,12.8623
291.51,12.8599
291.61,12.8574
291.71,12.8549
291.81,12.8524
291.91,12.85
292.01,12.8475
292.11,12.845
292.21,12.8426
292.31,12.8401
292.41,12.8376
292.51,12.8352
292.61,12.8327
292.71,12.8303
292.81,12.8278
292.91,12.8254
293.01,12.8229
293.11,12.8205
293.21,12.818
293.31,12.8156
293.41,12.8131
293.51,12.8107
293.61,12.8082
293.71,12.8058
293.81,12.8034
293.91,12.8009
294.01,12.7985
294.11,12.7961
294.21,12.7936
294.31,12.7912
294.41,12.7888
294.51,12.7863
294.61,12.7839
294.71,12.7815
294.81,12.7791
294.91,12.7767
295.01,12.7742
295.11,12.7718
295.21,12.7694
295.31,12.767
295.41,12.7646
295.51,12.7622
295.61,12.7598
295.71,12.7574
295.81,12.755
295.91,12.7526
296.01,12.7501
296.11,12.7477
296.21,12.7454
296.31,12.743
296.41,12.7406
296.51,12.7382
296.61,12.7358
296.71,12.7334
296.81,12.731
296.91,12.7286
297.01,12.7262
297.11,12.7238
297.21,12.7215
297.31,12.7191
297.41,12.7167
297.51,12.7143
297.61,12.7119
297.71,12.7096
297.81,12.7072
297.91,12.7048
298.01,12.7025
298.11,12.7001
298.21,12.6977
298.31,12.6954
298.41,12.693
298.51,12.6906
298.61,12.6883
298.71,12.6859
298.81,12.6835
298.91,12.6812
299.01,12.6788
299.11,12.6765
299.21,12.6741
299.31,12.6718
299.41,12.6694
299.51,12.6671
299.61,12.6647
299.71,12.6624
299.81,12.6601
299.91,12.6577
300.01,12.6554
300.11,12.6531
300.21,12.6507
300.31,12.6484
300.41,12.646
300.51,12.6437
300.61,12.6414
300.71,12.6391
300.81,12.6367
300.91,12.6344
301.01,12.6321
301.11,12.6298
301.21,12.6274
301.31,12.6251
301.41,12.6228
301.51,12.6205
301.61,12.6182
301.71,12.6159
301.81,12.6136
301.91,12.6113
302.01,12.6089
302.11,12.6066
302.21,12.6043
302.31,12.602
302.41,12.5997
302.51,12.5974
302.61,12.5951
302.71,12.5928
302.81,12.5905
302.91,12.5882
303.01,12.586
303.11,12.5837
303.21,12.5814
303.31,12.5791
303.41,12.5768
303.51,12.5745
303.61,12.5722
303.71,12.57
303.81,12.5677
303.91,12.5654
304.01,12.5631
304.11,12.5608
304.21,12.5586
304.31,12.5563
304.41,12.554
304.51,12.5518
304.61,12.5495
304.71,12.5472
304.81,12.545
304.91,12.5427
305.01,12.5404
305.11,12.5382
305.21,12.5359
305.31,12.5336
305.41,12.5314
305.51,12.5291
305.61,12.5269
305.71,12.5246
305.81,12.5224
305.91,12.5201
306.01,12.5179
306.11,12.5156
306.21,12.5134
306.31,12.5112
306.41,12.5089
306.51,12.5067
306.61,12.5044
306.71,12.5022
306.81,12.5
306.91,12.4977
307.01,12.4955
307.11,12.4933
307.21,12.491
307.31,12.4888
307.41,12.4866
307.51,12.4843
307.61,12.4821
307.71,12.4799
307.81,12.4777
307.91,12.4755
308.01,12.4732
308.11,12.471
308.21,12.4688
308.31,12.4666
308.41,12.4644
308.51,12.4622
308.61,12.46
308.71,12.4578
308.81,12.4555
308.91,12.4533
309.01,12.4511
309.11,12.4489
309.21,12.4467
309.31,12.4445
309.41,12.4423
309.51,12.4401
309.61,12.4379
309.71,12.4357
309.81,12.4336
309.91,12.4314
310.01,12.4292
310.11,12.427
310.21,12.4248
310.31,12.4226
310.41,12.4204
310.51,12.4182
310.61,12.4161
310.71,12.4139
310.81,12.4117
310.91,12.4095
311.01,12.4074
311.11,12.4052
311.21,12.403
311.31,12.4008
311.41,12.3987
311.51,12.3965
311.61,12.3943
311.71,12.3922
311.81,12.39
311.91,12.3878
312.01,12.3857
312.11,12.3835
312.21,12.3814
312.31,12.3792
312.41,12.377
312.51,12.3749
312.61,12.3727
312.71,12.3706
312.81,12.3684
312.91,12.3663
313.01,12.3641
313.11,12.362
313.21,12.3598
313.31,12.3577
313.41,12.3556
313.51,12.3534
313.61,12.3513
313.71,12.3491
313.81,12.347
313.91,12.3449
314.01,12.3427
314.11,12.3406
314.21,12.3385
314.31,12.3363
314.41,12.3342
314.51,12.3321
314.61,12.33
314.71,12.3278
314.81,12.3257
314.91,12.3236
315.01,12.3215
315.11,12.3193
315.21,12.3172
315.31,12.3151
315.41,12.313
315.51,12.3109
315.61,12.3088
315.71,12.3067
315.81,12.3045
315.91,12.3024
316.01,12.3003
316.11,12.2982
316.21,12.2961
316.31,12.294
316.41,12.2919
316.51,12.2898
316.61,12.2877
316.71,12.2856
316.81,12.2835
316.91,12.2814
317.01,12.2793
317.11,12.2772
317.21,12.2752
317.31,12.2731
317.41,12.271
317.51,12.2689
317.61,12.2668
317.71,12.2647
317.81,12.2626
317.91,12.2606
318.01,12.2585
318.11,12.2564
318.21,12.2543
318.31,12.2522
318.41,12.2502
318.51,12.2481
318.61,12.246
318.71,12.2439
318.81,12.2419
318.91,12.2398
319.01,12.2377
319.11,12.2357
319.21,12.2336
319.31,12.2315
319.41,12.2295
319.51,12.2274
319.61,12.2254
319.71,12.2233
319.81,12.2212
319.91,12.2192
320.01,12.2171
320.11,12.2151
320.21,12.213
320.31,12.211
320.41,12.2089
320.51,12.2069
320.61,12.2048
320.71,12.2028
320.81,12.2007
320.91,12.1987
321.01,12.1967
321.11,12.1946
321.21,12.1926
321.31,12.1905
321.41,12.1885
321.51,12.1865
321.61,12.1844
321.71,12.1824
321.81,12.1804
321.91,12.1783
322.01,12.1763
322.11,12.1743
322.21,12.1723
322.31,12.1702
322.41,12.1682
322.51,12.1662
322.61,12.1642
322.71,12.1621
322.81,12.1601
322.91,12.1581
323.01,12.1561
323.11,12.1541
323.21,12.1521
323.31,12.1501
323.41,12.148
323.51,12.146
323.61,12.144
323.71,12.142
323.81,12.14
323.91,12.138
324.01,12.136
324.11,12.134
324.21,12.132
324.31,12.13
324.41,12.128
324.51,12.126
324.61,12.124
324.71,12.122
324.81,12.12
324.91,12.118
325.01,12.116
325.11,12.114
325.21,12.1121
325.31,12.1101
325.41,12.1081
325.51,12.1061
325.61,12.1041
325.71,12.1021
325.81,12.1001
325.91,12.0982
326.01,12.0962
326.11,12.0942
326.21,12.0922
326.31,12.0903
326.41,12.0883
326.51,12.0863
326.61,12.0843
326.71,12.0824
326.81,12.0804
326.91,12.0784
327.01,12.0765
327.11,12.0745
327.21,12.0725
327.31,12.0706
327.41,12.0686
327.51,12.0666
327.61,12.0647
327.71,12.0627
327.81,12.0608
327.91,12.0588
328.01,12.0569
328.11,12.0549
328.21,12.053
328.31,12.051
328.41,12.0491
328.51,12.0471
328.61,12.0452
328.71,12.0432
328.81,12.0413
328.91,12.0393
329.01,12.0374
329.11,12.0354
329.21,12.0335
329.31,12.0316
329.41,12.0296
329.51,12.0277
329.61,12.0257
329.71,12.0238
329.81,12.0219
329.91,12.0199
330.01,12.018
330.11,12.0161
330.21,12.0142
330.31,12.0122
330.41,12.0103
330.51,12.0084
330.61,12.0065
330.71,12.0045
330.81,12.0026
330.91,12.0007
331.01,11.9988
331.11,11.9969
331.21,11.9949
331.31,11.993
331.41,11.9911
331.51,11.9892
331.61,11.9873
331.71,11.9854
331.81,11.9835
331.91,11.9816
332.01,11.9796
332.11,11.9777
332.21,11.9758
332.31,11.9739
332.41,11.972
332.51,11.9701
332.61,11.9682
332.71,11.9663
332.81,11.9644
332.91,11.9625
333.01,11.9606
333.11,11.9587
333.21,11.9568
333.31,11.955
333.41,11.9531
333.51,11.9512
333.61,11.9493
333.71,11.9474
333.81,11.9455
333.91,11.9436
334.01,11.9417
334.11,11.9399
334.21,11.938
334.31,11.9361
334.41,11.9342
334.51,11.9323
334.61,11.9305
334.71,11.9286
334.81,11.9267
334.91,11.9248
335.01,11.923
335.11,11.9211
335.21,11.9192
335.31,11.9173
335.41,11.9155
335.51,11.9136
335.61,11.9117
335.71,11.9099
335.81,11.908
335.91,11.9061
336.01,11.9043
336.11,11.9024
336.21,11.9006
336.31,11.8987
336.41,11.8969
336.51,11.895
336.61,11.8931
336.71,11.8913
336.81,11.8894
336.91,11.8876
337.01,11.8857
337.11,11.8839
337.21,11.882
337.31,11.8802
337.41,11.8783
337.51,11.8765
337.61,11.8747
337.71,11.8728
337.81,11.871
337.91,11.8691
338.01,11.8673
338.11,11.8654
338.21,11.8636
338.31,11.8618
338.41,11.8599
338.51,11.8581
338.61,11.8563
338.71,11.8544
338.81,11.8526
338.91,11.8508
339.01,11.8489
339.11,11.8471
339.21,11.8453
339.31,11.8435
339.41,11.8416
339.51,11.8398
339.61,11.838
339.71,11.8362
339.81,11.8344
339.91,11.8325
340.01,11.8307
340.11,11.8289
340.21,11.8271
340.31,11.8253
340.41,11.8235
340.51,11.8217
340.61,11.8198
340.71,11.818
340.81,11.8162
340.91,11.8144
341.01,11.8126
341.11,11.8108
341.21,11.809
341.31,11.8072
341.41,11.8054
341.51,11.8036
341.61,11.8018
341.71,11.8
341.81,11.7982
341.91,11.7964
342.01,11.7946
342.11,11.7928
342.21,11.791
342.31,11.7892
342.41,11.7874
342.51,11.7856
342.61,11.7838
342.71,11.7821
342.81,11.7803
342.91,11.7785
343.01,11.7767
343.11,11.7749
343.21,11.7731
343.31,11.7713
343.41,11.7696
343.51,11.7678
343.61,11.766
343.71,11.7642
343.81,11.7624
343.91,11.7607
344.01,11.7589
344.11,11.7571
344.21,11.7553
344.31,11.7536
344.41,11.7518
344.51,11.75
344.61,11.7483
344.71,11.7465
344.81,11.7447
344.91,11.743
345.01,11.7412
345.11,11.7394
345.21,11.7377
345.31,11.7359
345.41,11.7342
345.51,11.7324
345.61,11.7306
345.71,11.7289
345.81,11.7271
345.91,11.7254
346.01,11.7236
346.11,11.7219
346.21,11.7201
346.31,11.7184
346.41,11.7166
346.51,11.7149
346.61,11.7131
346.71,11.7114
346.81,11.7096
346.91,11.7079
347.01,11.7061
347.11,11.7044
347.21,11.7026
347.31,11.7009
347.41,11.6992
347.51,11.6974
347.61,11.6957
347.71,11.6939
347.81,11.6922
347.91,11.6905
348.01,11.6887
348.11,11.687
348.21,11.6853
348.31,11.6835
348.41,11.6818
348.51,11.6801
348.61,11.6784
348.71,11.6766
348.81,11.6749
348.91,11.6732
349.01,11.6715
349.11,11.6697
349.21,11.668
349.31,11.6663
349.41,11.6646
349.51,11.6628
349.61,11.6611
349.71,11.6594
349.81,11.6577
349.91,11.656
350.01,11.6543
350.11,11.6526
350.21,11.6508
350.31,11.6491
350.41,11.6474
350.51,11.6457
350.61,11.644
350.71,11.6423
350.81,11.6406
350.91,11.6389
351.01,11.6372
351.11,11.6355
351.21,11.6338
351.31,11.6321
351.41,11.6304
351.51,11.6287
351.61,11.627
351.71,11.6253
351.81,11.6236
351.91,11.6219
352.01,11.6202
352.11,11.6185
352.21,11.6168
352.31,11.6151
352.41,11.6134
352.51,11.6117
352.61,11.6101
352.71,11.6084
352.81,11.6067
352.91,11.605
353.01,11.6033
353.11,11.6016
353.21,11.5999
353.31,11.5983
353.41,11.5966
353.51,11.5949
353.61,11.5932
353.71,11.5915
353.81,11.5899
353.91,11.5882
354.01,11.5865
354.11,11.5848
354.21,11.5832
354.31,11.5815
354.41,11.5798
354.51,11.5782
354.61,11.5765
354.71,11.5748
354.81,11.5732
354.91,11.5715
355.01,11.5698
355.11,11.5682
355.21,11.5665
355.31,11.5648
355.41,11.5632
355.51,11.5615
355.61,11.5599
355.71,11.5582
355.81,11.5565
355.91,11.5549
356.01,11.5532
356.11,11.5516
356.21,11.5499
356.31,11.5483
356.41,11.5466
356.51,11.545
356.61,11.5433
356.71,11.5417
356.81,11.54
356.91,11.5384
357.01,11.5367
357.11,11.5351
357.21,11.5334
357.31,11.5318
357.41,11.5301
357.51,11.5285
357.61,11.5269
357.71,11.5252
357.81,11.5236
357.91,11.5219
358.01,11.5203
358.11,11.5187
358.21,11.517
358.31,11.5154
358.41,11.5138
358.51,11.5121
358.61,11.5105
358.71,11.5089
358.81,11.5072
358.91,11.5056
359.01,11.504
359.11,11.5024
359.21,11.5007
359.31,11.4991
359.41,11.4975
359.51,11.4959
359.61,11.4942
359.71,11.4926
359.81,11.491
359.91,11.4894
360.01,11.4878
360.11,11.4861
360.21,11.4845
360.31,11.4829
360.41,11.4813
360.51,11.4797
360.61,11.4781
360.71,11.4765
360.81,11.4749
360.91,11.4732
361.01,11.4716
361.11,11.47
361.21,11.4684
361.31,11.4668
361.41,11.4652
361.51,11.4636
361.61,11.462
361.71,11.4604
361.81,11.4588
361.91,11.4572
362.01,11.4556
362.11,11.454
362.21,11.4524
362.31,11.4508
362.41,11.4492
362.51,11.4476
362.61,11.446
362.71,11.4444
362.81,11.4428
362.91,11.4412
363.01,11.4396
363.11,11.438
363.21,11.4365
363.31,11.4349
363.41,11.4333
363.51,11.4317
363.61,11.4301
363.71,11.4285
363.81,11.4269
363.91,11.4254
364.01,11.4238
364.11,11.4222
364.21,11.4206
364.31,11.419
364.41,11.4174
364.51,11.4159
364.61,11.4143
364.71,11.4127
364.81,11.4111
364.91,11.4096
365.01,11.408
365.11,11.4064
365.21,11.4049
365.31,11.4033
365.41,11.4017
365.51,11.4001
365.61,11.3986
365.71,11.397
365.81,11.3954
365.91,11.3939
366.01,11.3923
366.11,11.3907
366.21,11.3892
366.31,11.3876
366.41,11.3861
366.51,11.3845
366.61,11.3829
366.71,11.3814
366.81,11.3798
366.91,11.3783
367.01,11.3767
367.11,11.3752
367.21,11.3736
367.31,11.372
367.41,11.3705
367.51,11.3689
367.61,11.3674
367.71,11.3658
367.81,11.3643
367.91,11.3627
368.01,11.3612
368.11,11.3596
368.21,11.3581
368.31,11.3566
368.41,11.355
368.51,11.3535
368.61,11.3519
368.71,11.3504
368.81,11.3488
368.91,11.3473
369.01,11.3458
369.11,11.3442
369.21,11.3427
369.31,11.3412
369.41,11.3396
369.51,11.3381
369.61,11.3365
369.71,11.335
369.81,11.3335
369.91,11.332
370.01,11.3304
370.11,11.3289
370.21,11.3274
370.31,11.3258
370.41,11.3243
370.51,11.3228
370.61,11.3213
370.71,11.3197
370.81,11.3182
370.91,11.3167
371.01,11.3152
371.11,11.3136
371.21,11.3121
371.31,11.3106
371.41,11.3091
371.51,11.3076
371.61,11.306
371.71,11.3045
371.81,11.303
371.91,11.3015
372.01,11.3
372.11,11.2985
372.21,11.297
372.31,11.2955
372.41,11.2939
372.51,11.2924
372.61,11.2909
372.71,11.2894
372.81,11.2879
372.91,11.2864
373.01,11.2849
373.11,11.2834
373.21,11.2819
373.31,11.2804
373.41,11.2789
373.51,11.2774
373.61,11.2759
373.71,11.2744
373.81,11.2729
373.91,11.2714
374.01,11.2699
374.11,11.2684
374.21,11.2669
374.31,11.2654
374.41,11.2639
374.51,11.2624
374.61,11.2609
374.71,11.2594
374.81,11.2579
374.91,11.2564
375.01,11.255
375.11,11.2535
375.21,11.252
375.31,11.2505
375.41,11.249
375.51,11.2475
375.61,11.246
375.71,11.2446
375.81,11.2431
375.91,11.2416
376.01,11.2401
376.11,11.2386
376.21,11.2372
376.31,11.2357
376.41,11.2342
376.51,11.2327
376.61,11.2312
376.71,11.2298
376.81,11.2283
376.91,11.2268
377.01,11.2253
377.11,11.2239
377.21,11.2224
377.31,11.2209
377.41,11.2195
377.51,11.218
377.61,11.2165
377.71,11.2151
377.81,11.2136
377.91,11.2121
378.01,11.2107
378.11,11.2092
378.21,11.2077
378.31,11.2063
378.41,11.2048
378.51,11.2033
378.61,11.2019
378.71,11.2004
378.81,11.199
378.91,11.1975
379.01,11.1961
379.11,11.1946
379.21,11.1931
379.31,11.1917
379.41,11.1902
379.51,11.1888
379.61,11.1873
379.71,11.1859
379.81,11.1844
379.91,11.183
380.01,11.1815
380.11,11.1801
380.21,11.1786
380.31,11.1772
380.41,11.1757
380.51,11.1743
380.61,11.1728
380.71,11.1714
380.81,11.17
380.91,11.1685
381.01,11.1671
381.11,11.1656
381.21,11.1642
381.31,11.1628
381.41,11.1613
381.51,11.1599
381.61,11.1584
381.71,11.157
381.81,11.1556
381.91,11.1541
382.01,11.1527
382.11,11.1513
382.21,11.1498
382.31,11.1484
382.41,11.147
382.51,11.1455
382.61,11.1441
382.71,11.1427
382.81,11.1413
382.91,11.1398
383.01,11.1384
383.11,11.137
383.21,11.1356
383.31,11.1341
383.41,11.1327
383.51,11.1313
383.61,11.1299
383.71,11.1284
383.81,11.127
383.91,11.1256
384.01,11.1242
384.11,11.1228
384.21,11.1214
384.31,11.1199
384.41,11.1185
384.51,11.1171
384.61,11.1157
384.71,11.1143
384.81,11.1129
384.91,11.1115
385.01,11.11
385.11,11.1086
385.21,11.1072
385.31,11.1058
385.41,11.1044
385.51,11.103
385.61,11.1016
385.71,11.1002
385.81,11.0988
385.91,11.0974
386.01,11.096
386.11,11.0946
386.21,11.0932
386.31,11.0918
386.41,11.0904
386.51,11.089
386.61,11.0876
386.71,11.0862
386.81,11.0848
386.91,11.0834
387.01,11.082
387.11,11.0806
387.21,11.0792
387.31,11.0778
387.41,11.0764
387.51,11.075
387.61,11.0736
387.71,11.0722
387.81,11.0708
387.91,11.0694
388.01,11.0681
388.11,11.0667
388.21,11.0653
388.31,11.0639
388.41,11.0625
388.51,11.0611
388.61,11.0597
388.71,11.0584
388.81,11.057
388.91,11.0556
389.01,11.0542
389.11,11.0528
389.21,11.0515
389.31,11.0501
389.41,11.0487
389.51,11.0473
389.61,11.0459
389.71,11.0446
389.81,11.0432
389.91,11.0418
390.01,11.0404
390.11,11.0391
390.21,11.0377
390.31,11.0363
390.41,11.0349
390.51,11.0336
390.61,11.0322
390.71,11.0308
390.81,11.0295
390.91,11.0281
391.01,11.0267
391.11,11.0254
391.21,11.024
391.31,11.0226
391.41,11.0213
391.51,11.0199
391.61,11.0185
391.71,11.0172
391.81,11.0158
391.91,11.0145
392.01,11.0131
392.11,11.0117
392.21,11.0104
392.31,11.009
392.41,11.0077
392.51,11.0063
392.61,11.005
392.71,11.0036
392.81,11.0023
392.91,11.0009
393.01,10.9995
393.11,10.9982
393.21,10.9968
393.31,10.9955
393.41,10.9941
393.51,10.9928
393.61,10.9914
393.71,10.9901
393.81,10.9888
393.91,10.9874
394.01,10.9861
394.11,10.9847
394.21,10.9834
394.31,10.982
394.41,10.9807
394.51,10.9793
394.61,10.978
394.71,10.9767
394.81,10.9753
394.91,10.974
395.01,10.9726
395.11,10.9713
395.21,10.97
395.31,10.9686
395.41,10.9673
395.51,10.966
395.61,10.9646
395.71,10.9633
395.81,10.962
395.91,10.9606
396.01,10.9593
396.11,10.958
396.21,10.9566
396.31,10.9553
396.41,10.954
396.51,10.9526
396.61,10.9513
396.71,10.95
396.81,10.9487
396.91,10.9473
397.01,10.946
397.11,10.9447
397.21,10.9434
397.31,10.942
397.41,10.9407
397.51,10.9394
397.61,10.9381
397.71,10.9368
397.81,10.9354
397.91,10.9341
398.01,10.9328
398.11,10.9315
398.21,10.9302
398.31,10.9289
398.41,10.9275
398.51,10.9262
398.61,10.9249
398.71,10.9236
398.81,10.9223
398.91,10.921
399.01,10.9197
399.11,10.9183
399.21,10.917
399.31,10.9157
399.41,10.9144
399.51,10.9131
399.61,10.9118
399.71,10.9105
399.81,10.9092
399.91,10.9079
400.01,10.9066
