# TOPAS/Geant4 C-12 electronic stopping power in Water_75eV; 0.01+0.1*n MeV/u grid.
energy_MeVu,stopping_power_MeV_per_mm
0.01,204.473
0.11,661.42
0.21,786.874
0.31,800.404
0.41,779.805
0.51,755.392
0.61,731.933
0.71,711.24
0.81,691.471
0.91,673.171
1.01,655.211
1.11,638.446
1.21,621.681
1.31,605.964
1.41,590.778
1.51,575.591
1.61,561.172
1.71,547.713
1.81,534.254
1.91,520.796
2.01,490.502
2.11,477.282
2.21,464.791
2.31,452.973
2.41,441.769
2.51,431.058
2.61,420.648
2.71,410.797
2.81,401.406
2.91,392.443
3.01,383.884
3.11,375.702
3.21,367.872
3.31,360.373
3.41,353.183
3.51,346.366
3.61,340.081
3.71,334.026
3.81,328.19
3.91,322.563
4.01,317.132
4.11,311.88
4.21,306.802
4.31,301.897
4.41,297.155
4.51,292.559
4.61,288.107
4.71,283.797
4.81,279.622
4.91,275.576
5.01,271.652
5.11,267.846
5.21,264.153
5.31,260.566
5.41,257.083
5.51,253.698
5.61,250.407
5.71,247.206
5.81,244.092
5.91,241.062
6.01,238.111
6.11,235.237
6.21,232.437
6.31,229.707
6.41,227.046
6.51,224.451
6.61,221.919
6.71,219.448
6.81,217.035
6.91,214.679
7.01,212.378
7.11,210.13
7.21,207.933
7.31,205.788
7.41,203.691
7.51,201.636
7.61,199.623
7.71,197.654
7.81,195.725
7.91,193.837
8.01,191.988
8.11,190.177
8.21,188.403
8.31,186.665
8.41,184.961
8.51,183.29
8.61,181.651
8.71,180.044
8.81,178.468
8.91,176.921
9.01,175.403
9.11,173.913
9.21,172.45
9.31,171.014
9.41,169.603
9.51,168.218
9.61,166.857
9.71,165.519
9.81,164.205
9.91,162.913
10.01,161.643
10.11,160.395
10.21,159.167
10.31,157.959
10.41,156.771
10.51,155.602
10.61,154.45
10.71,153.317
10.81,152.201
10.91,151.104
11.01,150.023
11.11,148.959
11.21,147.911
11.31,146.88
11.41,145.864
11.51,144.863
11.61,143.877
11.71,142.906
11.81,141.949
11.91,141.005
12.01,140.076
12.11,139.159
12.21,138.256
12.31,137.365
12.41,136.487
12.51,135.621
12.61,134.767
12.71,133.925
12.81,133.094
12.91,132.275
13.01,131.466
13.11,130.668
13.21,129.881
13.31,129.104
13.41,128.337
13.51,127.58
13.61,126.833
13.71,126.096
13.81,125.367
13.91,124.648
14.01,123.938
14.11,123.237
14.21,122.544
14.31,121.86
14.41,121.185
14.51,120.517
14.61,119.858
14.71,119.206
14.81,118.562
14.91,117.926
15.01,117.297
15.11,116.676
15.21,116.061
15.31,115.453
15.41,114.852
15.51,114.258
15.61,113.671
15.71,113.091
15.81,112.516
15.91,111.949
16.01,111.387
16.11,110.832
16.21,110.283
16.31,109.74
16.41,109.202
16.51,108.671
16.61,108.145
16.71,107.624
16.81,107.11
16.91,106.6
17.01,106.096
17.11,105.598
17.21,105.104
17.31,104.615
17.41,104.132
17.51,103.653
17.61,103.179
17.71,102.71
17.81,102.246
17.91,101.786
18.01,101.331
18.11,100.88
18.21,100.434
18.31,99.9918
18.41,99.5542
18.51,99.1207
18.61,98.6914
18.71,98.2662
18.81,97.8451
18.91,97.4279
19.01,97.0147
19.11,96.6053
19.21,96.1997
19.31,95.7979
19.41,95.3998
19.51,95.0054
19.61,94.6145
19.71,94.2272
19.81,93.8433
19.91,93.463
20.01,93.086
20.11,92.7124
20.21,92.3421
20.31,91.975
20.41,91.6112
20.51,91.2506
20.61,90.8931
20.71,90.5387
20.81,90.1874
20.91,89.8391
21.01,89.4937
21.11,89.1513
21.21,88.8118
21.31,88.4752
21.41,88.1413
21.51,87.8103
21.61,87.482
21.71,87.1565
21.81,86.8336
21.91,86.5134
22.01,86.1958
22.11,85.8808
22.21,85.5683
22.31,85.2584
22.41,84.951
22.51,84.646
22.61,84.3434
22.71,84.0433
22.81,83.7455
22.91,83.4501
23.01,83.157
23.11,82.8662
23.21,82.5776
23.31,82.2913
23.41,82.0071
23.51,81.7252
23.61,81.4454
23.71,81.1677
23.81,80.892
23.91,80.6184
24.01,80.3468
24.11,80.0773
24.21,79.8098
24.31,79.5442
24.41,79.2807
24.51,79.0191
24.61,78.7594
24.71,78.5016
24.81,78.2457
24.91,77.9917
25.01,77.7395
25.11,77.4891
25.21,77.2405
25.31,76.9937
25.41,76.7487
25.51,76.5054
25.61,76.2638
25.71,76.0239
25.81,75.7858
25.91,75.5493
26.01,75.3144
26.11,75.0812
26.21,74.8496
26.31,74.6196
26.41,74.3911
26.51,74.1643
26.61,73.939
26.71,73.7152
26.81,73.4929
26.91,73.2722
27.01,73.0529
27.11,72.8351
27.21,72.6187
27.31,72.4038
27.41,72.1903
27.51,71.9783
27.61,71.7676
27.71,71.5583
27.81,71.3504
27.91,71.1439
28.01,70.9386
28.11,70.7348
28.21,70.5322
28.31,70.3309
28.41,70.1309
28.51,69.9322
28.61,69.7348
28.71,69.5386
28.81,69.3437
28.91,69.15
29.01,68.9575
29.11,68.7662
29.21,68.5761
29.31,68.3872
29.41,68.1995
29.51,68.0129
29.61,67.8275
29.71,67.6432
29.81,67.4601
29.91,67.278
30.01,67.0971
30.11,66.9173
30.21,66.7385
30.31,66.5608
30.41,66.3842
30.51,66.2087
30.61,66.0342
30.71,65.8607
30.81,65.6883
30.91,65.5168
31.01,65.3464
31.11,65.177
31.21,65.0086
31.31,64.8412
31.41,64.6747
31.51,64.5092
31.61,64.3447
31.71,64.1811
31.81,64.0184
31.91,63.8567
32.01,63.6959
32.11,63.536
32.21,63.3771
32.31,63.219
32.41,63.0618
32.51,62.9055
32.61,62.7501
32.71,62.5955
32.81,62.4418
32.91,62.289
33.01,62.137
33.11,61.9858
33.21,61.8355
33.31,61.686
33.41,61.5374
33.51,61.3895
33.61,61.2424
33.71,61.0962
33.81,60.9507
33.91,60.806
34.01,60.6621
34.11,60.519
34.21,60.3766
34.31,60.235
34.41,60.0942
34.51,59.9541
34.61,59.8147
34.71,59.6761
34.81,59.5382
34.91,59.401
35.01,59.2645
35.11,59.1288
35.21,58.9938
35.31,58.8594
35.41,58.7258
35.51,58.5928
35.61,58.4605
35.71,58.3289
35.81,58.198
35.91,58.0677
36.01,57.9381
36.11,57.8092
36.21,57.6809
36.31,57.5533
36.41,57.4263
36.51,57.2999
36.61,57.1742
36.71,57.0491
36.81,56.9246
36.91,56.8007
37.01,56.6774
37.11,56.5548
37.21,56.4328
37.31,56.3113
37.41,56.1905
37.51,56.0702
37.61,55.9505
37.71,55.8314
37.81,55.7129
37.91,55.595
38.01,55.4776
38.11,55.3608
38.21,55.2445
38.31,55.1288
38.41,55.0137
38.51,54.8991
38.61,54.785
38.71,54.6715
38.81,54.5585
38.91,54.4461
39.01,54.3342
39.11,54.2228
39.21,54.1119
39.31,54.0016
39.41,53.8917
39.51,53.7824
39.61,53.6736
39.71,53.5652
39.81,53.4574
39.91,53.3501
40.01,53.2432
40.11,53.1369
40.21,53.031
40.31,52.9257
40.41,52.8208
40.51,52.7163
40.61,52.6124
40.71,52.5089
40.81,52.4059
40.91,52.3033
41.01,52.2012
41.11,52.0996
41.21,51.9984
41.31,51.8976
41.41,51.7974
41.51,51.6975
41.61,51.5981
41.71,51.4991
41.81,51.4006
41.91,51.3025
42.01,51.2048
42.11,51.1076
42.21,51.0108
42.31,50.9144
42.41,50.8184
42.51,50.7228
42.61,50.6277
42.71,50.5329
42.81,50.4386
42.91,50.3447
43.01,50.2511
43.11,50.158
43.21,50.0653
43.31,49.973
43.41,49.881
43.51,49.7895
43.61,49.6983
43.71,49.6075
43.81,49.5171
43.91,49.4271
44.01,49.3374
44.11,49.2482
44.21,49.1593
44.31,49.0707
44.41,48.9826
44.51,48.8948
44.61,48.8073
44.71,48.7203
44.81,48.6336
44.91,48.5472
45.01,48.4612
45.11,48.3756
45.21,48.2903
45.31,48.2053
45.41,48.1207
45.51,48.0364
45.61,47.9525
45.71,47.8689
45.81,47.7857
45.91,47.7028
46.01,47.6202
46.11,47.5379
46.21,47.456
46.31,47.3744
46.41,47.2931
46.51,47.2122
46.61,47.1316
46.71,47.0513
46.81,46.9713
46.91,46.8916
47.01,46.8123
47.11,46.7332
47.21,46.6545
47.31,46.576
47.41,46.4979
47.51,46.4201
47.61,46.3426
47.71,46.2654
47.81,46.1884
47.91,46.1118
48.01,46.0355
48.11,45.9595
48.21,45.8837
48.31,45.8083
48.41,45.7331
48.51,45.6582
48.61,45.5836
48.71,45.5093
48.81,45.4353
48.91,45.3616
49.01,45.2881
49.11,45.2149
49.21,45.142
49.31,45.0694
49.41,44.997
49.51,44.9249
49.61,44.8531
49.71,44.7815
49.81,44.7102
49.91,44.6392
50.01,44.5684
50.11,44.4979
50.21,44.4277
50.31,44.3577
50.41,44.288
50.51,44.2185
50.61,44.1493
50.71,44.0803
50.81,44.0116
50.91,43.9432
51.01,43.8749
51.11,43.807
51.21,43.7393
51.31,43.6718
51.41,43.6046
51.51,43.5376
51.61,43.4708
51.71,43.4043
51.81,43.338
51.91,43.272
52.01,43.2062
52.11,43.1406
52.21,43.0753
52.31,43.0102
52.41,42.9453
52.51,42.8807
52.61,42.8163
52.71,42.7521
52.81,42.6881
52.91,42.6244
53.01,42.5609
53.11,42.4976
53.21,42.4345
53.31,42.3717
53.41,42.309
53.51,42.2466
53.61,42.1844
53.71,42.1224
53.81,42.0606
53.91,41.9991
54.01,41.9377
54.11,41.8766
54.21,41.8157
54.31,41.7549
54.41,41.6944
54.51,41.6341
54.61,41.574
54.71,41.5141
54.81,41.4544
54.91,41.3949
55.01,41.3356
55.11,41.2765
55.21,41.2176
55.31,41.1589
55.41,41.1004
55.51,41.0421
55.61,40.984
55.71,40.9261
55.81,40.8684
55.91,40.8108
56.01,40.7535
56.11,40.6963
56.21,40.6394
56.31,40.5826
56.41,40.526
56.51,40.4696
56.61,40.4134
56.71,40.3573
56.81,40.3015
56.91,40.2458
57.01,40.1903
57.11,40.135
57.21,40.0799
57.31,40.0249
57.41,39.9701
57.51,39.9155
57.61,39.8611
57.71,39.8069
57.81,39.7528
57.91,39.6989
58.01,39.6452
58.11,39.5916
58.21,39.5382
58.31,39.485
58.41,39.432
58.51,39.3791
58.61,39.3264
58.71,39.2739
58.81,39.2215
58.91,39.1693
59.01,39.1172
59.11,39.0653
59.21,39.0136
59.31,38.9621
59.41,38.9107
59.51,38.8594
59.61,38.8083
59.71,38.7574
59.81,38.7067
59.91,38.6561
60.01,38.6056
60.11,38.5553
60.21,38.5052
60.31,38.4552
60.41,38.4054
60.51,38.3557
60.61,38.3062
60.71,38.2568
60.81,38.2076
60.91,38.1585
61.01,38.1096
61.11,38.0608
61.21,38.0122
61.31,37.9637
61.41,37.9154
61.51,37.8672
61.61,37.8192
61.71,37.7713
61.81,37.7235
61.91,37.6759
62.01,37.6285
62.11,37.5811
62.21,37.534
62.31,37.4869
62.41,37.44
62.51,37.3933
62.61,37.3466
62.71,37.3002
62.81,37.2538
62.91,37.2076
63.01,37.1615
63.11,37.1156
63.21,37.0698
63.31,37.0241
63.41,36.9786
63.51,36.9332
63.61,36.8879
63.71,36.8428
63.81,36.7978
63.91,36.7529
64.01,36.7082
64.11,36.6636
64.21,36.6191
64.31,36.5747
64.41,36.5305
64.51,36.4864
64.61,36.4424
64.71,36.3986
64.81,36.3549
64.91,36.3113
65.01,36.2678
65.11,36.2245
65.21,36.1813
65.31,36.1382
65.41,36.0952
65.51,36.0523
65.61,36.0096
65.71,35.967
65.81,35.9245
65.91,35.8821
66.01,35.8399
66.11,35.7978
66.21,35.7557
66.31,35.7139
66.41,35.6721
66.51,35.6304
66.61,35.5889
66.71,35.5474
66.81,35.5061
66.91,35.4649
67.01,35.4239
67.11,35.3829
67.21,35.342
67.31,35.3013
67.41,35.2607
67.51,35.2202
67.61,35.1798
67.71,35.1395
67.81,35.0993
67.91,35.0592
68.01,35.0192
68.11,34.9794
68.21,34.9397
68.31,34.9
68.41,34.8605
68.51,34.8211
68.61,34.7818
68.71,34.7426
68.81,34.7035
68.91,34.6645
69.01,34.6256
69.11,34.5868
69.21,34.5481
69.31,34.5095
69.41,34.4711
69.51,34.4327
69.61,34.3945
69.71,34.3563
69.81,34.3182
69.91,34.2803
70.01,34.2424
70.11,34.2047
70.21,34.167
70.31,34.1295
70.41,34.092
70.51,34.0546
70.61,34.0174
70.71,33.9802
70.81,33.9432
70.91,33.9062
71.01,33.8693
71.11,33.8326
71.21,33.7959
71.31,33.7593
71.41,33.7228
71.51,33.6865
71.61,33.6502
71.71,33.614
71.81,33.5779
71.91,33.5419
72.01,33.506
72.11,33.4701
72.21,33.4344
72.31,33.3988
72.41,33.3632
72.51,33.3278
72.61,33.2924
72.71,33.2572
72.81,33.222
72.91,33.1869
73.01,33.1519
73.11,33.117
73.21,33.0822
73.31,33.0474
73.41,33.0128
73.51,32.9782
73.61,32.9438
73.71,32.9094
73.81,32.8751
73.91,32.8409
74.01,32.8068
74.11,32.7728
74.21,32.7388
74.31,32.705
74.41,32.6712
74.51,32.6375
74.61,32.6039
74.71,32.5704
74.81,32.5369
74.91,32.5036
75.01,32.4703
75.11,32.4371
75.21,32.404
75.31,32.371
75.41,32.3381
75.51,32.3052
75.61,32.2724
75.71,32.2397
75.81,32.2071
75.91,32.1746
76.01,32.1421
76.11,32.1097
76.21,32.0774
76.31,32.0452
76.41,32.0131
76.51,31.981
76.61,31.9491
76.71,31.9172
76.81,31.8853
76.91,31.8536
77.01,31.8219
77.11,31.7903
77.21,31.7588
77.31,31.7274
77.41,31.696
77.51,31.6647
77.61,31.6335
77.71,31.6024
77.81,31.5713
77.91,31.5403
78.01,31.5094
78.11,31.4786
78.21,31.4478
78.31,31.4171
78.41,31.3865
78.51,31.356
78.61,31.3255
78.71,31.2951
78.81,31.2648
78.91,31.2345
79.01,31.2043
79.11,31.1742
79.21,31.1442
79.31,31.1142
79.41,31.0843
79.51,31.0545
79.61,31.0247
79.71,30.995
79.81,30.9654
79.91,30.9359
80.01,30.9064
80.11,30.877
80.21,30.8477
80.31,30.8184
80.41,30.7892
80.51,30.7601
80.61,30.731
80.71,30.702
80.81,30.6731
80.91,30.6442
81.01,30.6154
81.11,30.5867
81.21,30.558
81.31,30.5294
81.41,30.5009
81.51,30.4724
81.61,30.444
81.71,30.4157
81.81,30.3874
81.91,30.3592
82.01,30.331
82.11,30.303
82.21,30.275
82.31,30.247
82.41,30.2191
82.51,30.1913
82.61,30.1635
82.71,30.1358
82.81,30.1082
82.91,30.0806
83.01,30.0531
83.11,30.0257
83.21,29.9983
83.31,29.971
83.41,29.9437
83.51,29.9165
83.61,29.8894
83.71,29.8623
83.81,29.8353
83.91,29.8083
84.01,29.7814
84.11,29.7546
84.21,29.7278
84.31,29.7011
84.41,29.6744
84.51,29.6478
84.61,29.6213
84.71,29.5948
84.81,29.5684
84.91,29.542
85.01,29.5157
85.11,29.4895
85.21,29.4633
85.31,29.4371
85.41,29.411
85.51,29.385
85.61,29.3591
85.71,29.3332
85.81,29.3073
85.91,29.2815
86.01,29.2558
86.11,29.2301
86.21,29.2045
86.31,29.1789
86.41,29.1534
86.51,29.1279
86.61,29.1025
86.71,29.0772
86.81,29.0519
86.91,29.0267
87.01,29.0015
87.11,28.9763
87.21,28.9513
87.31,28.9263
87.41,28.9013
87.51,28.8764
87.61,28.8515
87.71,28.8267
87.81,28.8019
87.91,28.7772
88.01,28.7526
88.11,28.728
88.21,28.7035
88.31,28.679
88.41,28.6545
88.51,28.6301
88.61,28.6058
88.71,28.5815
88.81,28.5573
88.91,28.5331
89.01,28.509
89.11,28.4849
89.21,28.4608
89.31,28.4369
89.41,28.4129
89.51,28.3891
89.61,28.3652
89.71,28.3414
89.81,28.3177
89.91,28.294
90.01,28.2704
90.11,28.2468
90.21,28.2233
90.31,28.1998
90.41,28.1764
90.51,28.153
90.61,28.1296
90.71,28.1063
90.81,28.0831
90.91,28.0599
91.01,28.0368
91.11,28.0137
91.21,27.9906
91.31,27.9676
91.41,27.9446
91.51,27.9217
91.61,27.8989
91.71,27.8761
91.81,27.8533
91.91,27.8306
92.01,27.8079
92.11,27.7852
92.21,27.7627
92.31,27.7401
92.41,27.7176
92.51,27.6952
92.61,27.6728
92.71,27.6504
92.81,27.6281
92.91,27.6058
93.01,27.5836
93.11,27.5614
93.21,27.5393
93.31,27.5172
93.41,27.4952
93.51,27.4732
93.61,27.4512
93.71,27.4293
93.81,27.4074
93.91,27.3856
94.01,27.3638
94.11,27.3421
94.21,27.3204
94.31,27.2987
94.41,27.2771
94.51,27.2556
94.61,27.234
94.71,27.2126
94.81,27.1911
94.91,27.1697
95.01,27.1484
95.11,27.1271
95.21,27.1058
95.31,27.0846
95.41,27.0634
95.51,27.0422
95.61,27.0211
95.71,27.0001
95.81,26.9791
95.91,26.9581
96.01,26.9371
96.11,26.9162
96.21,26.8954
96.31,26.8746
96.41,26.8538
96.51,26.8331
96.61,26.8124
96.71,26.7917
96.81,26.7711
96.91,26.7505
97.01,26.73
97.11,26.7095
97.21,26.689
97.31,26.6686
97.41,26.6482
97.51,26.6279
97.61,26.6076
97.71,26.5873
97.81,26.5671
97.91,26.5469
98.01,26.5268
98.11,26.5067
98.21,26.4866
98.31,26.4666
98.41,26.4466
98.51,26.4266
98.61,26.4067
98.71,26.3869
98.81,26.367
98.91,26.3472
99.01,26.3275
99.11,26.3077
99.21,26.288
99.31,26.2684
99.41,26.2488
99.51,26.2292
99.61,26.2096
99.71,26.1901
99.81,26.1707
99.91,26.1512
100.01,26.1319
100.11,26.1125
100.21,26.0932
100.31,26.0739
100.41,26.0546
100.51,26.0354
100.61,26.0162
100.71,25.9971
100.81,25.978
100.91,25.9589
101.01,25.9399
101.11,25.9209
101.21,25.9019
101.31,25.883
101.41,25.8641
101.51,25.8452
101.61,25.8264
101.71,25.8076
101.81,25.7889
101.91,25.7701
102.01,25.7514
102.11,25.7328
102.21,25.7142
102.31,25.6956
102.41,25.677
102.51,25.6585
102.61,25.64
102.71,25.6216
102.81,25.6032
102.91,25.5848
103.01,25.5664
103.11,25.5481
103.21,25.5298
103.31,25.5116
103.41,25.4934
103.51,25.4752
103.61,25.457
103.71,25.4389
103.81,25.4208
103.91,25.4028
104.01,25.3848
104.11,25.3668
104.21,25.3488
104.31,25.3309
104.41,25.313
104.51,25.2952
104.61,25.2773
104.71,25.2596
104.81,25.2418
104.91,25.2241
105.01,25.2064
105.11,25.1887
105.21,25.1711
105.31,25.1535
105.41,25.1359
105.51,25.1184
105.61,25.1008
105.71,25.0834
105.81,25.0659
105.91,25.0485
106.01,25.0311
106.11,25.0138
106.21,24.9964
106.31,24.9791
106.41,24.9619
106.51,24.9447
106.61,24.9275
106.71,24.9103
106.81,24.8931
106.91,24.876
107.01,24.859
107.11,24.8419
107.21,24.8249
107.31,24.8079
107.41,24.7909
107.51,24.774
107.61,24.7571
107.71,24.7402
107.81,24.7234
107.91,24.7066
108.01,24.6898
108.11,24.673
108.21,24.6563
108.31,24.6396
108.41,24.6229
108.51,24.6063
108.61,24.5897
108.71,24.5731
108.81,24.5566
108.91,24.54
109.01,24.5235
109.11,24.5071
109.21,24.4906
109.31,24.4742
109.41,24.4579
109.51,24.4415
109.61,24.4252
109.71,24.4089
109.81,24.3926
109.91,24.3764
110.01,24.3602
110.11,24.344
110.21,24.3278
110.31,24.3117
110.41,24.2956
110.51,24.2795
110.61,24.2635
110.71,24.2474
110.81,24.2314
110.91,24.2155
111.01,24.1995
111.11,24.1836
111.21,24.1677
111.31,24.1519
111.41,24.1361
111.51,24.1203
111.61,24.1045
111.71,24.0887
111.81,24.073
111.91,24.0573
112.01,24.0416
112.11,24.026
112.21,24.0104
112.31,23.9948
112.41,23.9792
112.51,23.9637
112.61,23.9482
112.71,23.9327
112.81,23.9172
112.91,23.9018
113.01,23.8864
113.11,23.871
113.21,23.8556
113.31,23.8403
113.41,23.825
113.51,23.8097
113.61,23.7945
113.71,23.7792
113.81,23.764
113.91,23.7488
114.01,23.7337
114.11,23.7186
114.21,23.7034
114.31,23.6884
114.41,23.6733
114.51,23.6583
114.61,23.6433
114.71,23.6283
114.81,23.6133
114.91,23.5984
115.01,23.5835
115.11,23.5686
115.21,23.5538
115.31,23.5389
115.41,23.5241
115.51,23.5093
115.61,23.4946
115.71,23.4798
115.81,23.4651
115.91,23.4504
116.01,23.4358
116.11,23.4211
116.21,23.4065
116.31,23.3919
116.41,23.3773
116.51,23.3628
116.61,23.3483
116.71,23.3338
116.81,23.3193
116.91,23.3049
117.01,23.2904
117.11,23.276
117.21,23.2616
117.31,23.2473
117.41,23.2329
117.51,23.2186
117.61,23.2043
117.71,23.1901
117.81,23.1758
117.91,23.1616
118.01,23.1474
118.11,23.1332
118.21,23.1191
118.31,23.105
118.41,23.0909
118.51,23.0768
118.61,23.0627
118.71,23.0487
118.81,23.0347
118.91,23.0207
119.01,23.0067
119.11,22.9927
119.21,22.9788
119.31,22.9649
119.41,22.951
119.51,22.9372
119.61,22.9233
119.71,22.9095
119.81,22.8957
119.91,22.8819
120.01,22.8682
120.11,22.8545
120.21,22.8407
120.31,22.8271
120.41,22.8134
120.51,22.7997
120.61,22.7861
120.71,22.7725
120.81,22.7589
120.91,22.7454
121.01,22.7319
121.11,22.7183
121.21,22.7048
121.31,22.6914
121.41,22.6779
121.51,22.6645
121.61,22.6511
121.71,22.6377
121.81,22.6243
121.91,22.611
122.01,22.5976
122.11,22.5843
122.21,22.571
122.31,22.5578
122.41,22.5445
122.51,22.5313
122.61,22.5181
122.71,22.5049
122.81,22.4918
122.91,22.4786
123.01,22.4655
123.11,22.4524
123.21,22.4393
123.31,22.4263
123.41,22.4132
123.51,22.4002
123.61,22.3872
123.71,22.3742
123.81,22.3613
123.91,22.3483
124.01,22.3354
124.11,22.3225
124.21,22.3096
124.31,22.2967
124.41,22.2839
124.51,22.2711
124.61,22.2583
124.71,22.2455
124.81,22.2327
124.91,22.22
125.01,22.2073
125.11,22.1945
125.21,22.1819
125.31,22.1692
125.41,22.1565
125.51,22.1439
125.61,22.1313
125.71,22.1187
125.81,22.1061
125.91,22.0936
126.01,22.0811
126.11,22.0685
126.21,22.056
126.31,22.0436
126.41,22.0311
126.51,22.0187
126.61,22.0063
126.71,21.9938
126.81,21.9815
126.91,21.9691
127.01,21.9568
127.11,21.9444
127.21,21.9321
127.31,21.9198
127.41,21.9076
127.51,21.8953
127.61,21.8831
127.71,21.8708
127.81,21.8586
127.91,21.8465
128.01,21.8343
128.11,21.8222
128.21,21.81
128.31,21.7979
128.41,21.7858
128.51,21.7738
128.61,21.7617
128.71,21.7497
128.81,21.7376
128.91,21.7256
129.01,21.7137
129.11,21.7017
129.21,21.6897
129.31,21.6778
129.41,21.6659
129.51,21.654
129.61,21.6421
129.71,21.6303
129.81,21.6184
129.91,21.6066
130.01,21.5948
130.11,21.583
130.21,21.5712
130.31,21.5595
130.41,21.5477
130.51,21.536
130.61,21.5243
130.71,21.5126
130.81,21.5009
130.91,21.4893
131.01,21.4776
131.11,21.466
131.21,21.4544
131.31,21.4428
131.41,21.4312
131.51,21.4197
131.61,21.4082
131.71,21.3966
131.81,21.3851
131.91,21.3736
132.01,21.3622
132.11,21.3507
132.21,21.3393
132.31,21.3279
132.41,21.3165
132.51,21.3051
132.61,21.2937
132.71,21.2823
132.81,21.271
132.91,21.2597
133.01,21.2484
133.11,21.2371
133.21,21.2258
133.31,21.2146
133.41,21.2033
133.51,21.1921
133.61,21.1809
133.71,21.1697
133.81,21.1585
133.91,21.1473
134.01,21.1362
134.11,21.1251
134.21,21.114
134.31,21.1029
134.41,21.0918
134.51,21.0807
134.61,21.0697
134.71,21.0586
134.81,21.0476
134.91,21.0366
135.01,21.0256
135.11,21.0146
135.21,21.0037
135.31,20.9927
135.41,20.9818
135.51,20.9709
135.61,20.96
135.71,20.9491
135.81,20.9382
135.91,20.9274
136.01,20.9166
136.11,20.9057
136.21,20.8949
136.31,20.8841
136.41,20.8734
136.51,20.8626
136.61,20.8519
136.71,20.8411
136.81,20.8304
136.91,20.8197
137.01,20.809
137.11,20.7984
137.21,20.7877
137.31,20.7771
137.41,20.7664
137.51,20.7558
137.61,20.7452
137.71,20.7346
137.81,20.7241
137.91,20.7135
138.01,20.703
138.11,20.6925
138.21,20.682
138.31,20.6715
138.41,20.661
138.51,20.6505
138.61,20.6401
138.71,20.6296
138.81,20.6192
138.91,20.6088
139.01,20.5984
139.11,20.588
139.21,20.5777
139.31,20.5673
139.41,20.557
139.51,20.5466
139.61,20.5363
139.71,20.526
139.81,20.5158
139.91,20.5055
140.01,20.4952
140.11,20.485
140.21,20.4748
140.31,20.4646
140.41,20.4544
140.51,20.4442
140.61,20.434
140.71,20.4239
140.81,20.4137
140.91,20.4036
141.01,20.3935
141.11,20.3834
141.21,20.3733
141.31,20.3632
141.41,20.3532
141.51,20.3431
141.61,20.3331
141.71,20.3231
141.81,20.3131
141.91,20.3031
142.01,20.2931
142.11,20.2831
142.21,20.2732
142.31,20.2632
142.41,20.2533
142.51,20.2434
142.61,20.2335
142.71,20.2236
142.81,20.2137
142.91,20.2039
143.01,20.194
143.11,20.1842
143.21,20.1744
143.31,20.1646
143.41,20.1548
143.51,20.145
143.61,20.1352
143.71,20.1255
143.81,20.1157
143.91,20.106
144.01,20.0963
144.11,20.0866
144.21,20.0769
144.31,20.0672
144.41,20.0575
144.51,20.0479
144.61,20.0382
144.71,20.0286
144.81,20.019
144.91,20.0094
145.01,19.9998
145.11,19.9902
145.21,19.9807
145.31,19.9711
145.41,19.9616
145.51,19.9521
145.61,19.9425
145.71,19.933
145.81,19.9235
145.91,19.9141
146.01,19.9046
146.11,19.8952
146.21,19.8857
146.31,19.8763
146.41,19.8669
146.51,19.8575
146.61,19.8481
146.71,19.8387
146.81,19.8293
146.91,19.82
147.01,19.8106
147.11,19.8013
147.21,19.792
147.31,19.7827
147.41,19.7734
147.51,19.7641
147.61,19.7548
147.71,19.7456
147.81,19.7363
147.91,19.7271
148.01,19.7179
148.11,19.7087
148.21,19.6995
148.31,19.6903
148.41,19.6811
148.51,19.672
148.61,19.6628
148.71,19.6537
148.81,19.6445
148.91,19.6354
149.01,19.6263
149.11,19.6172
149.21,19.6081
149.31,19.5991
149.41,19.59
149.51,19.581
149.61,19.5719
149.71,19.5629
149.81,19.5539
149.91,19.5449
150.01,19.5359
150.11,19.5269
150.21,19.518
150.31,19.509
150.41,19.5001
150.51,19.4911
150.61,19.4822
150.71,19.4733
150.81,19.4644
150.91,19.4555
151.01,19.4466
151.11,19.4378
151.21,19.4289
151.31,19.4201
151.41,19.4113
151.51,19.4024
151.61,19.3936
151.71,19.3848
151.81,19.376
151.91,19.3673
152.01,19.3585
152.11,19.3498
152.21,19.341
152.31,19.3323
152.41,19.3236
152.51,19.3149
152.61,19.3062
152.71,19.2975
152.81,19.2888
152.91,19.2801
153.01,19.2715
153.11,19.2628
153.21,19.2542
153.31,19.2456
153.41,19.237
153.51,19.2283
153.61,19.2198
153.71,19.2112
153.81,19.2026
153.91,19.194
154.01,19.1855
154.11,19.177
154.21,19.1684
154.31,19.1599
154.41,19.1514
154.51,19.1429
154.61,19.1344
154.71,19.126
154.81,19.1175
154.91,19.109
155.01,19.1006
155.11,19.0922
155.21,19.0837
155.31,19.0753
155.41,19.0669
155.51,19.0585
155.61,19.0502
155.71,19.0418
155.81,19.0334
155.91,19.0251
156.01,19.0167
156.11,19.0084
156.21,19.0001
156.31,18.9918
156.41,18.9835
156.51,18.9752
156.61,18.9669
156.71,18.9586
156.81,18.9504
156.91,18.9421
157.01,18.9339
157.11,18.9256
157.21,18.9174
157.31,18.9092
157.41,18.901
157.51,18.8928
157.61,18.8847
157.71,18.8765
157.81,18.8683
157.91,18.8602
158.01,18.852
158.11,18.8439
158.21,18.8358
158.31,18.8277
158.41,18.8196
158.51,18.8115
158.61,18.8034
158.71,18.7953
158.81,18.7873
158.91,18.7792
159.01,18.7712
159.11,18.7631
159.21,18.7551
159.31,18.7471
159.41,18.7391
159.51,18.7311
159.61,18.7231
159.71,18.7151
159.81,18.7072
159.91,18.6992
160.01,18.6913
160.11,18.6833
160.21,18.6754
160.31,18.6675
160.41,18.6596
160.51,18.6517
160.61,18.6438
160.71,18.6359
160.81,18.628
160.91,18.6202
161.01,18.6123
161.11,18.6045
161.21,18.5966
161.31,18.5888
161.41,18.581
161.51,18.5732
161.61,18.5654
161.71,18.5576
161.81,18.5498
161.91,18.5421
162.01,18.5343
162.11,18.5265
162.21,18.5188
162.31,18.5111
162.41,18.5033
162.51,18.4956
162.61,18.4879
162.71,18.4802
162.81,18.4725
162.91,18.4649
163.01,18.4572
163.11,18.4495
163.21,18.4419
163.31,18.4342
163.41,18.4266
163.51,18.419
163.61,18.4113
163.71,18.4037
163.81,18.3961
163.91,18.3886
164.01,18.381
164.11,18.3734
164.21,18.3658
164.31,18.3583
164.41,18.3507
164.51,18.3432
164.61,18.3357
164.71,18.3281
164.81,18.3206
164.91,18.3131
165.01,18.3056
165.11,18.2982
165.21,18.2907
165.31,18.2832
165.41,18.2758
165.51,18.2683
165.61,18.2609
165.71,18.2534
165.81,18.246
165.91,18.2386
166.01,18.2312
166.11,18.2238
166.21,18.2164
166.31,18.209
166.41,18.2016
166.51,18.1943
166.61,18.1869
166.71,18.1796
166.81,18.1722
166.91,18.1649
167.01,18.1576
167.11,18.1503
167.21,18.1429
167.31,18.1356
167.41,18.1284
167.51,18.1211
167.61,18.1138
167.71,18.1065
167.81,18.0993
167.91,18.092
168.01,18.0848
168.11,18.0776
168.21,18.0703
168.31,18.0631
168.41,18.0559
168.51,18.0487
168.61,18.0415
168.71,18.0343
168.81,18.0272
168.91,18.02
169.01,18.0128
169.11,18.0057
169.21,17.9986
169.31,17.9914
169.41,17.9843
169.51,17.9772
169.61,17.9701
169.71,17.963
169.81,17.9559
169.91,17.9488
170.01,17.9417
170.11,17.9346
170.21,17.9276
170.31,17.9205
170.41,17.9135
170.51,17.9064
170.61,17.8994
170.71,17.8924
170.81,17.8854
170.91,17.8784
171.01,17.8714
171.11,17.8644
171.21,17.8574
171.31,17.8504
171.41,17.8434
171.51,17.8365
171.61,17.8295
171.71,17.8226
171.81,17.8157
171.91,17.8087
172.01,17.8018
172.11,17.7949
172.21,17.788
172.31,17.7811
172.41,17.7742
172.51,17.7673
172.61,17.7604
172.71,17.7536
172.81,17.7467
172.91,17.7399
173.01,17.733
173.11,17.7262
173.21,17.7194
173.31,17.7125
173.41,17.7057
173.51,17.6989
173.61,17.6921
173.71,17.6853
173.81,17.6785
173.91,17.6718
174.01,17.665
174.11,17.6582
174.21,17.6515
174.31,17.6447
174.41,17.638
174.51,17.6313
174.61,17.6245
174.71,17.6178
174.81,17.6111
174.91,17.6044
175.01,17.5977
175.11,17.591
175.21,17.5843
175.31,17.5777
175.41,17.571
175.51,17.5643
175.61,17.5577
175.71,17.551
175.81,17.5444
175.91,17.5378
176.01,17.5311
176.11,17.5245
176.21,17.5179
176.31,17.5113
176.41,17.5047
176.51,17.4981
176.61,17.4916
176.71,17.485
176.81,17.4784
176.91,17.4719
177.01,17.4653
177.11,17.4588
177.21,17.4522
177.31,17.4457
177.41,17.4392
177.51,17.4327
177.61,17.4262
177.71,17.4197
177.81,17.4132
177.91,17.4067
178.01,17.4002
178.11,17.3937
178.21,17.3873
178.31,17.3808
178.41,17.3743
178.51,17.3679
178.61,17.3615
178.71,17.355
178.81,17.3486
178.91,17.3422
179.01,17.3358
179.11,17.3294
179.21,17.323
179.31,17.3166
179.41,17.3102
179.51,17.3038
179.61,17.2975
179.71,17.2911
179.81,17.2847
179.91,17.2784
180.01,17.272
180.11,17.2657
180.21,17.2594
180.31,17.2531
180.41,17.2467
180.51,17.2404
180.61,17.2341
180.71,17.2278
180.81,17.2215
180.91,17.2153
181.01,17.209
181.11,17.2027
181.21,17.1965
181.31,17.1902
181.41,17.184
181.51,17.1777
181.61,17.1715
181.71,17.1652
181.81,17.159
181.91,17.1528
182.01,17.1466
182.11,17.1404
182.21,17.1342
182.31,17.128
182.41,17.1218
182.51,17.1156
182.61,17.1095
182.71,17.1033
182.81,17.0972
182.91,17.091
183.01,17.0849
183.11,17.0787
183.21,17.0726
183.31,17.0665
183.41,17.0603
183.51,17.0542
183.61,17.0481
183.71,17.042
183.81,17.0359
183.91,17.0299
184.01,17.0238
184.11,17.0177
184.21,17.0116
184.31,17.0056
184.41,16.9995
184.51,16.9935
184.61,16.9874
184.71,16.9814
184.81,16.9754
184.91,16.9693
185.01,16.9633
185.11,16.9573
185.21,16.9513
185.31,16.9453
185.41,16.9393
185.51,16.9333
185.61,16.9273
185.71,16.9214
185.81,16.9154
185.91,16.9094
186.01,16.9035
186.11,16.8975
186.21,16.8916
186.31,16.8857
186.41,16.8797
186.51,16.8738
186.61,16.8679
186.71,16.862
186.81,16.8561
186.91,16.8502
187.01,16.8443
187.11,16.8384
187.21,16.8325
187.31,16.8266
187.41,16.8208
187.51,16.8149
187.61,16.809
187.71,16.8032
187.81,16.7974
187.91,16.7915
188.01,16.7857
188.11,16.7799
188.21,16.774
188.31,16.7682
188.41,16.7624
188.51,16.7566
188.61,16.7508
188.71,16.745
188.81,16.7392
188.91,16.7335
189.01,16.7277
189.11,16.7219
189.21,16.7161
189.31,16.7104
189.41,16.7046
189.51,16.6989
189.61,16.6932
189.71,16.6874
189.81,16.6817
189.91,16.676
190.01,16.6703
190.11,16.6646
190.21,16.6588
190.31,16.6532
190.41,16.6475
190.51,16.6418
190.61,16.6361
190.71,16.6304
190.81,16.6247
190.91,16.6191
191.01,16.6134
191.11,16.6078
191.21,16.6021
191.31,16.5965
191.41,16.5909
191.51,16.5852
191.61,16.5796
191.71,16.574
191.81,16.5684
191.91,16.5628
192.01,16.5572
192.11,16.5516
192.21,16.546
192.31,16.5404
192.41,16.5348
192.51,16.5292
192.61,16.5237
192.71,16.5181
192.81,16.5126
192.91,16.507
193.01,16.5015
193.11,16.4959
193.21,16.4904
193.31,16.4849
193.41,16.4793
193.51,16.4738
193.61,16.4683
193.71,16.4628
193.81,16.4573
193.91,16.4518
194.01,16.4463
194.11,16.4408
194.21,16.4354
194.31,16.4299
194.41,16.4244
194.51,16.419
194.61,16.4135
194.71,16.408
194.81,16.4026
194.91,16.3972
195.01,16.3917
195.11,16.3863
195.21,16.3809
195.31,16.3754
195.41,16.37
195.51,16.3646
195.61,16.3592
195.71,16.3538
195.81,16.3484
195.91,16.343
196.01,16.3377
196.11,16.3323
196.21,16.3269
196.31,16.3215
196.41,16.3162
196.51,16.3108
196.61,16.3055
196.71,16.3001
196.81,16.2948
196.91,16.2895
197.01,16.2841
197.11,16.2788
197.21,16.2735
197.31,16.2682
197.41,16.2629
197.51,16.2576
197.61,16.2523
197.71,16.247
197.81,16.2417
197.91,16.2364
198.01,16.2311
198.11,16.2259
198.21,16.2206
198.31,16.2153
198.41,16.2101
198.51,16.2048
198.61,16.1996
198.71,16.1943
198.81,16.1891
198.91,16.1839
199.01,16.1786
199.11,16.1734
199.21,16.1682
199.31,16.163
199.41,16.1578
199.51,16.1526
199.61,16.1474
199.71,16.1422
199.81,16.137
199.91,16.1318
200.01,16.1267
200.11,16.1215
200.21,16.1163
200.31,16.1112
200.41,16.106
200.51,16.1009
200.61,16.0957
200.71,16.0906
200.81,16.0854
200.91,16.0803
201.01,16.0752
201.11,16.0701
201.21,16.0649
201.31,16.0598
201.41,16.0547
201.51,16.0496
201.61,16.0445
201.71,16.0394
201.81,16.0344
201.91,16.0293
202.01,16.0242
202.11,16.0191
202.21,16.0141
202.31,16.009
202.41,16.0039
202.51,15.9989
202.61,15.9938
202.71,15.9888
202.81,15.9838
202.91,15.9787
203.01,15.9737
203.11,15.9687
203.21,15.9637
203.31,15.9586
203.41,15.9536
203.51,15.9486
203.61,15.9436
203.71,15.9386
203.81,15.9336
203.91,15.9287
204.01,15.9237
204.11,15.9187
204.21,15.9137
204.31,15.9088
204.41,15.9038
204.51,15.8989
204.61,15.8939
204.71,15.889
204.81,15.884
204.91,15.8791
205.01,15.8741
205.11,15.8692
205.21,15.8643
205.31,15.8594
205.41,15.8545
205.51,15.8495
205.61,15.8446
205.71,15.8397
205.81,15.8348
205.91,15.8299
206.01,15.8251
206.11,15.8202
206.21,15.8153
206.31,15.8104
206.41,15.8056
206.51,15.8007
206.61,15.7958
206.71,15.791
206.81,15.7861
206.91,15.7813
207.01,15.7764
207.11,15.7716
207.21,15.7668
207.31,15.762
207.41,15.7571
207.51,15.7523
207.61,15.7475
207.71,15.7427
207.81,15.7379
207.91,15.7331
208.01,15.7283
208.11,15.7235
208.21,15.7187
208.31,15.7139
208.41,15.7091
208.51,15.7044
208.61,15.6996
208.71,15.6948
208.81,15.6901
208.91,15.6853
209.01,15.6806
209.11,15.6758
209.21,15.6711
209.31,15.6663
209.41,15.6616
209.51,15.6569
209.61,15.6522
209.71,15.6474
209.81,15.6427
209.91,15.638
210.01,15.6333
210.11,15.6286
210.21,15.6239
210.31,15.6192
210.41,15.6145
210.51,15.6098
210.61,15.6051
210.71,15.6005
210.81,15.5958
210.91,15.5911
211.01,15.5865
211.11,15.5818
211.21,15.5772
211.31,15.5725
211.41,15.5679
211.51,15.5632
211.61,15.5586
211.71,15.5539
211.81,15.5493
211.91,15.5447
212.01,15.5401
212.11,15.5354
212.21,15.5308
212.31,15.5262
212.41,15.5216
212.51,15.517
212.61,15.5124
212.71,15.5078
212.81,15.5032
212.91,15.4987
213.01,15.4941
213.11,15.4895
213.21,15.4849
213.31,15.4804
213.41,15.4758
213.51,15.4712
213.61,15.4667
213.71,15.4621
213.81,15.4576
213.91,15.4531
214.01,15.4485
214.11,15.444
214.21,15.4395
214.31,15.4349
214.41,15.4304
214.51,15.4259
214.61,15.4214
214.71,15.4169
214.81,15.4124
214.91,15.4079
215.01,15.4034
215.11,15.3989
215.21,15.3944
215.31,15.3899
215.41,15.3854
215.51,15.3809
215.61,15.3765
215.71,15.372
215.81,15.3675
215.91,15.3631
216.01,15.3586
216.11,15.3542
216.21,15.3497
216.31,15.3453
216.41,15.3408
216.51,15.3364
216.61,15.332
216.71,15.3275
216.81,15.3231
216.91,15.3187
217.01,15.3143
217.11,15.3099
217.21,15.3055
217.31,15.3011
217.41,15.2967
217.51,15.2923
217.61,15.2879
217.71,15.2835
217.81,15.2791
217.91,15.2747
218.01,15.2703
218.11,15.266
218.21,15.2616
218.31,15.2572
218.41,15.2529
218.51,15.2485
218.61,15.2442
218.71,15.2398
218.81,15.2355
218.91,15.2311
219.01,15.2268
219.11,15.2225
219.21,15.2181
219.31,15.2138
219.41,15.2095
219.51,15.2052
219.61,15.2008
219.71,15.1965
219.81,15.1922
219.91,15.1879
220.01,15.1836
220.11,15.1793
220.21,15.175
220.31,15.1708
220.41,15.1665
220.51,15.1622
220.61,15.1579
220.71,15.1536
220.81,15.1494
220.91,15.1451
221.01,15.1408
221.11,15.1366
221.21,15.1323
221.31,15.1281
221.41,15.1238
221.51,15.1196
221.61,15.1153
221.71,15.1111
221.81,15.1069
221.91,15.1027
222.01,15.0984
222.11,15.0942
222.21,15.09
222.31,15.0858
222.41,15.0816
222.51,15.0774
222.61,15.0732
222.71,15.069
222.81,15.0648
222.91,15.0606
223.01,15.0564
223.11,15.0522
223.21,15.048
223.31,15.0439
223.41,15.0397
223.51,15.0355
223.61,15.0313
223.71,15.0272
223.81,15.023
223.91,15.0189
224.01,15.0147
224.11,15.0106
224.21,15.0064
224.31,15.0023
224.41,14.9982
224.51,14.994
224.61,14.9899
224.71,14.9858
224.81,14.9816
224.91,14.9775
225.01,14.9734
225.11,14.9693
225.21,14.9652
225.31,14.9611
225.41,14.957
225.51,14.9529
225.61,14.9488
225.71,14.9447
225.81,14.9406
225.91,14.9365
226.01,14.9325
226.11,14.9284
226.21,14.9243
226.31,14.9202
226.41,14.9162
226.51,14.9121
226.61,14.9081
226.71,14.904
226.81,14.8999
226.91,14.8959
227.01,14.8919
227.11,14.8878
227.21,14.8838
227.31,14.8797
227.41,14.8757
227.51,14.8717
227.61,14.8677
227.71,14.8636
227.81,14.8596
227.91,14.8556
228.01,14.8516
228.11,14.8476
228.21,14.8436
228.31,14.8396
228.41,14.8356
228.51,14.8316
228.61,14.8276
228.71,14.8236
228.81,14.8196
228.91,14.8157
229.01,14.8117
229.11,14.8077
229.21,14.8038
229.31,14.7998
229.41,14.7958
229.51,14.7919
229.61,14.7879
229.71,14.784
229.81,14.78
229.91,14.7761
230.01,14.7721
230.11,14.7682
230.21,14.7642
230.31,14.7603
230.41,14.7564
230.51,14.7525
230.61,14.7485
230.71,14.7446
230.81,14.7407
230.91,14.7368
231.01,14.7329
231.11,14.729
231.21,14.7251
231.31,14.7212
231.41,14.7173
231.51,14.7134
231.61,14.7095
231.71,14.7056
231.81,14.7017
231.91,14.6979
232.01,14.694
232.11,14.6901
232.21,14.6862
232.31,14.6824
232.41,14.6785
232.51,14.6747
232.61,14.6708
232.71,14.6669
232.81,14.6631
232.91,14.6592
233.01,14.6554
233.11,14.6516
233.21,14.6477
233.31,14.6439
233.41,14.6401
233.51,14.6362
233.61,14.6324
233.71,14.6286
233.81,14.6248
233.91,14.621
234.01,14.6171
234.11,14.6133
234.21,14.6095
234.31,14.6057
234.41,14.6019
234.51,14.5981
234.61,14.5943
234.71,14.5906
234.81,14.5868
234.91,14.583
235.01,14.5792
235.11,14.5754
235.21,14.5717
235.31,14.5679
235.41,14.5641
235.51,14.5604
235.61,14.5566
235.71,14.5528
235.81,14.5491
235.91,14.5453
236.01,14.5416
236.11,14.5378
236.21,14.5341
236.31,14.5304
236.41,14.5266
236.51,14.5229
236.61,14.5192
236.71,14.5154
236.81,14.5117
236.91,14.508
237.01,14.5043
237.11,14.5006
237.21,14.4969
237.31,14.4931
237.41,14.4894
237.51,14.4857
237.61,14.482
237.71,14.4783
237.81,14.4746
237.91,14.471
238.01,14.4673
238.11,14.4636
238.21,14.4599
238.31,14.4562
238.41,14.4526
238.51,14.4489
238.61,14.4452
238.71,14.4415
238.81,14.4379
238.91,14.4342
239.01,14.4306
239.11,14.4269
239.21,14.4233
239.31,14.4196
239.41,14.416
239.51,14.4123
239.61,14.4087
239.71,14.4051
239.81,14.4014
239.91,14.3978
240.01,14.3942
240.11,14.3905
240.21,14.3869
240.31,14.3833
240.41,14.3797
240.51,14.3761
240.61,14.3725
240.71,14.3689
240.81,14.3653
240.91,14.3617
241.01,14.3581
241.11,14.3545
241.21,14.3509
241.31,14.3473
241.41,14.3437
241.51,14.3401
241.61,14.3365
241.71,14.333
241.81,14.3294
241.91,14.3258
242.01,14.3223
242.11,14.3187
242.21,14.3151
242.31,14.3116
242.41,14.308
242.51,14.3045
242.61,14.3009
242.71,14.2974
242.81,14.2938
242.91,14.2903
243.01,14.2867
243.11,14.2832
243.21,14.2797
243.31,14.2761
243.41,14.2726
243.51,14.2691
243.61,14.2656
243.71,14.262
243.81,14.2585
243.91,14.255
244.01,14.2515
244.11,14.248
244.21,14.2445
244.31,14.241
244.41,14.2375
244.51,14.234
244.61,14.2305
244.71,14.227
244.81,14.2235
244.91,14.22
245.01,14.2165
245.11,14.2131
245.21,14.2096
245.31,14.2061
245.41,14.2026
245.51,14.1992
245.61,14.1957
245.71,14.1922
245.81,14.1888
245.91,14.1853
246.01,14.1819
246.11,14.1784
246.21,14.175
246.31,14.1715
246.41,14.1681
246.51,14.1646
246.61,14.1612
246.71,14.1577
246.81,14.1543
246.91,14.1509
247.01,14.1475
247.11,14.144
247.21,14.1406
247.31,14.1372
247.41,14.1338
247.51,14.1304
247.61,14.1269
247.71,14.1235
247.81,14.1201
247.91,14.1167
248.01,14.1133
248.11,14.1099
248.21,14.1065
248.31,14.1031
248.41,14.0997
248.51,14.0964
248.61,14.093
248.71,14.0896
248.81,14.0862
248.91,14.0828
249.01,14.0795
249.11,14.0761
249.21,14.0727
249.31,14.0694
249.41,14.066
249.51,14.0626
249.61,14.0593
249.71,14.0559
249.81,14.0526
249.91,14.0492
250.01,14.0459
250.11,14.0425
250.21,14.0392
250.31,14.0358
250.41,14.0325
250.51,14.0292
250.61,14.0258
250.71,14.0225
250.81,14.0192
250.91,14.0159
251.01,14.0125
251.11,14.0092
251.21,14.0059
251.31,14.0026
251.41,13.9993
251.51,13.996
251.61,13.9927
251.71,13.9894
251.81,13.9861
251.91,13.9828
252.01,13.9795
252.11,13.9762
252.21,13.9729
252.31,13.9696
252.41,13.9663
252.51,13.963
252.61,13.9597
252.71,13.9565
252.81,13.9532
252.91,13.9499
253.01,13.9467
253.11,13.9434
253.21,13.9401
253.31,13.9369
253.41,13.9336
253.51,13.9303
253.61,13.9271
253.71,13.9238
253.81,13.9206
253.91,13.9173
254.01,13.9141
254.11,13.9109
254.21,13.9076
254.31,13.9044
254.41,13.9011
254.51,13.8979
254.61,13.8947
254.71,13.8915
254.81,13.8882
254.91,13.885
255.01,13.8818
255.11,13.8786
255.21,13.8754
255.31,13.8721
255.41,13.8689
255.51,13.8657
255.61,13.8625
255.71,13.8593
255.81,13.8561
255.91,13.8529
256.01,13.8497
256.11,13.8465
256.21,13.8433
256.31,13.8402
256.41,13.837
256.51,13.8338
256.61,13.8306
256.71,13.8274
256.81,13.8243
256.91,13.8211
257.01,13.8179
257.11,13.8147
257.21,13.8116
257.31,13.8084
257.41,13.8053
257.51,13.8021
257.61,13.7989
257.71,13.7958
257.81,13.7926
257.91,13.7895
258.01,13.7863
258.11,13.7832
258.21,13.7801
258.31,13.7769
258.41,13.7738
258.51,13.7706
258.61,13.7675
258.71,13.7644
258.81,13.7613
258.91,13.7581
259.01,13.755
259.11,13.7519
259.21,13.7488
259.31,13.7456
259.41,13.7425
259.51,13.7394
259.61,13.7363
259.71,13.7332
259.81,13.7301
259.91,13.727
260.01,13.7239
260.11,13.7208
260.21,13.7177
260.31,13.7146
260.41,13.7115
260.51,13.7084
260.61,13.7054
260.71,13.7023
260.81,13.6992
260.91,13.6961
261.01,13.693
261.11,13.69
261.21,13.6869
261.31,13.6838
261.41,13.6808
261.51,13.6777
261.61,13.6746
261.71,13.6716
261.81,13.6685
261.91,13.6655
262.01,13.6624
262.11,13.6594
262.21,13.6563
262.31,13.6533
262.41,13.6502
262.51,13.6472
262.61,13.6442
262.71,13.6411
262.81,13.6381
262.91,13.635
263.01,13.632
263.11,13.629
263.21,13.626
263.31,13.6229
263.41,13.6199
263.51,13.6169
263.61,13.6139
263.71,13.6109
263.81,13.6079
263.91,13.6049
264.01,13.6018
264.11,13.5988
264.21,13.5958
264.31,13.5928
264.41,13.5898
264.51,13.5868
264.61,13.5839
264.71,13.5809
264.81,13.5779
264.91,13.5749
265.01,13.5719
265.11,13.5689
265.21,13.5659
265.31,13.563
265.41,13.56
265.51,13.557
265.61,13.554
265.71,13.5511
265.81,13.5481
265.91,13.5451
266.01,13.5422
266.11,13.5392
266.21,13.5363
266.31,13.5333
266.41,13.5303
266.51,13.5274
266.61,13.5244
266.71,13.5215
266.81,13.5186
266.91,13.5156
267.01,13.5127
267.11,13.5097
267.21,13.5068
267.31,13.5039
267.41,13.5009
267.51,13.498
267.61,13.4951
267.71,13.4921
267.81,13.4892
267.91,13.4863
268.01,13.4834
268.11,13.4805
268.21,13.4775
268.31,13.4746
268.41,13.4717
268.51,13.4688
268.61,13.4659
268.71,13.463
268.81,13.4601
268.91,13.4572
269.01,13.4543
269.11,13.4514
269.21,13.4485
269.31,13.4456
269.41,13.4427
269.51,13.4398
269.61,13.437
269.71,13.4341
269.81,13.4312
269.91,13.4283
270.01,13.4254
270.11,13.4226
270.21,13.4197
270.31,13.4168
270.41,13.414
270.51,13.4111
270.61,13.4082
270.71,13.4054
270.81,13.4025
270.91,13.3997
271.01,13.3968
271.11,13.3939
271.21,13.3911
271.31,13.3882
271.41,13.3854
271.51,13.3825
271.61,13.3797
271.71,13.3769
271.81,13.374
271.91,13.3712
272.01,13.3684
272.11,13.3655
272.21,13.3627
272.31,13.3599
272.41,13.357
272.51,13.3542
272.61,13.3514
272.71,13.3486
272.81,13.3457
272.91,13.3429
273.01,13.3401
273.11,13.3373
273.21,13.3345
273.31,13.3317
273.41,13.3289
273.51,13.3261
273.61,13.3233
273.71,13.3205
273.81,13.3177
273.91,13.3149
274.01,13.3121
274.11,13.3093
274.21,13.3065
274.31,13.3037
274.41,13.3009
274.51,13.2981
274.61,13.2954
274.71,13.2926
274.81,13.2898
274.91,13.287
275.01,13.2843
275.11,13.2815
275.21,13.2787
275.31,13.2759
275.41,13.2732
275.51,13.2704
275.61,13.2677
275.71,13.2649
275.81,13.2621
275.91,13.2594
276.01,13.2566
276.11,13.2539
276.21,13.2511
276.31,13.2484
276.41,13.2456
276.51,13.2429
276.61,13.2401
276.71,13.2374
276.81,13.2347
276.91,13.2319
277.01,13.2292
277.11,13.2265
277.21,13.2237
277.31,13.221
277.41,13.2183
277.51,13.2155
277.61,13.2128
277.71,13.2101
277.81,13.2074
277.91,13.2047
278.01,13.202
278.11,13.1992
278.21,13.1965
278.31,13.1938
278.41,13.1911
278.51,13.1884
278.61,13.1857
278.71,13.183
278.81,13.1803
278.91,13.1776
279.01,13.1749
279.11,13.1722
279.21,13.1695
279.31,13.1668
279.41,13.1641
279.51,13.1615
279.61,13.1588
279.71,13.1561
279.81,13.1534
279.91,13.1507
280.01,13.1481
280.11,13.1454
280.21,13.1427
280.31,13.14
280.41,13.1374
280.51,13.1347
280.61,13.132
280.71,13.1294
280.81,13.1267
280.91,13.124
281.01,13.1214
281.11,13.1187
281.21,13.1161
281.31,13.1134
281.41,13.1108
281.51,13.1081
281.61,13.1055
281.71,13.1028
281.81,13.1002
281.91,13.0976
282.01,13.0949
282.11,13.0923
282.21,13.0896
282.31,13.087
282.41,13.0844
282.51,13.0817
282.61,13.0791
282.71,13.0765
282.81,13.0739
282.91,13.0712
283.01,13.0686
283.11,13.066
283.21,13.0634
283.31,13.0608
283.41,13.0582
283.51,13.0555
283.61,13.0529
283.71,13.0503
283.81,13.0477
283.91,13.0451
284.01,13.0425
284.11,13.0399
284.21,13.0373
284.31,13.0347
284.41,13.0321
284.51,13.0295
284.61,13.0269
284.71,13.0243
284.81,13.0218
284.91,13.0192
285.01,13.0166
285.11,13.014
285.21,13.0114
285.31,13.0088
285.41,13.0063
285.51,13.0037
285.61,13.0011
285.71,12.9985
285.81,12.996
285.91,12.9934
286.01,12.9908
286.11,12.9883
286.21,12.9857
286.31,12.9832
286.41,12.9806
286.51,12.978
286.61,12.9755
286.71,12.9729
286.81,12.9704
286.91,12.9678
287.01,12.9653
287.11,12.9627
287.21,12.9602
287.31,12.9576
287.41,12.9551
287.51,12.9526
287.61,12.95
287.71,12.9475
287.81,12.945
287.91,12.9424
288.01,12.9399
288.11,12.9374
288.21,12.9348
288.31,12.9323
288.41,12.9298
288.51,12.9273
288.61,12.9247
288.71,12.9222
288.81,12.9197
288.91,12.9172
289.01,12.9147
289.11,12.9122
289.21,12.9096
289.31,12.9071
289.41,12.9046
289.51,12.9021
289.61,12.8996
289.71,12.8971
289.81,12.8946
289.91,12.8921
290.01,12.8896
290.11,12.8871
290.21,12.8846
290.31,12.8821
290.41,12.8797
290.51,12.8772
290.61,12.8747
290.71,12.8722
290.81,12.8697
290.91,12.8672
291.01,12.8648
291.11,12.8623
291.21,12.8598
291.31,12.8573
291.41,12.8549
291.51,12.8524
291.61,12.8499
291.71,12.8474
291.81,12.845
291.91,12.8425
292.01,12.8401
292.11,12.8376
292.21,12.8351
292.31,12.8327
292.41,12.8302
292.51,12.8278
292.61,12.8253
292.71,12.8229
292.81,12.8204
292.91,12.818
293.01,12.8155
293.11,12.8131
293.21,12.8106
293.31,12.8082
293.41,12.8058
293.51,12.8033
293.61,12.8009
293.71,12.7984
293.81,12.796
293.91,12.7936
294.01,12.7912
294.11,12.7887
294.21,12.7863
294.31,12.7839
294.41,12.7815
294.51,12.779
294.61,12.7766
294.71,12.7742
294.81,12.7718
294.91,12.7694
295.01,12.767
295.11,12.7645
295.21,12.7621
295.31,12.7597
295.41,12.7573
295.51,12.7549
295.61,12.7525
295.71,12.7501
295.81,12.7477
295.91,12.7453
296.01,12.7429
296.11,12.7405
296.21,12.7381
296.31,12.7357
296.41,12.7333
296.51,12.731
296.61,12.7286
296.71,12.7262
296.81,12.7238
296.91,12.7214
297.01,12.719
297.11,12.7167
297.21,12.7143
297.31,12.7119
297.41,12.7095
297.51,12.7072
297.61,12.7048
297.71,12.7024
297.81,12.7
297.91,12.6977
298.01,12.6953
298.11,12.693
298.21,12.6906
298.31,12.6882
298.41,12.6859
298.51,12.6835
298.61,12.6812
298.71,12.6788
298.81,12.6765
298.91,12.6741
299.01,12.6718
299.11,12.6694
299.21,12.6671
299.31,12.6647
299.41,12.6624
299.51,12.66
299.61,12.6577
299.71,12.6554
299.81,12.653
299.91,12.6507
300.01,12.6483
300.11,12.646
300.21,12.6437
300.31,12.6414
300.41,12.639
300.51,12.6367
300.61,12.6344
300.71,12.6321
300.81,12.6297
300.91,12.6274
301.01,12.6251
301.11,12.6228
301.21,12.6205
301.31,12.6182
301.41,12.6158
301.51,12.6135
301.61,12.6112
301.71,12.6089
301.81,12.6066
301.91,12.6043
302.01,12.602
302.11,12.5997
302.21,12.5974
302.31,12.5951
302.41,12.5928
302.51,12.5905
302.61,12.5882
302.71,12.5859
302.81,12.5836
302.91,12.5814
303.01,12.5791
303.11,12.5768
303.21,12.5745
303.31,12.5722
303.41,12.5699
303.51,12.5677
303.61,12.5654
303.71,12.5631
303.81,12.5608
303.91,12.5585
304.01,12.5563
304.11,12.554
304.21,12.5517
304.31,12.5495
304.41,12.5472
304.51,12.5449
304.61,12.5427
304.71,12.5404
304.81,12.5381
304.91,12.5359
305.01,12.5336
305.11,12.5314
305.21,12.5291
305.31,12.5269
305.41,12.5246
305.51,12.5224
305.61,12.5201
305.71,12.5179
305.81,12.5156
305.91,12.5134
306.01,12.5111
306.11,12.5089
306.21,12.5067
306.31,12.5044
306.41,12.5022
306.51,12.4999
306.61,12.4977
306.71,12.4955
306.81,12.4932
306.91,12.491
307.01,12.4888
307.11,12.4866
307.21,12.4843
307.31,12.4821
307.41,12.4799
307.51,12.4777
307.61,12.4755
307.71,12.4732
307.81,12.471
307.91,12.4688
308.01,12.4666
308.11,12.4644
308.21,12.4622
308.31,12.46
308.41,12.4577
308.51,12.4555
308.61,12.4533
308.71,12.4511
308.81,12.4489
308.91,12.4467
309.01,12.4445
309.11,12.4423
309.21,12.4401
309.31,12.4379
309.41,12.4357
309.51,12.4336
309.61,12.4314
309.71,12.4292
309.81,12.427
309.91,12.4248
310.01,12.4226
310.11,12.4204
310.21,12.4182
310.31,12.4161
310.41,12.4139
310.51,12.4117
310.61,12.4095
310.71,12.4074
310.81,12.4052
310.91,12.403
311.01,12.4008
311.11,12.3987
311.21,12.3965
311.31,12.3943
311.41,12.3922
311.51,12.39
311.61,12.3878
311.71,12.3857
311.81,12.3835
311.91,12.3814
312.01,12.3792
312.11,12.3771
312.21,12.3749
312.31,12.3727
312.41,12.3706
312.51,12.3684
312.61,12.3663
312.71,12.3641
312.81,12.362
312.91,12.3599
313.01,12.3577
313.11,12.3556
313.21,12.3534
313.31,12.3513
313.41,12.3492
313.51,12.347
313.61,12.3449
313.71,12.3427
313.81,12.3406
313.91,12.3385
314.01,12.3364
314.11,12.3342
314.21,12.3321
314.31,12.33
314.41,12.3278
314.51,12.3257
314.61,12.3236
314.71,12.3215
314.81,12.3194
314.91,12.3172
315.01,12.3151
315.11,12.313
315.21,12.3109
315.31,12.3088
315.41,12.3067
315.51,12.3046
315.61,12.3025
315.71,12.3004
315.81,12.2982
315.91,12.2961
316.01,12.294
316.11,12.2919
316.21,12.2898
316.31,12.2877
316.41,12.2856
316.51,12.2835
316.61,12.2815
316.71,12.2794
316.81,12.2773
316.91,12.2752
317.01,12.2731
317.11,12.271
317.21,12.2689
317.31,12.2668
317.41,12.2647
317.51,12.2627
317.61,12.2606
317.71,12.2585
317.81,12.2564
317.91,12.2543
318.01,12.2523
318.11,12.2502
318.21,12.2481
318.31,12.246
318.41,12.244
318.51,12.2419
318.61,12.2398
318.71,12.2378
318.81,12.2357
318.91,12.2336
319.01,12.2316
319.11,12.2295
319.21,12.2275
319.31,12.2254
319.41,12.2233
319.51,12.2213
319.61,12.2192
319.71,12.2172
319.81,12.2151
319.91,12.2131
320.01,12.211
320.11,12.209
320.21,12.2069
320.31,12.2049
320.41,12.2028
320.51,12.2008
320.61,12.1987
320.71,12.1967
320.81,12.1947
320.91,12.1926
321.01,12.1906
321.11,12.1886
321.21,12.1865
321.31,12.1845
321.41,12.1825
321.51,12.1804
321.61,12.1784
321.71,12.1764
321.81,12.1743
321.91,12.1723
322.01,12.1703
322.11,12.1683
322.21,12.1662
322.31,12.1642
322.41,12.1622
322.51,12.1602
322.61,12.1582
322.71,12.1561
322.81,12.1541
322.91,12.1521
323.01,12.1501
323.11,12.1481
323.21,12.1461
323.31,12.1441
323.41,12.1421
323.51,12.1401
323.61,12.1381
323.71,12.1361
323.81,12.1341
323.91,12.1321
324.01,12.1301
324.11,12.1281
324.21,12.1261
324.31,12.1241
324.41,12.1221
324.51,12.1201
324.61,12.1181
324.71,12.1161
324.81,12.1141
324.91,12.1121
325.01,12.1101
325.11,12.1081
325.21,12.1062
325.31,12.1042
325.41,12.1022
325.51,12.1002
325.61,12.0982
325.71,12.0963
325.81,12.0943
325.91,12.0923
326.01,12.0903
326.11,12.0884
326.21,12.0864
326.31,12.0844
326.41,12.0824
326.51,12.0805
326.61,12.0785
326.71,12.0765
326.81,12.0746
326.91,12.0726
327.01,12.0706
327.11,12.0687
327.21,12.0667
327.31,12.0648
327.41,12.0628
327.51,12.0608
327.61,12.0589
327.71,12.0569
327.81,12.055
327.91,12.053
328.01,12.0511
328.11,12.0491
328.21,12.0472
328.31,12.0452
328.41,12.0433
328.51,12.0413
328.61,12.0394
328.71,12.0375
328.81,12.0355
328.91,12.0336
329.01,12.0316
329.11,12.0297
329.21,12.0278
329.31,12.0258
329.41,12.0239
329.51,12.022
329.61,12.02
329.71,12.0181
329.81,12.0162
329.91,12.0142
330.01,12.0123
330.11,12.0104
330.21,12.0085
330.31,12.0065
330.41,12.0046
330.51,12.0027
330.61,12.0008
330.71,11.9989
330.81,11.9969
330.91,11.995
331.01,11.9931
331.11,11.9912
331.21,11.9893
331.31,11.9874
331.41,11.9855
331.51,11.9836
331.61,11.9816
331.71,11.9797
331.81,11.9778
331.91,11.9759
332.01,11.974
332.11,11.9721
332.21,11.9702
332.31,11.9683
332.41,11.9664
332.51,11.9645
332.61,11.9626
332.71,11.9607
332.81,11.9588
332.91,11.9569
333.01,11.9551
333.11,11.9532
333.21,11.9513
333.31,11.9494
333.41,11.9475
333.51,11.9456
333.61,11.9437
333.71,11.9418
333.81,11.94
333.91,11.9381
334.01,11.9362
334.11,11.9343
334.21,11.9324
334.31,11.9306
334.41,11.9287
334.51,11.9268
334.61,11.9249
334.71,11.9231
334.81,11.9212
334.91,11.9193
335.01,11.9175
335.11,11.9156
335.21,11.9137
335.31,11.9119
335.41,11.91
335.51,11.9081
335.61,11.9063
335.71,11.9044
335.81,11.9025
335.91,11.9007
336.01,11.8988
336.11,11.897
336.21,11.8951
336.31,11.8933
336.41,11.8914
336.51,11.8896
336.61,11.8877
336.71,11.8859
336.81,11.884
336.91,11.8822
337.01,11.8803
337.11,11.8785
337.21,11.8766
337.31,11.8748
337.41,11.8729
337.51,11.8711
337.61,11.8693
337.71,11.8674
337.81,11.8656
337.91,11.8637
338.01,11.8619
338.11,11.8601
338.21,11.8582
338.31,11.8564
338.41,11.8546
338.51,11.8527
338.61,11.8509
338.71,11.8491
338.81,11.8473
338.91,11.8454
339.01,11.8436
339.11,11.8418
339.21,11.84
339.31,11.8381
339.41,11.8363
339.51,11.8345
339.61,11.8327
339.71,11.8309
339.81,11.829
339.91,11.8272
340.01,11.8254
340.11,11.8236
340.21,11.8218
340.31,11.82
340.41,11.8182
340.51,11.8164
340.61,11.8146
340.71,11.8127
340.81,11.8109
340.91,11.8091
341.01,11.8073
341.11,11.8055
341.21,11.8037
341.31,11.8019
341.41,11.8001
341.51,11.7983
341.61,11.7965
341.71,11.7947
341.81,11.7929
341.91,11.7912
342.01,11.7894
342.11,11.7876
342.21,11.7858
342.31,11.784
342.41,11.7822
342.51,11.7804
342.61,11.7786
342.71,11.7768
342.81,11.7751
342.91,11.7733
343.01,11.7715
343.11,11.7697
343.21,11.7679
343.31,11.7662
343.41,11.7644
343.51,11.7626
343.61,11.7608
343.71,11.7591
343.81,11.7573
343.91,11.7555
344.01,11.7537
344.11,11.752
344.21,11.7502
344.31,11.7484
344.41,11.7467
344.51,11.7449
344.61,11.7431
344.71,11.7414
344.81,11.7396
344.91,11.7378
345.01,11.7361
345.11,11.7343
345.21,11.7326
345.31,11.7308
345.41,11.729
345.51,11.7273
345.61,11.7255
345.71,11.7238
345.81,11.722
345.91,11.7203
346.01,11.7185
346.11,11.7168
346.21,11.715
346.31,11.7133
346.41,11.7115
346.51,11.7098
346.61,11.708
346.71,11.7063
346.81,11.7046
346.91,11.7028
347.01,11.7011
347.11,11.6993
347.21,11.6976
347.31,11.6959
347.41,11.6941
347.51,11.6924
347.61,11.6907
347.71,11.6889
347.81,11.6872
347.91,11.6855
348.01,11.6837
348.11,11.682
348.21,11.6803
348.31,11.6785
348.41,11.6768
348.51,11.6751
348.61,11.6734
348.71,11.6716
348.81,11.6699
348.91,11.6682
349.01,11.6665
349.11,11.6648
349.21,11.663
349.31,11.6613
349.41,11.6596
349.51,11.6579
349.61,11.6562
349.71,11.6545
349.81,11.6527
349.91,11.651
350.01,11.6493
350.11,11.6476
350.21,11.6459
350.31,11.6442
350.41,11.6425
350.51,11.6408
350.61,11.6391
350.71,11.6374
350.81,11.6357
350.91,11.634
351.01,11.6323
351.11,11.6306
351.21,11.6289
351.31,11.6272
351.41,11.6255
351.51,11.6238
351.61,11.6221
351.71,11.6204
351.81,11.6187
351.91,11.617
352.01,11.6153
352.11,11.6136
352.21,11.6119
352.31,11.6103
352.41,11.6086
352.51,11.6069
352.61,11.6052
352.71,11.6035
352.81,11.6018
352.91,11.6002
353.01,11.5985
353.11,11.5968
353.21,11.5951
353.31,11.5934
353.41,11.5918
353.51,11.5901
353.61,11.5884
353.71,11.5867
353.81,11.5851
353.91,11.5834
354.01,11.5817
354.11,11.58
354.21,11.5784
354.31,11.5767
354.41,11.575
354.51,11.5734
354.61,11.5717
354.71,11.57
354.81,11.5684
354.91,11.5667
355.01,11.5651
355.11,11.5634
355.21,11.5617
355.31,11.5601
355.41,11.5584
355.51,11.5568
355.61,11.5551
355.71,11.5535
355.81,11.5518
355.91,11.5501
356.01,11.5485
356.11,11.5468
356.21,11.5452
356.31,11.5435
356.41,11.5419
356.51,11.5402
356.61,11.5386
356.71,11.537
356.81,11.5353
356.91,11.5337
357.01,11.532
357.11,11.5304
357.21,11.5287
357.31,11.5271
357.41,11.5255
357.51,11.5238
357.61,11.5222
357.71,11.5205
357.81,11.5189
357.91,11.5173
358.01,11.5156
358.11,11.514
358.21,11.5124
358.31,11.5108
358.41,11.5091
358.51,11.5075
358.61,11.5059
358.71,11.5042
358.81,11.5026
358.91,11.501
359.01,11.4994
359.11,11.4977
359.21,11.4961
359.31,11.4945
359.41,11.4929
359.51,11.4913
359.61,11.4896
359.71,11.488
359.81,11.4864
359.91,11.4848
360.01,11.4832
360.11,11.4816
360.21,11.4799
360.31,11.4783
360.41,11.4767
360.51,11.4751
360.61,11.4735
360.71,11.4719
360.81,11.4703
360.91,11.4687
361.01,11.4671
361.11,11.4655
361.21,11.4639
361.31,11.4623
361.41,11.4607
361.51,11.4591
361.61,11.4575
361.71,11.4559
361.81,11.4543
361.91,11.4527
362.01,11.4511
362.11,11.4495
362.21,11.4479
362.31,11.4463
362.41,11.4447
362.51,11.4431
362.61,11.4415
362.71,11.4399
362.81,11.4383
362.91,11.4367
363.01,11.4351
363.11,11.4336
363.21,11.432
363.31,11.4304
363.41,11.4288
363.51,11.4272
363.61,11.4256
363.71,11.424
363.81,11.4225
363.91,11.4209
364.01,11.4193
364.11,11.4177
364.21,11.4162
364.31,11.4146
364.41,11.413
364.51,11.4114
364.61,11.4099
364.71,11.4083
364.81,11.4067
364.91,11.4051
365.01,11.4036
365.11,11.402
365.21,11.4004
365.31,11.3989
365.41,11.3973
365.51,11.3957
365.61,11.3942
365.71,11.3926
365.81,11.391
365.91,11.3895
366.01,11.3879
366.11,11.3863
366.21,11.3848
366.31,11.3832
366.41,11.3817
366.51,11.3801
366.61,11.3786
366.71,11.377
366.81,11.3754
366.91,11.3739
367.01,11.3723
367.11,11.3708
367.21,11.3692
367.31,11.3677
367.41,11.3661
367.51,11.3646
367.61,11.363
367.71,11.3615
367.81,11.3599
367.91,11.3584
368.01,11.3569
368.11,11.3553
368.21,11.3538
368.31,11.3522
368.41,11.3507
368.51,11.3492
368.61,11.3476
368.71,11.3461
368.81,11.3445
368.91,11.343
369.01,11.3415
369.11,11.3399
369.21,11.3384
369.31,11.3369
369.41,11.3353
369.51,11.3338
369.61,11.3323
369.71,11.3307
369.81,11.3292
369.91,11.3277
370.01,11.3262
370.11,11.3246
370.21,11.3231
370.31,11.3216
370.41,11.3201
370.51,11.3185
370.61,11.317
370.71,11.3155
370.81,11.314
370.91,11.3124
371.01,11.3109
371.11,11.3094
371.21,11.3079
371.31,11.3064
371.41,11.3049
371.51,11.3033
371.61,11.3018
371.71,11.3003
371.81,11.2988
371.91,11.2973
372.01,11.2958
372.11,11.2943
372.21,11.2928
372.31,11.2913
372.41,11.2897
372.51,11.2882
372.61,11.2867
372.71,11.2852
372.81,11.2837
372.91,11.2822
373.01,11.2807
373.11,11.2792
373.21,11.2777
373.31,11.2762
373.41,11.2747
373.51,11.2732
373.61,11.2717
373.71,11.2702
373.81,11.2687
373.91,11.2672
374.01,11.2657
374.11,11.2643
374.21,11.2628
374.31,11.2613
374.41,11.2598
374.51,11.2583
374.61,11.2568
374.71,11.2553
374.81,11.2538
374.91,11.2523
375.01,11.2508
375.11,11.2494
375.21,11.2479
375.31,11.2464
375.41,11.2449
375.51,11.2434
375.61,11.2419
375.71,11.2405
375.81,11.239
375.91,11.2375
376.01,11.236
376.11,11.2346
376.21,11.2331
376.31,11.2316
376.41,11.2301
376.51,11.2287
376.61,11.2272
376.71,11.2257
376.81,11.2242
376.91,11.2228
377.01,11.2213
377.11,11.2198
377.21,11.2184
377.31,11.2169
377.41,11.2154
377.51,11.214
377.61,11.2125
377.71,11.211
377.81,11.2096
377.91,11.2081
378.01,11.2066
378.11,11.2052
378.21,11.2037
378.31,11.2023
378.41,11.2008
378.51,11.1993
378.61,11.1979
378.71,11.1964
378.81,11.195
378.91,11.1935
379.01,11.1921
379.11,11.1906
379.21,11.1892
379.31,11.1877
379.41,11.1863
379.51,11.1848
379.61,11.1834
379.71,11.1819
379.81,11.1805
379.91,11.179
380.01,11.1776
380.11,11.1761
380.21,11.1747
380.31,11.1732
380.41,11.1718
380.51,11.1703
380.61,11.1689
380.71,11.1675
380.81,11.166
380.91,11.1646
381.01,11.1631
381.11,11.1617
381.21,11.1603
381.31,11.1588
381.41,11.1574
381.51,11.156
381.61,11.1545
381.71,11.1531
381.81,11.1517
381.91,11.1502
382.01,11.1488
382.11,11.1474
382.21,11.1459
382.31,11.1445
382.41,11.1431
382.51,11.1417
382.61,11.1402
382.71,11.1388
382.81,11.1374
382.91,11.136
383.01,11.1345
383.11,11.1331
383.21,11.1317
383.31,11.1303
383.41,11.1289
383.51,11.1274
383.61,11.126
383.71,11.1246
383.81,11.1232
383.91,11.1218
384.01,11.1203
384.11,11.1189
384.21,11.1175
384.31,11.1161
384.41,11.1147
384.51,11.1133
384.61,11.1119
384.71,11.1105
384.81,11.109
384.91,11.1076
385.01,11.1062
385.11,11.1048
385.21,11.1034
385.31,11.102
385.41,11.1006
385.51,11.0992
385.61,11.0978
385.71,11.0964
385.81,11.095
385.91,11.0936
386.01,11.0922
386.11,11.0908
386.21,11.0894
386.31,11.088
386.41,11.0866
386.51,11.0852
386.61,11.0838
386.71,11.0824
386.81,11.081
386.91,11.0796
387.01,11.0782
387.11,11.0768
387.21,11.0754
387.31,11.0741
387.41,11.0727
387.51,11.0713
387.61,11.0699
387.71,11.0685
387.81,11.0671
387.91,11.0657
388.01,11.0643
388.11,11.0629
388.21,11.0616
388.31,11.0602
388.41,11.0588
388.51,11.0574
388.61,11.056
388.71,11.0547
388.81,11.0533
388.91,11.0519
389.01,11.0505
389.11,11.0491
389.21,11.0478
389.31,11.0464
389.41,11.045
389.51,11.0436
389.61,11.0423
389.71,11.0409
389.81,11.0395
389.91,11.0381
390.01,11.0368
390.11,11.0354
390.21,11.034
390.31,11.0327
390.41,11.0313
390.51,11.0299
390.61,11.0286
390.71,11.0272
390.81,11.0258
390.91,11.0245
391.01,11.0231
391.11,11.0217
391.21,11.0204
391.31,11.019
391.41,11.0176
391.51,11.0163
391.61,11.0149
391.71,11.0136
391.81,11.0122
391.91,11.0109
392.01,11.0095
392.11,11.0081
392.21,11.0068
392.31,11.0054
392.41,11.0041
392.51,11.0027
392.61,11.0014
392.71,11
392.81,10.9987
392.91,10.9973
393.01,10.996
393.11,10.9946
393.21,10.9933
393.31,10.9919
393.41,10.9906
393.51,10.9892
393.61,10.9879
393.71,10.9865
393.81,10.9852
393.91,10.9838
394.01,10.9825
394.11,10.9812
394.21,10.9798
394.31,10.9785
394.41,10.9771
394.51,10.9758
394.61,10.9745
394.71,10.9731
394.81,10.9718
394.91,10.9704
395.01,10.9691
395.11,10.9678
395.21,10.9664
395.31,10.9651
395.41,10.9638
395.51,10.9624
395.61,10.9611
395.71,10.9598
395.81,10.9585
395.91,10.9571
396.01,10.9558
396.11,10.9545
396.21,10.9531
396.31,10.9518
396.41,10.9505
396.51,10.9492
396.61,10.9478
396.71,10.9465
396.81,10.9452
396.91,10.9439
397.01,10.9425
397.11,10.9412
397.21,10.9399
397.31,10.9386
397.41,10.9373
397.51,10.9359
397.61,10.9346
397.71,10.9333
397.81,10.932
397.91,10.9307
398.01,10.9294
398.11,10.928
398.21,10.9267
398.31,10.9254
398.41,10.9241
398.51,10.9228
398.61,10.9215
398.71,10.9202
398.81,10.9189
398.91,10.9175
399.01,10.9162
399.11,10.9149
399.21,10.9136
399.31,10.9123
399.41,10.911
399.51,10.9097
399.61,10.9084
399.71,10.9071
399.81,10.9058
399.91,10.9045
400.01,10.9032
