event_id,context,E_total_MeV,range_mm,dedx_MeV_mm,inverse_MeV,true_step_mm
0,0,0.10000000000000001,0.00082026316350206508,243.79442998945282,0.099999910152778079,0.00082026316350206508
1,1,0.10000000000000001,0.00082026316350206508,243.79442998945282,0.099999910152778079,0.00082026316350206508
2,2,0.10000000000000001,0.00046471197692238552,430.49300097215081,0.099999981994237139,0.00046471197692238552
3,0,0.10430044010977449,0.00083771585950008791,248.98865074831798,0.10430037148119743,0.00083771585950008791
4,1,0.10430044010977449,0.00083771585950008791,248.98865074831798,0.10430037148119743,0.00083771585950008791
5,2,0.10430044010977449,0.0004745958859518946,439.65386240958998,0.10430041807725894,0.0004745958859518946
6,0,0.10878581807092653,0.00085553201073147863,254.37371864909969,0.10878599839336778,0.00085553201073147863
7,1,0.10878581807092653,0.00085553201073147863,254.37371864909969,0.10878599839336778,0.00085553201073147863
8,2,0.10878581807092653,0.00048468694874599281,449.14165377756962,0.10878591017082369,0.00048468694874599281
9,0,0.11346408702499496,0.00087372269125002733,259.87905724373462,0.11346436464359273,0.00087372269125002733
10,1,0.11346408702499496,0.00087372269125002733,259.87905724373462,0.11346436464359273,0.00087372269125002733
11,2,0.11346408702499496,0.00049499015577378987,458.8759507867976,0.11346421061537222,0.00049499015577378987
12,0,0.11834354213360726,0.00089230851443519114,265.29793029469965,0.11834355662802981,0.00089230851443519114
13,1,0.11834354213360726,0.00089230851443519114,265.29793029469965,0.11834355662802981,0.00089230851443519114
14,2,0.11834354213360726,0.00050551359342912211,468.58679503118077,0.11834352928016324,0.00050551359342912211
15,0,0.12343283528684874,0.00091131552137525135,270.41284486794603,0.12343303341773382,0.00091131552137525135
16,1,0.12343283528684874,0.00091131552137525135,270.41284486794603,0.12343303341773382,0.00091131552137525135
17,2,0.12343283528684874,0.00051626815833647052,477.97556418054234,0.12343314238694893,0.00051626815833647052
18,0,0.12874099044415627,0.00093076895243125312,275.27380611709356,0.12874128605504201,0.00093076895243125312
19,1,0.12874099044415627,0.00093076895243125312,275.27380611709356,0.12874128605504201,0.00093076895243125312
20,2,0.12874099044415627,0.00052726839660160096,486.9971522487175,0.1287413618264614,0.00052726839660160096
21,0,0.13427741963493769,0.00095069764193940606,280.08663123848407,0.13427738444520804,0.00095069764193940606
22,1,0.13427741963493769,0.00095069764193940606,280.08663123848407,0.13427738444520804,0.00095069764193940606
23,2,0.13427741963493769,0.00053853321367364237,495.74247378514235,0.1342773851728167,0.00053853321367364237
24,0,0.14005193964728874,0.00097112980172764667,285.03793870898676,0.14005178432689369,0.00097112980172764667
25,1,0.14005193964728874,0.00097112980172764667,285.03793870898676,0.14005178432689369,0.00097112980172764667
26,2,0.14005193964728874,0.0005500817171864076,504.33576130983158,0.14005187948159309,0.0005500817171864076
27,0,0.14607478943439786,0.00099207539623223976,290.11777861184464,0.14607468767467344,0.00099207539623223976
28,1,0.14607478943439786,0.00099207539623223976,290.11777861184464,0.14607468767467344,0.00099207539623223976
29,2,0.14607478943439786,0.00055903478762682002,515.58303323064331,0.14607479549273633,0.00055903478762682002
30,0,0.15235664826950335,0.0010135416539466128,295.26681058662246,0.15235675612356114,0.0010133788202319784
31,1,0.15235664826950335,0.0010135416539466128,295.26681058662246,0.15235675612356114,0.0010133788202319784
32,2,0.15235664826950335,0.0005670198446913133,528.21683322999377,0.15235665711193136,0.0005670198446913133
33,0,0.1589086546815931,0.0010355396129389761,300.44775940647008,0.1589089363120503,0.0010344418686664603
34,1,0.1589086546815931,0.0010355396129389761,300.44775940647008,0.1589089363120503,0.0010344418686664603
35,2,0.1589086546815931,0.00057498625723286553,541.49778403452228,0.15890867241887113,0.00057498625723286553
36,0,0.16574242620542334,0.0010500703771604231,308.00348577691148,0.16574250908581781,0.0010479216274659599
37,1,0.16574242620542334,0.0010500703771604231,308.00348577691148,0.16574250908581781,0.0010479216274659599
38,2,0.16574242620542334,0.00058291887344949034,555.38820951890534,0.16574240414592817,0.00058291887344949034
39,0,0.17287007998087472,0.0010640810845975698,315.95383872192912,0.17287007163939508,0.0010606079029797627
40,1,0.17287007998087472,0.0010640810845975698,315.95383872192912,0.17287007163939508,0.0010606079029797627
41,2,0.17287007998087472,0.00059080237123712305,569.81770216393033,0.17287022359354326,0.00059080237123712305
42,0,0.18030425423817148,0.0010779647408619536,324.1976287771609,0.18030429869034237,0.0010728897597159749
43,1,0.18030425423817148,0.0010779647408619536,324.1976287771609,0.18030429869034237,0.0010728897597159749
44,2,0.18030425423817148,0.00059862332177393785,584.74122366975473,0.18030447695954874,0.00059862332177393785
45,0,0.18805813070705957,0.001091694206745321,332.74362104713248,0.18805812723553242,0.0010847627375217663
46,1,0.18805813070705957,0.001091694206745321,332.74362104713248,0.18805812723553242,0.0010847627375217663
47,2,0.18805813070705957,0.00060637037260196942,600.13455447655508,0.18805814080622421,0.00060637037260196942
48,0,0.19614545798967806,0.0011052428915810594,341.60129145182071,0.19614560624793156,0.0010962236437022078
49,1,0.19614545798967806,0.0011052428915810594,341.60129145182071,0.19614560624793156,0.0010962236437022078
50,2,0.19614545798967806,0.00061403282065124274,615.97855619002053,0.19614554842762172,0.00061403282065124274
51,0,0.20458057593856702,0.0011185821207010682,350.78535862029378,0.20458071468201683,0.0011072682017846504
52,1,0.20458057593856702,0.0011185821207010682,350.78535862029378,0.20458071468201683,0.0011072682017846504
53,2,0.20458057593856702,0.0006215969300360179,632.33100988662329,0.20458069560034861,0.0006215969300360179
54,0,0.2133784410830368,0.0011316835952819514,360.31416539490721,0.21337844258553573,0.0011178930690210714
55,1,0.2133784410830368,0.0011316835952819514,360.31416539490721,0.21337844258553573,0.0011178930690210714
56,2,0.2133784410830368,0.00062904852946244383,649.29562087883176,0.21337843705872728,0.00062904852946244383
57,0,0.22255465314898318,0.0011445187240223512,370.2071259856844,0.22255478667234499,0.0011280951434908923
58,1,0.22255465314898318,0.0011445187240223512,370.2071259856844,0.22255478667234499,0.0011280951434908923
59,2,0.22255465314898318,0.00063637298383909934,666.96584007069566,0.22255472334062879,0.00063637298383909934
60,0,0.23212548271917155,0.0011570551677039318,380.48199396168582,0.23212554950306891,0.0011378687937505514
61,1,0.23212548271917155,0.0011570551677039318,380.48199396168582,0.23212554950306891,0.0011378687937505514
62,2,0.23212548271917155,0.00064355261089495152,685.35747325790737,0.23212549479722844,0.00064355261089495152
63,0,0.2421079000830344,0.0011692614676135497,391.15790669261168,0.24210795101409396,0.0011472095137170023
64,1,0.2421079000830344,0.0011692614676135497,391.15790669261168,0.24210795101409396,0.0011472095137170023
65,2,0.2421079000830344,0.00065056989542407661,704.46771866310542,0.24210800857834,0.00065056989542407661
66,0,0.25251960532713796,0.0011811049328118775,402.25520819553986,0.2525197931150282,0.0011561121517304892
67,1,0.25251960532713796,0.0011811049328118775,402.25520819553986,0.2525197931150282,0.0011561121517304892
68,2,0.25251960532713796,0.00065740810543785187,724.28699553049159,0.25251991892669118,0.00065740810543785187
69,0,0.26337905971967041,0.0011925508776308808,413.79529703002538,0.26337909295486234,0.0011645703050157572
70,1,0.26337905971967041,0.0011925508776308808,413.79529703002538,0.26337909295486234,0.0011645703050157572
71,2,0.26337905971967041,0.00066405158036501855,744.79783398925383,0.26337913269488805,0.00066405158036501855
72,0,0.274705518444602,0.0012035662882639957,425.80180974461393,0.27470562347154481,0.001172578954446582
73,1,0.274705518444602,0.0012035662882639957,425.80180974461393,0.27470562347154481,0.001172578954446582
74,2,0.274705518444602,0.00067048597873754301,765.980604888009,0.27470555266320501,0.00067048597873754301
75,0,0.28651906474355754,0.0012141158166285712,438.29872113452058,0.28651924426556058,0.0011801313943252329
76,1,0.28651906474355754,0.0012141158166285712,438.29872113452058,0.28651924426556058,0.0011801313943252329
77,2,0.28651906474355754,0.00067669396583925083,787.90807178092621,0.28651916750383455,0.00067669396583925083
78,0,0.2988406455259402,0.0012245027583506951,451.18618593529322,0.29884064623308754,0.0011874580564527088
79,1,0.2988406455259402,0.0012245027583506951,451.18618593529322,0.29884064623308754,0.0011874580564527088
80,2,0.2988406455259402,0.00068265676354469895,810.73736393954562,0.29884064415077366,0.00068265676354469895
81,0,0.31169210851044671,0.0012393200087960723,462.74932514101437,0.31169228525387649,0.0011977273131377399
82,1,0.31169210851044671,0.0012393200087960723,462.74932514101437,0.31169228525387649,0.0011977273131377399
83,2,0.31169210851044671,0.00068835660175978891,834.62247957928059,0.31169233550710806,0.00068835660175978891
84,0,0.32509624096383177,0.00125411209689286,474.60126884386693,0.32509639391406603,0.0012077720112238495
85,1,0.32509624096383177,0.00125411209689286,474.60126884386693,0.32509639391406603,0.0012077720112238495
86,2,0.32509624096383177,0.00069377523578883897,859.52560075944916,0.32509642714556597,0.00069377523578883897
87,0,0.33907681010560947,0.0012688820232484683,486.74010423637719,0.33907682813478429,0.0012176024030856809
88,1,0.33907681010560947,0.0012688820232484683,486.74010423637719,0.33907682813478429,0.0012176024030856809
89,2,0.33907681010560947,0.00069903966868683674,885.13264608441341,0.33907682235798831,0.00069903966868683674
90,0,0.35365860525033493,0.001283634472652174,499.1630457006072,0.35365883475003068,0.0012272292699160611
91,1,0.35365860525033493,0.001283634472652174,499.1630457006072,0.35365883475003068,0.0012272292699160611
92,2,0.35365860525033493,0.00070710640991698869,907.53967991793274,0.35365883232807976,0.00070710640991698869
93,0,0.36886748176218931,0.0012983728458289166,511.86479111420704,0.36886757671809534,0.0012366619745082146
94,1,0.36886748176218931,0.0012983728458289166,511.86479111420704,0.36886757671809534,0.0012366619745082146
95,2,0.36886748176218931,0.00071515995514618181,930.38723063630403,0.36886758401420394,0.00071515995514618181
96,0,0.38473040689980559,0.0013131040487223912,524.83973250588758,0.38473048662970083,0.0012459115586226435
97,1,0.38473040689980559,0.0013131040487223912,524.83973250588758,0.38473048662970083,0.0012459115586226435
98,2,0.38473040689980559,0.00072320475431289673,953.88861421232116,0.38473046757986606,0.00072320475431289673
99,0,0.40127550763262337,0.0013278353239617583,538.08025633685975,0.40127576115371366,0.0012549886403950049
100,1,0.40127550763262337,0.0013278353239617583,538.08025633685975,0.40127576115371366,0.0012549886403950049
101,2,0.40127550763262337,0.00073124503920171202,978.0883936078925,0.40127571575796805,0.00073124503920171202
102,0,0.41853212051355781,0.0013425739982438161,551.57638501414237,0.41853215188295445,0.001263903288112651
103,1,0.41853212051355781,0.0013425739982438161,551.57638501414237,0.41853215188295445,0.001263903288112651
104,2,0.41853212051355781,0.00073928046465509493,1002.7924369770172,0.41853213836308056,0.00073928046465509493
105,0,0.43653084369641254,0.0013573238317943,565.32081313831361,0.43653100266016404,0.0012726629085867277
106,1,0.43653084369641254,0.0013573238317943,565.32081313831361,0.43653100266016404,0.0012726629085867277
107,2,0.43653084369641254,0.00074732208004178865,1027.7547090593775,0.43653104604026866,0.00074732208004178865
108,0,0.45530359119026997,0.0013721042566864771,579.29623637953193,0.45530382540399017,0.0012812835924020354
109,1,0.45530359119026997,0.0013721042566864771,579.29623637953193,0.45530382540399017,0.0012812835924020354
110,2,0.45530359119026997,0.00075537446224261523,1052.9938136323601,0.45530388712058234,0.00075537446224261523
111,0,0.47488364944705996,0.001386925518665934,593.48803622682215,0.47488364860591342,0.0012897752250978869
112,1,0.47488364944705996,0.001386925518665934,593.48803622682215,0.47488364860591342,0.0012897752250978869
113,2,0.47488364944705996,0.00076344491478281379,1078.7178846828053,0.47488364421635526,0.00076344491478281379
114,0,0.49530573638264219,0.0014018032799025791,607.87977533257504,0.49530596322075249,0.0012981501566365805
115,1,0.49530573638264219,0.0014018032799025791,607.87977533257504,0.49530596322075249,0.0012981501566365805
116,2,0.49530573638264219,0.00077154216537852994,1105.1222704866984,0.49530584023242635,0.00077154216537852994
117,0,0.51660606293605515,0.0014167519769896033,622.45097441399867,0.51660623723202581,0.0013064193345574298
118,1,0.51660606293605515,0.0014167519769896033,622.45097441399867,0.51660623723202581,0.0013064193345574298
119,2,0.51660606293605515,0.00077967212938059448,1132.1023637872715,0.51660613737455074,0.00077967212938059448
120,0,0.53882239727608405,0.0014317897981916022,637.18001469353817,0.53882242373415912,0.0013145950905242862
121,1,0.53882239727608405,0.0014317897981916022,637.18001469353817,0.53882242373415912,0.0013145950905242862
122,2,0.53882239727608405,0.00078784181201912713,1159.4332478272611,0.53882246546961676,0.00078784181201912713
123,0,0.56199413176899315,0.0014469372315942875,652.04313652080998,0.56199438791097589,0.0013226902385933793
124,1,0.56199413176899315,0.0014469372315942875,652.04313652080998,0.56199438791097589,0.0013226902385933793
125,2,0.56199413176899315,0.00079605994445034248,1186.9750173547982,0.5619945040418326,0.00079605994445034248
126,0,0.5861623528261658,0.0014622144078559652,667.01245999311118,0.58616244534570927,0.0013307166316655283
127,1,0.5861623528261658,0.0014622144078559652,667.01245999311118,0.58616244534570927,0.0013307166316655283
128,2,0.5861623528261658,0.000804336525019003,1214.8339996046559,0.58616251212978099,0.000804336525019003
129,0,0.61136991375549998,0.0014776464012761935,682.05964496065621,0.61136999310699613,0.0013386879359697775
130,1,0.61136991375549998,0.0014776464012761935,682.05964496065621,0.61136999310699613,0.0013386879359697775
131,2,0.61136991375549998,0.00081268409686985419,1243.1900625914795,0.61136987847433033,0.00081268409686985419
132,0,0.63766151074573507,0.0014932591616206598,697.15278291342531,0.63766174323351277,0.0013466174090712979
133,1,0.63766151074573507,0.0014932591616206598,697.15278291342531,0.63766174323351277,0.0013466174090712979
134,2,0.63766151074573507,0.00082111240585850819,1272.1200618190458,0.63766154704487343,0.00082111240585850819
135,0,0.66508376211843867,0.0015090800967342782,712.25672640755556,0.66508378499769472,0.0013545181944822772
136,1,0.66508376211843867,0.0015090800967342782,712.25672640755556,0.66508378499769472,0.0013545181944822772
137,2,0.66508376211843867,0.00082962845622572929,1301.574803741302,0.66508375005154374,0.00082962845622572929
138,0,0.69368529098817699,0.001525141925385634,727.33632781520885,0.69368540177229232,0.0013624051770956673
139,1,0.69368529098817699,0.001525141925385634,727.33632781520885,0.69368540177229232,0.0013624051770956673
140,2,0.69368529098817699,0.00083824113614289089,1331.4911982747337,0.69368551937684431,0.00083824113614289089
141,0,0.7235168114774384,0.0015414772263182635,742.35149224784436,0.72351697415976357,0.0013702921945488056
142,1,0.7235168114774384,0.0015414772263182635,742.35149224784436,0.72351697415976357,0.0013702921945488056
143,2,0.7235168114774384,0.00084696155096706616,1361.7961928101167,0.72351706902798363,0.00084696155096706616
144,0,0.75463121863917548,0.0015581223071024235,757.26082027052507,0.75463121279287959,0.0013781939038962883
145,1,0.75463121863917548,0.0015581223071024235,757.26082027052507,0.75463121279287959,0.0013781939038962883
146,2,0.75463121863917548,0.00085580346555967179,1392.4054496006104,0.7546312078109727,0.00085580346555967179
147,0,0.78708368224641456,0.0015751182241710879,772.02274929341843,0.78708376803321878,0.0013861261408923912
148,1,0.78708368224641456,0.0015751182241710879,772.02274929341843,0.78708376803321878,0.0013861261408923912
149,2,0.78708368224641456,0.0008647819768949998,1423.2607782776352,0.78708378164434256,0.0008647819768949998
150,0,0.82093174461522933,0.0015925059841402284,786.5902249901925,0.82093182218993332,0.0013941035854903023
151,1,0.82093174461522933,0.0015925059841402284,786.5902249901925,0.82093182218993332,0.0013941035854903023
152,2,0.82093174461522933,0.00087390980340805815,1454.428487193421,0.82093183487978438,0.00087390980340805815
153,0,0.856235422634534,0.0016103323926635502,800.91766095413993,0.8562354019846915,0.0014021424139309933
154,1,0.856235422634534,0.0016103323926635502,800.91766095413993,0.8562354019846915,0.0014021424139309933
155,2,0.856235422634534,0.00088320115455444608,1486.0415446136221,0.8562354247010957,0.00088320115455444608
156,0,0.89305731418360645,0.0016286477464460517,814.95810116559221,0.89305731230780205,0.0014102590918234229
157,1,0.89305731418360645,0.0016286477464460517,814.95810116559221,0.89305731230780205,0.0014102590918234229
158,2,0.89305731418360645,0.0008926698016401449,1518.1885778571652,0.89305739277380358,0.0008926698016401449
159,0,0.93146270912603291,0.0016475037718863491,828.66037165167381,0.93146272797599605,0.0014184693820504426
160,1,0.93146270912603291,0.0016475037718863491,828.66037165167381,0.93146272797599605,0.0014184693820504426
161,2,0.93146270912603291,0.00090232626303672647,1550.8371574398807,0.93146272810037312,0.00090232626303672647
162,0,0.97151970507688079,0.0016669551547769596,841.97981029863422,0.97151962089714217,0.0014267889694492151
163,1,0.97151970507688079,0.0016669551547769596,841.97981029863422,0.97151962089714217,0.0014267889694492151
164,2,0.97151970507688079,0.00091218350012280504,1583.9394824630251,0.97151976693060604,0.00091218350012280504
165,0,1.0132993281483698,0.0016870667611312673,854.86425827622634,1.0132992083605221,0.0014352363827404434
166,1,1.0132993281483698,0.0016870667611312673,854.86425827622634,1.0132992083605221,0.0014352363827404434
167,2,1.0132993281483698,0.00092225659434028357,1617.446016479799,1.0132994534468367,0.00092225659434028357
168,0,1.0568756588881374,0.0017079028171918104,867.26318151522923,1.0568756623387223,0.0014438282140063301
169,1,1.0568756588881374,0.0017079028171918104,867.26318151522923,1.0568756623387223,0.0014438282140063301
170,2,1.0568756588881374,0.00093256122762408759,1651.3100278117429,1.0568756668395762,0.00093256122762408759
171,0,1.1023259636334062,0.001729535280785008,879.1325046723606,1.1023257430505611,0.0014525825301584675
172,1,1.1023259636334062,0.001729535280785008,879.1325046723606,1.1023257430505611,0.0014525825301584675
173,2,1.1023259636334062,0.00094311499871146585,1685.4913232723545,1.1023260037378597,0.00094311499871146585
174,0,1.1497308315139552,0.0017520376739122464,890.42248651352293,1.1497306257110558,0.0014615161832707715
175,1,1.1497308315139552,0.0017520376739122464,890.42248651352293,1.1497306257110558,0.0014615161832707715
176,2,1.1497308315139552,0.0009539347257212777,1719.9877829505936,1.1497308935299657,0.0009539347257212777
177,0,1.1991743173468252,0.001775490198071364,901.08859195534819,1.1991742954923028,0.0014706467564335453
178,1,1.1991743173468252,0.001775490198071364,901.08859195534819,1.1991742954923028,0.0014706467564335453
179,2,1.1991743173468252,0.00096503845985957011,1754.8290579486031,1.1991743118884626,0.00096503845985957011
180,0,1.2507440906761222,0.0017999800644710215,911.09249281954476,1.2507436992041048,0.0014799924687388321
181,1,1.2507440906761222,0.0017999800644710215,911.09249281954476,1.2507436992041048,0.0014799924687388321
182,2,1.2507440906761222,0.00097644494050519481,1790.0562016975452,1.2507441039317828,0.00097644494050519481
183,0,1.3045315912221922,0.0018255968468675859,920.39003609172448,1.3045313875037332,0.0014895702267216844
184,1,1.3045315912221922,0.0018255968468675859,920.39003609172448,1.3045313875037332,0.0014895702267216844
185,2,1.3045315912221922,0.00098817051697220248,1825.6918664477728,1.3045316013825075,0.00098817051697220248
186,0,1.3606321910157906,0.001852439310312859,928.94879159234813,1.3606320775785232,0.0014993980547375039
187,1,1.3606321910157906,0.001852439310312859,928.94879159234813,1.3606320775785232,0.0014993980547375039
188,2,1.3606321910157906,0.0010002327545923862,1861.7725702473301,1.3606322005570017,0.0010002327058465019
189,0,1.4191453635047369,0.0018806120941973752,936.73887490508685,1.4191448581663906,0.0015094936181674276
190,1,1.4191453635047369,0.0018806120941973752,936.73887490508685,1.4191448581663906,0.0015094936181674276
191,2,1.4191453635047369,0.0010126511754939712,1898.2575558896322,1.4191454030737638,0.0010125089280738062
192,0,1.4801748599328997,0.0019102244904688902,943.72817875940768,1.480174745336976,0.0015198736367001879
193,1,1.4801748599328997,0.0019102244904688902,943.72817875940768,1.480174745336976,0.0015198736367001879
194,2,1.4801748599328997,0.0010254474545478166,1934.9676078034038,1.4801748759038125,0.0010248791020241626
195,0,1.5438288933042521,0.0019413959818757823,949.9013853048416,1.5438286822065364,0.0015305556573521712
196,1,1.5438288933042521,0.0019413959818757823,949.9013853048416,1.5438286822065364,0.0015305556573521712
197,2,1.5438288933042521,0.0010386450883072909,1971.6872466581533,1.5438288591284819,0.0010373509999027127
198,0,1.6102203302581957,0.0019742501887362852,955.24017161143047,1.6102198596698571,0.0015415557449919384
199,1,1.6102203302581957,0.0019742501887362852,955.24017161143047,1.6102198596698571,0.0015415557449919384
200,2,1.6102203302581957,0.001052270041310873,2008.3401999878802,1.6102202881423555,0.0010499332442908676
201,0,1.6794668911963619,0.0020089211774161494,959.72987232867035,1.6794668788972731,0.0015528904688379137
202,1,1.6794668911963619,0.0020089211774161494,959.72987232867035,1.6794668788972731,0.0015528904688379137
203,2,1.6794668911963619,0.0010663510326802176,2044.9798242559032,1.6794668903074856,0.0010626353579516066
204,0,1.751691359015753,0.0020455526463127646,963.37359923372264,1.7516912016718005,0.0015645763662038487
205,1,1.751691359015753,0.0020455526463127646,963.37359923372264,1.7516912016718005,0.0015645763662038487
206,2,1.751691359015753,0.0010809181546411989,2081.6854374972713,1.7516913463680572,0.0010754663330114294
207,0,1.82702179681832,0.0020842928101719284,966.1660759955106,1.8270215170861044,0.0015766281465471464
208,1,1.82702179681832,0.0020842928101719284,966.1660759955106,1.8270215170861044,0.0015766281465471464
209,2,1.82702179681832,0.0010959985140211934,2118.4481739649946,1.8270217950651579,0.0010884308548330267
210,0,1.9055917749830174,0.0021253013998888326,968.11528694154811,1.9055918672913219,0.0015890607911016735
211,1,1.9055917749830174,0.0021253013998888326,968.11528694154811,1.9055918672913219,0.0015890607911016735
212,2,1.9055917749830174,0.0011116200395966129,2155.2378226614883,1.9055917535924456,0.0011015328429681106
213,0,1.9875406080029503,0.0021687489593572016,969.24031132798734,1.9875408172844717,0.0016018891060327932
214,1,1.9875406080029503,0.0021687489593572016,969.24031132798734,1.9875408172844717,0.0016018891060327932
215,2,1.9875406080029503,0.0011278133857022241,2192.0009660601131,1.9875404728692434,0.0011147769777338577
216,0,2.0730136015075646,0.0022148120188819911,969.55164132440859,2.0730135377786132,0.001615126173864508
217,1,2.0730136015075646,0.0022148120188819911,969.55164132440859,2.0730135377786132,0.001615126173864508
218,2,2.0730136015075646,0.0011446122727160606,2228.6039269469129,2.0730135393996445,0.0011281687669746515
219,0,2.1621623099078766,0.0022636816687515125,969.07809805352679,2.1621627618161701,0.0016287857627660185
220,1,2.1621623099078766,0.0022636816687515125,969.07809805352679,2.1621627618161701,0.0016287857627660185
221,2,2.1621623099078766,0.0011620536833034103,2264.8863741175505,2.162162295981934,0.0011417144709377708
222,0,2.255144805121581,0.0023155568556205257,967.85066602616143,2.2551457106435535,0.0016428802799828548
223,1,2.255144805121581,0.0023155568556205257,967.85066602616143,2.2551457106435535,0.0016428802799828548
224,2,2.255144805121581,0.00118017478553565,2300.7652434326742,2.2551447363512658,0.0011554185728401933
225,0,2.352125956854525,0.0023706479056877475,965.89549077105721,2.3521259525319564,0.0016574217411557068
226,1,2.352125956854525,0.0023706479056877475,965.89549077105721,2.3521259525319564,0.0016574217411557068
227,2,2.352125956854525,0.0011990152099707145,2336.2724126081034,2.3521259630694207,0.0011692855217037997
228,0,2.4532777249355142,0.0024291802846796418,963.25662576278899,2.4532791190850824,0.0016724226783796561
229,1,2.4532777249355142,0.0024291802846796418,963.25662576278899,2.4532791190850824,0.0016724226783796561
230,2,2.4532777249355142,0.0012186169454475903,2371.4693500980879,2.4532775530966351,0.0011833195272442415
231,0,2.5587794642228037,0.0024913875171652241,959.97127204541164,2.5587811469009178,0.001687894266946828
232,1,2.5587794642228037,0.0024913875171652241,959.97127204541164,2.5587811469009178,0.001687894266946828
233,2,2.5587794642228037,0.0012390257714647811,2406.2071930401803,2.5587792381393721,0.0011975254341303032
234,0,2.6688182426229137,0.002557516529323638,956.07872428813369,2.668818259755056,0.0017038477689570706
235,1,2.6688182426229137,0.002557516529323638,956.07872428813369,2.668818259755056,0.0017038477689570706
236,2,2.6688182426229137,0.0012602916664365537,2440.1701104333138,2.6688182436610184,0.0012119087578776992
237,0,2.7835891727856477,0.0026278310762465353,951.62899132273662,2.7835922111849891,0.0017202953396188367
238,1,2.7835891727856477,0.0026278310762465353,951.62899132273662,2.7835922111849891,0.0017202953396188367
239,2,2.7835891727856477,0.0012824684630407489,2473.0653370551549,2.7835889728251777,0.0012264752036189295
240,0,2.9032957580634613,0.002702603202971087,946.6624924634458,2.9032978182909299,0.0017372480604838326
241,1,2.9032957580634613,0.002702603202971087,946.6624924634458,2.9032978182909299,0.0017372480604838326
242,2,2.9032957580634613,0.0013056113289166159,2504.9442634576722,2.903295574548804,0.0012412288790525261
243,0,3.0281502533486031,0.0027821227437376272,941.2242112891754,3.0281510106645713,0.0017547182797159643
244,1,3.0281502533486031,0.0027821227437376272,941.2242112891754,3.0281510106645713,0.0017547182797159643
245,2,3.0281502533486031,0.0013297797621047128,2536.0307153059584,3.0281502598123602,0.0012561741733194405
246,0,3.1583740414278441,0.0028666961075980634,935.36144868313056,3.1583791423486511,0.0017727193466859181
247,1,3.1583740414278441,0.0028666961075980634,935.36144868313056,3.1583791423486511,0.0017727193466859181
248,2,3.1583740414278441,0.0013550369388404273,2566.4223278474065,3.1583739294087474,0.0012713151583521813
249,0,3.2941980255221122,0.0029566410694087243,929.11471676285748,3.2941996372671816,0.0017912646283190108
250,1,3.2941980255221122,0.0029566410694087243,929.11471676285748,3.2941996372671816,0.0017912646283190108
251,2,3.2941980255221122,0.0013814483733604369,2595.8042632286933,3.2941980214929534,0.0012866546931110312
252,0,3.4358630387070641,0.0030522966153477306,922.52581467520724,3.4358657901239984,0.0018103697205072305
253,1,3.4358630387070641,0.0030522966153477306,922.52581467520724,3.4358657901239984,0.0018103697205072305
254,2,3.4358630387070641,0.0014090848091969611,2623.752126582965,3.4358628007733016,0.001302196038541646
255,0,3.5836202709405387,0.0031540178568875868,915.63521478847042,3.5836271575802976,0.0018300514671943263
256,1,3.5836202709405387,0.0031540178568875868,915.63521478847042,3.5836271575802976,0.0018300514671943263
257,2,3.5836202709405387,0.0014380215080912176,2650.1374454430693,3.5836196061210317,0.0013179422488980366
258,0,3.7377317144540747,0.0032621768446656572,908.47926586092831,3.7377322104048556,0.001850328288258114
259,1,3.7377317144540747,0.0032621768446656572,908.47926586092831,3.7377322104048556,0.001850328288258114
260,2,3.7377317144540747,0.0014683387435721132,2675.2222517330451,3.7377315250021912,0.0013338962917047797
261,0,3.8984706282982189,0.0033771699004243854,901.08965438945847,3.8984765623594377,0.0018712216621387689
262,1,3.8984706282982189,0.0033771699004243854,901.08965438945847,3.8984765623594377,0.0018712216621387689
263,2,3.8984706282982189,0.0015001225697782847,2699.3528896658877,3.8984715440406084,0.0013500612808832432
264,0,4.0661220228653319,0.0034994116650540804,893.49946201604735,4.0661295499669183,0.0018927550774871871
265,1,4.0661220228653319,0.0034994116650540804,893.49946201604735,4.0661295499669183,0.0018927550774871871
266,2,4.0661220228653319,0.0015334577512190026,2722.4447456771913,4.066123183550884,0.0013664368764029389
267,0,4.2409831652490064,0.0036293403772722573,885.73576696125235,4.2409832550493443,0.001914955092121572
268,1,4.2409831652490064,0.0036293403772722573,885.73576696125235,4.2409832550493443,0.001914955092121572
269,2,4.2409831652490064,0.0015684318437714968,2744.1364289121088,4.2409830063435408,0.0013830216290612147
270,0,4.423364106336158,0.0037674202326527309,877.81850127128132,4.4233737576034313,0.0019378517629753326
271,1,4.423364106336158,0.0037674202326527309,877.81850127128132,4.4233737576034313,0.0019378517629753326
272,2,4.423364106336158,0.0016051416517793246,2764.0661528912779,4.4233622941229571,0.0013998159869191254
273,0,4.613588230566406,0.00391414121019078,869.77382164339906,4.6135946380995057,0.0019614786251670692
274,1,4.613588230566406,0.00391414121019078,869.77382164339906,4.6135946380995057,0.0019614786251670692
275,2,4.613588230566406,0.0016437023158049093,2782.1135961485752,4.6135866918778037,0.0014168258305377289
276,0,4.8119928293335184,0.0040700220975764612,861.61599399576528,4.8119948949482572,0.0019858731892208989
277,1,4.8119928293335184,0.0040700220975764612,861.61599399576528,4.8119948949482572,0.0019858731892208989
278,2,4.8119928293335184,0.0016842407227329033,2798.2379349711537,4.8119939368113807,0.001434058652976439
279,0,5.0189296990456489,0.0042356136462126798,853.35630052539659,5.0189425510922403,0.0020110773953138351
280,1,5.0189296990456489,0.0042356136462126798,853.35630052539659,5.0189425510922403,0.0020110773953138351
281,2,5.0189296990456489,0.0017268848015665095,2812.4972113783688,5.0189326107030032,0.0014515187998261608
282,0,5.2347657649047905,0.004411500228220574,845.01351123424627,5.2347694279098542,0.0020371377926417986
283,1,5.2347657649047905,0.004411500228220574,845.01351123424627,5.2347694279098542,0.0020371377926417986
284,2,5.2347657649047905,0.0017717569450733969,2825.117243673747,5.2347667991363673,0.0014692053419696691
285,0,5.4598837315114999,0.0045983020429934667,836.58873482514605,5.4598900066980791,0.0020641057843753994
286,1,5.4598837315114999,0.0045983020429934667,836.58873482514605,5.4598900066980791,0.0020641057843753994
287,2,5.4598837315114999,0.0018189877460605599,2836.4068065909455,5.4598831629313844,0.0014871180912566719
288,0,5.6946827614484716,0.0047966807378414991,828.09000160413211,5.6946971794908574,0.0020920383253833844
289,1,5.6946827614484716,0.0047966807378414991,828.09000160413211,5.6946971794908574,0.0020920383253833844
290,2,5.6946827614484716,0.0018687288465328534,2846.1255220252142,5.6946829415088427,0.0015052620818501847
291,0,5.9395791830462139,0.0050073411197706147,819.52722501746848,5.9395798514400973,0.0021209980048349886
292,1,5.9395791830462139,0.0050073411197706147,819.52722501746848,5.9395798514400973,0.0021209980048349886
293,2,5.9395791830462139,0.001921153261331823,2853.4172442263402,5.9395793594194677,0.0015236467150573109
294,0,6.195007228585748,0.0052310326860841271,810.89206837757604,6.1950190097763826,0.0021510531106359292
295,1,6.195007228585748,0.0052310326860841271,810.89206837757604,6.1950190097763826,0.0021510531106359292
296,2,6.195007228585748,0.0019764512635451403,2857.3390008024917,6.1950052193077756,0.0015422835312572088
297,0,6.4614198042472779,0.0054685603304328459,802.19291596925223,6.4614333284186714,0.0021822788965359945
298,1,6.4614198042472779,0.0054685603304328459,802.19291596925223,6.4614333284186714,0.0021822788965359945
299,2,6.4614198042472779,0.0020348405080217922,2857.913813480302,6.4614169167706343,0.0015611889439119829
300,0,6.7392892931700406,0.0057207822354598996,793.43002799873045,6.7392896798927886,0.0022147570805698762
301,1,6.7392892931700406,0.0057207822354598996,793.43002799873045,6.7392896798927886,0.0022147570805698762
302,2,6.7392892931700406,0.0020965634092598873,2855.7291454939614,6.7392902232423459,0.0015803824176928677
303,0,7.0291083930472613,0.0059886150963370964,784.59239344866853,7.0291256613611299,0.0022485763459486234
304,1,7.0291083930472613,0.0059886150963370964,784.59239344866853,7.0291256613611299,0.0022485763459486234
305,2,7.0291083930472613,0.002161874746871525,2851.3601240962471,7.0291142570100007,0.0015998821353966129
306,0,7.33139098974139,0.0062730474771352327,775.68864370093809,7.3314009787494916,0.0022838338106162944
307,1,7.33139098974139,0.0062730474771352327,775.68864370093809,7.3314009787494916,0.0022838338106162944
308,2,7.33139098974139,0.0022310220313613376,2844.8187284651176,7.3313935313274339,0.0016196996426285476
309,0,7.6466730684686199,0.0065751335949821629,766.71064776253661,7.6466774482803324,0.0023206340114212682
310,1,7.6466730684686199,0.0065751335949821629,766.71064776253661,7.6466774482803324,0.0023206340114212682
311,2,7.6466730684686199,0.0023042683642555688,2836.0047407356237,7.6466742939632901,0.0016398473301661985
312,0,7.9755136641683677,0.0068960069371027128,757.65122655026858,7.9755349781973024,0.0023590903841632042
313,1,7.9755136641683677,0.0068960069371027128,757.65122655026858,7.9755349781973024,0.0023590903841632042
314,2,7.9755136641683677,0.0023818929354128592,2824.9811469361521,7.9755188933721683,0.0016603385570034572
315,0,8.3184958527428083,0.0072368908220990426,748.51699208796845,8.3185005783792825,0.0023993262830293914
316,1,8.3184958527428083,0.0072368908220990426,748.51699208796845,8.3185005783792825,0.0023993262830293914
317,2,8.3184958527428083,0.0024641902582377591,2812.0945282501125,8.3184964689346987,0.0016811874869881239
318,0,8.6762277849240856,0.0075990923392995693,739.29476633161664,8.6762393378383003,0.0024414740366965259
319,1,8.6762277849240856,0.0075990923392995693,739.29476633161664,8.6762393378383003,0.0024414740366965259
320,2,8.6762277849240856,0.0025514771002688444,2797.7937336328955,8.6762334807369914,0.0017024108581440403
321,0,9.0493437646023605,0.0079840145036248217,729.98535446907727,9.0493662861343029,0.0024856762042358141
322,1,9.0493437646023605,0.0079840145036248217,729.98535446907727,9.0493662861343029,0.0024856762042358141
323,2,9.0493437646023605,0.002644081615809828,2782.2121882847182,9.049352759194031,0.0017240253252045995
324,0,9.4385053735266951,0.0083931867329557677,720.59081789112588,9.4385057261792387,0.0025320888416910737
325,1,9.4385053735266951,0.0083931867329557677,720.59081789112588,9.4385057261792387,0.0025320888416910737
326,2,9.4385053735266951,0.0027423570886607115,2765.1799944757654,9.4385053785570445,0.0017460508770214575
327,0,9.8444026443730568,0.0088282369217960784,711.09797348600239,9.8444230972598348,0.0025808780819776451
328,1,9.8444026443730568,0.0088282369217960784,711.09797348600239,9.8444230972598348,0.0025808780819776451
329,2,9.8444026443730568,0.0028466765875313918,2746.5377901674983,9.8444140840079744,0.0017685095100045066
330,0,10.267755284259374,0.0092909315472462697,701.51358051310058,10.267775470569109,0.0026322245043182264
331,1,10.267755284259374,0.0092909315472462697,701.51358051310058,10.267775470569109,0.0026322245043182264
332,2,10.267755284259374,0.0029574297326600773,2726.5631858130064,10.267765643477711,0.0017914246694155595
333,0,10.709313950877153,0.0097831693751052103,691.83619449794708,10.709315434399306,0.0026863222100870967
334,1,10.709313950877153,0.0097831693751052103,691.83619449794708,10.709315434399306,0.0026863222100870967
335,2,10.709313950877153,0.003075030190483987,2705.7631420732364,10.709314943987724,0.0018148229657646466
336,0,11.169861583502348,0.010306996022645863,682.05727950783137,11.169890027859656,0.0027433802710042877
337,1,11.169861583502348,0.010306996022645863,682.05727950783137,11.169890027859656,0.0027433802710042877
338,2,11.169861583502348,0.0031999206128480178,2684.4898337347308,11.169877421563276,0.0018387350837252945
339,0,11.650214791245574,0.010864628306614593,672.18706644538975,11.650228236631754,0.0028036252061610372
340,1,11.650214791245574,0.010864628306614593,672.18706644538975,11.650228236631754,0.0028036252061610372
341,2,11.650214791245574,0.0033325736055025614,2662.4915809280146,11.650222009270221,0.0018631958085671373
342,0,12.151225301003178,0.011458451410097992,662.22057593355817,12.151235207673576,0.0028673004958575882
343,1,12.151225301003178,0.011458451410097992,662.22057593355817,12.151235207673576,0.0028673004958575882
344,2,12.151225301003178,0.0034734953582054072,2639.2907480104059,12.151230985608478,0.0018882445400778699
345,0,12.673781467676584,0.012091040008374595,652.15731192925909,12.673817784938942,0.002934668716579312
346,1,12.673781467676584,0.012091040008374595,652.15731192925909,12.673817784938942,0.002934668716579312
347,2,12.673781467676584,0.0036232227443487182,2614.8305694815144,12.673800345478551,0.0019139246286087176
348,0,13.218809849337712,0.012765176233912087,642.00794243362668,13.218816011586544,0.003006013308878962
349,1,13.218809849337712,0.012765176233912087,642.00794243362668,13.218816011586544,0.003006013308878962
350,2,13.218809849337712,0.0037823245791035283,2589.7239232157945,13.21881154431957,0.0019402835507826325
351,0,13.78727685013345,0.013483853484562455,631.7670514100746,13.787295813155099,0.0030816388504295205
352,1,13.78727685013345,0.013483853484562455,631.7670514100746,13.787295813155099,0.0030816388504295205
353,2,13.78727685013345,0.0039514060093609575,2564.6776354111771,13.787297647208533,0.0019673735737392242
354,0,14.380190433842239,0.014250331153898092,621.44152901908603,14.38022102648633,0.0031618766883369678
355,1,14.380190433842239,0.014250331153898092,621.44152901908603,14.38022102648633,0.0031618766883369678
356,2,14.380190433842239,0.0041311050325910726,2539.6150937333596,14.380225562522371,0.0019952511186877328
357,0,14.998601911121142,0.015068144038153316,611.03764825248959,14.998601959074573,0.0032470857472720206
358,1,14.998601911121142,0.015068144038153316,611.03764825248959,14.998601959074573,0.0032470857472720206
359,2,14.998601911121142,0.0043220971918934903,2513.8062355061984,14.998601683471305,0.002023977474507754
360,0,15.643607803612397,0.015941082882930935,600.55092438607892,15.643658103330591,0.0033376503922637295
361,1,15.643607803612397,0.015941082882930935,600.55092438607892,15.643658103330591,0.0033376503922637295
362,2,15.643607803612397,0.004525124588549285,2486.4680275741289,15.64359954145227,0.0020536229073324298
363,0,16.316351788214757,0.016873184903232065,590.00056394446176,16.316398360188927,0.0034339794197706403
364,1,16.316351788214757,0.016873184903232065,590.00056394446176,16.316398360188927,0.0034339794197706403
365,2,16.316351788214757,0.004741089362487935,2457.6547076034467,16.316340790031333,0.002084279145837985
366,0,17.018026724967047,0.017868774346482898,579.40074422112684,17.018021121896155,0.0035365102419942988
367,1,17.018026724967047,0.017868774346482898,579.40074422112684,17.018021121896155,0.0035365102419942988
368,2,17.018026724967047,0.0049709950321889457,2427.7058643366868,17.018043651775734,0.0021160492317597234
369,0,17.749876772139672,0.018932647497421497,568.75059898386849,17.749880900735359,0.0036457278165096174
370,1,17.749876772139672,0.018932647497421497,568.75059898386849,17.749880900735359,0.0036457278165096174
371,2,17.749876772139672,0.0052158558557128566,2397.0062803805949,17.749955548368032,0.0021490348048563163
372,0,18.513199592284309,0.020070270302214283,558.03444308088558,18.513185832546242,0.0037621845848309094
373,1,18.513199592284309,0.020070270302214283,558.03444308088558,18.513185832546242,0.0037621845848309094
374,2,18.513199592284309,0.0054766188208895507,2365.9634129410529,18.513238550776187,0.0021833269101958746
375,0,19.30934865315351,0.02128756682744417,547.21485146211865,19.309425632366594,0.0038864784831128974
376,1,19.30934865315351,0.02128756682744417,547.21485146211865,19.309425632366594,0.0038864784831128974
377,2,19.30934865315351,0.0057542733386989758,2335.0114655708076,19.309325539749565,0.0022190218336397877
378,0,20.13973562756992,0.022590235423268719,536.34951659717262,20.13991699612621,0.004019183320074342
379,1,20.13973562756992,0.022590235423268719,536.34951659717262,20.13991699612621,0.004019183320074342
380,2,20.13973562756992,0.0060500221116169027,2303.9779558150749,20.139706278564212,0.0022562424242723381
381,0,21.005832896500479,0.023983663451772306,525.61876908087618,21.005874622691994,0.004160840801933607
382,1,21.005832896500479,0.023983663451772309,525.61876908087618,21.005874622691994,0.0041608408019336079
383,2,21.005832896500479,0.0063653088549563731,2271.9007428103869,21.00582007345762,0.0022951394745668167
384,0,21.909176159773786,0.025473850911403213,515.16900066963251,21.909063971812063,0.0043120547438312258
385,1,21.909176159773786,0.025473850911403206,515.16900066963251,21.909063971812063,0.004312054743831225
386,2,21.909176159773786,0.0067016651651779537,2237.7373722584275,21.909262298665688,0.0023358715349247987
387,0,22.851367159069845,0.027070149413358044,504.60584434481819,22.85125883128952,0.004473767987790883
388,1,22.851367159069845,0.027070149413358044,504.60584434481819,22.85125883128952,0.004473767987790883
389,2,22.851367159069845,0.0070604215877141264,2202.6070191502295,22.85146054145418,0.0023785710171662011
390,0,23.83407651801032,0.028784329794765084,493.11724183210168,23.83408724028417,0.0046471659669590354
391,1,23.83407651801032,0.028784329794765084,493.11724183210168,23.83408724028417,0.0046471659669590354
392,2,23.83407651801032,0.0074428195432038029,2169.1574192750768,23.834073951091,0.002423360038267504
393,0,24.859046704385175,0.03062895674299344,480.10239612293765,24.859149397614139,0.0048335117155980448
394,1,24.859046704385175,0.030628956742993443,480.10239612293765,24.859149397614146,0.0048335117155980456
395,2,24.859046704385175,0.0078501980221595026,2139.4128972367421,24.859100386253296,0.0024703730127388591
396,0,25.928095119768127,0.032615834601775237,466.45230039945676,25.92810021818083,0.0050339895012619052
397,1,25.928095119768127,0.032615834601775244,466.45230039945676,25.928100218180838,0.0050339895012619061
398,2,25.928095119768127,0.0082841717676754491,2111.064808045242,25.928167871797527,0.002519776261871047
399,0,27.043117321999109,0.034757404845398909,453.69510287608676,27.043221233421896,0.0052498467216423672
400,1,27.043117321999109,0.034757404845398902,453.69510287608676,27.043221233421892,0.0052498467216423672
401,2,27.043117321999109,0.0087464966434598473,2079.9187304383663,27.043067989385047,0.0025717513226798999
402,0,28.20609038624773,0.037064752269680895,442.70010929404089,28.206535873635342,0.0054821933973351368
403,1,28.20609038624773,0.037064752269680881,442.70010929404089,28.206535873635335,0.0054821933973351351
404,2,28.20609038624773,0.0092394641692763561,2043.4597857286706,28.205938256529702,0.0026265381707879154
405,0,29.419076410617169,0.039545555091572211,432.70713940510853,29.419284477520822,0.0057317969463322477
406,1,29.419076410617169,0.039545555091572197,432.70713940510853,29.419284477520812,0.0057317969463322469
407,2,29.419076410617169,0.009766280977775578,2003.4807416380961,29.418993054717298,0.0026844742879447193
408,0,30.684226172504552,0.042207278090517004,422.55784027654954,30.684012228356178,0.0059994044723970632
409,1,30.684226172504552,0.042207278090517046,422.55784027654954,30.684012228356192,0.0059994044723970675
410,2,30.684226172504552,0.010330549914838675,1962.7125403528662,30.684379662745677,0.0027459347503138161
411,0,32.003782942200857,0.04506341157855414,411.83925055969456,32.003512043365973,0.0062863693011212408
412,1,32.003782942200857,0.045063411578554237,411.83925055969456,32.003512043366015,0.0062863693011212494
413,2,32.003782942200857,0.010935453290097673,1922.4390581450523,32.004011361034777,0.0028112442139005319
414,0,33.380086460492429,0.048133587008211201,400.93828876500925,33.380037526600667,0.0065946607384222977
415,1,33.380086460492429,0.048133587008211236,400.93828876500925,33.380037526600681,0.0065946607384223012
416,2,33.380086460492429,0.011583770829181658,1882.3907194956048,33.380109586925109,0.0028806821756835774
417,0,34.815577087316839,0.051439021282317497,390.30114744291848,34.815917357106741,0.0069264056833623884
418,1,34.815577087316839,0.051439021282317234,390.30114744291848,34.815917357106642,0.0069264056833623616
419,2,34.815577087316839,0.012278459820357726,1842.1961393550885,34.815563160067434,0.0029545468864515044
420,0,36.312800128829267,0.054998383160348829,379.98994312825687,36.313120323852885,0.007283474198613903
421,1,36.312800128829267,0.054998383160348406,379.98994312825693,36.313120323852729,0.0072834741986138605
422,2,36.312800128829267,0.013022878083263844,1802.0627444143133,36.312810162258899,0.0030331786610053616
423,0,37.874410350551678,0.05882987713293529,369.86079109209049,37.874383889759244,0.007667689364157659
424,1,37.874410350551678,0.058829877132935422,369.86079109209049,37.874383889759294,0.007667689364157672
425,2,37.874410350551678,0.013820700642538099,1762.4945485568358,37.874422723574469,0.0031169503555445472
426,0,39.503176684607382,0.062953301339224901,359.79681001697998,39.503182756552356,0.0080810338225161937
427,1,39.503176684607382,0.062953301339226372,359.7968100169798,39.503182756552867,0.0080810338225163411
428,2,39.503176684607382,0.014675822464540611,1723.8571964257237,39.503337300370276,0.0032062568929909379
429,0,41.201987139387313,0.067391135307330555,349.9016422479275,41.201992960677245,0.0085257586585247812
430,1,41.201987139387313,0.067391135307332151,349.90164224792721,41.201992960677778,0.0085257586585249408
431,2,41.201987139387313,0.015592290611086437,1685.9223504637941,41.202089971781795,0.003301508228265772
432,0,42.973853920353648,0.072167730180976344,340.33766115537367,42.973943345594201,0.0090043020702412577
433,1,42.973853920353648,0.072167730180974263,340.33766115537395,42.973943345593533,0.0090043020702410496
434,2,42.973853920353648,0.016574390372558732,1648.2054226328835,42.973841851130132,0.0034031383975478766
435,0,44.821918771060432,0.077308514219658175,331.16880855525756,44.822228815333084,0.0095192097546917213
436,1,44.821918771060432,0.077308514219650556,331.16880855525869,44.822228815330703,0.0095192097546909597
437,2,44.821918771060432,0.017626911537048481,1610.4313896333981,44.821956320345556,0.0035116328614958944
438,0,46.74945854386165,0.082839658419727208,322.27913978753242,46.749556817409243,0.010073101480419708
439,1,46.74945854386165,0.08283965841972224,322.27913978753321,46.749556817407743,0.010073101480419211
440,2,46.74945854386165,0.01875531111150525,1572.7805797789601,46.74945764991012,0.00362754470374575
441,0,48.759891010184269,0.088789101088008152,313.49804139685716,48.759869519166969,0.010668773729572156
442,1,48.759891010184269,0.088789101088024361,313.49804139685466,48.759869519171758,0.010668773729573776
443,2,48.759891010184269,0.019965482310316408,1535.4647146188702,48.759996019570217,0.0037514704319576383
444,0,50.856780920668548,0.095189705460886828,304.77479783326754,50.856816459836814,0.011309515742172205
445,1,50.856780920668548,0.095189705460922619,304.77479783326191,50.856816459847003,0.011309515742175789
446,2,50.856780920668548,0.021263567027552648,1498.6081274480689,50.856957379550011,0.0038840307844917013
447,0,53.043846325921109,0.10207909593626185,296.16021668899447,53.043840080824822,0.011999092901121758
448,1,53.043846325921109,0.10207909593626746,296.16021668899361,53.043840080826321,0.011999092901122319
449,2,53.043846325921109,0.022656006183309617,1462.2464638066131,53.043852843626183,0.0040258760529014639
450,0,55.324965169088159,0.10949782041540604,287.70253282813343,55.325203224437416,0.012741562699853385
451,1,55.324965169088159,0.10949782041530355,287.70253282814969,55.325203224410124,0.012741562699843129
452,2,55.324965169088159,0.024149729653419699,1426.3682963265937,55.325042752903215,0.0041777054674065409
453,0,57.704182161938391,0.11748793840350243,279.41704134798755,57.704403484643009,0.013541133479531679
454,1,57.704182161938391,0.11748793840334916,279.41704134801194,57.704403484603773,0.013541133479516344
455,2,57.704182161938391,0.025752412206003019,1390.9357669101739,57.704272468769737,0.0043402930381620684
456,0,60.185715956647712,0.12609415375376992,271.29797450909763,60.185712001575553,0.014402277851763031
457,1,60.185715956647712,0.12609415375384786,271.2979745090849,60.185712001595142,0.014402277851770829
458,2,60.185715956647712,0.027472387253377098,1355.8542032769535,60.185725413469129,0.0045144785581305675
459,0,62.773966626002327,0.13536491693955607,263.33698794387669,62.774140686277406,0.015329842999298618
460,1,62.773966626002327,0.13536491694012637,263.3369879437841,62.774140686413602,0.015329842999355674
461,2,62.773966626002327,0.029318649264605177,1321.0553274742313,62.774117893728842,0.0047011677414750376
462,0,65.473523465283378,0.14535328519123061,255.54231488258094,65.473611729066405,0.016329136708605564
463,1,65.473523465283378,0.14535328519180077,255.5423148824884,65.473611729196591,0.016329136708662602
464,2,65.473523465283378,0.031300946543698076,1286.6631598199774,65.473589974884504,0.004901341530283175
465,0,68.289173129667034,0.15611662396327944,247.91648421720745,68.289256109317876,0.017405897475353149
466,1,68.289173129667034,0.15611662396237652,247.91648421735727,68.289256109116508,0.017405897475262826
467,2,68.289173129667034,0.033429783734917,1252.8248715376055,68.289243246581051,0.0051160562729140662
468,0,71.225908121568565,0.16771671853521503,240.46160305541483,71.226201620883046,0.018566305662196865
469,1,71.225908121568565,0.16771671853232789,240.46160305589299,71.22620162026962,0.018566305661908061
470,2,71.225908121568565,0.035716296657115718,1219.6374679165001,71.226149012021295,0.0053464310845529432
471,0,74.288935642979624,0.18022006871629209,233.18176307061478,74.28898795742478,0.019817012977184432
472,1,74.288935642979624,0.18022006871470772,233.18176307087418,74.288987957107409,0.019817012977025952
473,2,74.288935642979624,0.038172235327643043,1187.1245480647367,74.288981015225986,0.0055936461867620328
474,0,77.483686828494854,0.19369837408586707,226.07259304683154,77.483842574427939,0.02116519100923386
475,1,77.483686828494854,0.19369837409250137,226.0725930457096,77.483842575736432,0.021165191009897451
476,2,77.483686828494854,0.040810194407183788,1155.265959166077,77.48379302323292,0.0058589661274942315
477,0,80.815826375399496,0.20822931705893988,219.13474640424701,80.816101885696852,0.022618609547935101
478,1,80.815826375399496,0.20822931707231299,219.13474640199212,80.816101888200464,0.022618609549272691
479,2,80.815826375399496,0.043643958363677605,1124.0316181586593,80.816026344754761,0.0061437744254384304
480,0,84.291262587892888,0.22389688888997614,212.36828733799456,84.291262935395238,0.024185669181513238
481,1,84.291262587892888,0.2238968888904172,212.36828733795761,84.291262935434247,0.024185669181557349
482,2,84.291262587892888,0.046688500560928096,1093.3616956966121,84.291262929335034,0.0064495733607783925
483,0,87.916157853257957,0.24079176234836192,205.7671178280128,87.916435564908014,0.025875438565444091
484,1,87.916157853257957,0.24079176230790006,205.76711783498692,87.916435557912109,0.025875438561397276
485,2,87.916157853257957,0.049959991774821091,1063.1728629113086,87.916339402337499,0.0067779847629870788
486,0,91.696939568552096,0.25901219881165727,199.33328036115537,91.69718254208928,0.027697745141349882
487,1,91.696939568552096,0.25901219875581455,199.33328037071175,91.697182532996692,0.027697745135764864
488,2,91.696939568552096,0.053476152069008034,1033.4855308997737,91.697091056172226,0.0071307852749558391
489,0,95.640311537193782,0.27866431706080669,193.06488036511149,95.64034362641388,0.029663202013777427
490,1,95.640311537193782,0.27866431709913081,193.06488035817102,95.640343632668674,0.029663202017610284
491,2,95.640311537193782,0.057256176010505311,1004.3321013323483,95.640349102300334,0.0075098987727474521
492,0,99.753265855652529,0.29986265020139702,186.95830622165371,99.753652176893056,0.031783263646012597
493,1,99.753265855652529,0.29986265042091731,186.95830618308528,99.753652209770451,0.03178326366796682
494,2,99.753265855652529,0.06132065862037489,975.73780930982082,99.753601396720569,0.0079173889159601194
495,0,104.04309531131896,0.32273087599494998,181.01698216879311,104.04325464194238,0.034070298898236637
496,1,104.04309531131896,0.32273087619430962,181.0169821344299,104.04325466958973,0.03407029891817432
497,2,104.04309531131896,0.065691568239748324,947.74308388467739,104.04324008414699,0.008355456435567064
498,0,108.51740631353783,0.34740236500048421,175.23866447088122,108.51755027839718,0.036537645844109741
499,1,108.51740631353783,0.34740236462256396,175.23866453994677,108.51755022604017,0.036537645806314904
500,2,108.51740631353783,0.07039251483961291,920.36761823451639,108.51748283295241,0.0088264660336609194
501,0,113.18413238073215,0.37402117721117228,169.62139978394507,113.18458839864253,0.039199711440257114
502,1,113.18413238073215,0.37402117612670766,169.621399978212,113.18458826015953,0.03919971133180368
503,2,113.18413238073215,0.075449130461274744,893.61859134671784,113.18439948366911,0.0093329844792308433
504,0,118.0515482075334,0.40274289014502129,164.16393242181292,118.05160226686985,0.042072054338181279
505,1,118.0515482075334,0.40274288964618693,164.16393250503563,118.05160221124754,0.042072054288295073
506,2,118.0515482075334,0.080889254507018907,867.48796115852224,118.05155833129061,0.0098777991273665475
507,0,123.12828433685991,0.43373530109019737,158.85876305582173,123.12858557777965,0.045171455110748354
508,1,123.12828433685991,0.4337353036995274,158.85876256818921,123.12858588271693,0.045171455371693842
509,2,123.12828433685991,0.086742769248974963,841.94534412448627,123.12866722945547,0.010463901420313169
510,0,128.42334246295943,0.46718020613091665,153.70469716887578,128.42378563073072,0.048516094161610658
511,1,128.42334246295943,0.46718021101902685,153.70469627656615,128.42378615121694,0.048516094650441835
512,2,128.42334246295943,0.093040836751172556,817.04273706047354,128.42388388709068,0.011094410503299091
513,0,133.94611139254957,0.50327407182925576,148.70061284025604,133.94611093005645,0.050000000000000003
514,1,133.94611139254957,0.50327407149541559,148.7006129587721,133.94611086583018,0.050000000000000003
515,2,133.94611139254957,0.09981630916200708,792.8743910543966,133.94609479520287,0.011772614353601312
516,0,139.70638369235795,0.54222879448719186,143.84158418971694,139.7068823961439,0.050000000000000003
517,1,139.70638369235795,0.54222877927406299,143.84158711791673,139.70688092580281,0.050000000000000003
518,2,139.70638369235795,0.10710515629892522,769.4632083992409,139.70653462548583,0.012502112673105942
519,0,145.71437305257953,0.5842730922670879,139.12815138827415,145.71474595607498,0.050000000000000003
520,1,145.71437305257953,0.58427307251463478,139.12815504331942,145.71474426352054,0.050000000000000003
521,2,145.71437305257953,0.11494927831064607,746.57488087963009,145.71451658043176,0.01328709829082541
522,0,151.98073239703908,0.62965351407329417,134.55735316764427,151.98081340369853,0.050000000000000003
523,1,151.98073239703908,0.62965352992643375,134.55734966947867,151.98081488963103,0.050000000000000003
524,2,151.98073239703908,0.12339490416605985,723.83076286757,151.98081844674064,0.014132196760469354
525,0,158.51657277217038,0.67863611458508422,130.12509882046297,158.51722511564091,0.050000000000000003
526,1,158.51657277217038,0.67863619360412952,130.12508304116852,158.51723124156663,0.050000000000000003
527,2,158.51657277217038,0.13249249762801246,701.04818105276809,158.51704004654829,0.015042456925349222
528,0,165.33348304830463,0.73150825726853663,125.8306161629215,165.33370109030946,0.050000000000000003
529,1,165.33348304830463,0.73150832507306573,125.83060379854034,165.33370544448346,0.050000000000000003
530,2,165.33348304830463,0.14229729059974963,678.53242581712857,165.33361604738286,0.016023404273352488
531,0,172.44355046820112,0.78857963956481503,121.66832666424304,172.44382931221475,0.050000000000000003
532,1,172.44355046820112,0.78857950283602718,121.66835759037369,172.4438195015309,0.050000000000000003
533,2,172.44355046820112,0.15286943069704734,656.68604494141618,172.44380947045224,0.017081055692510377
534,0,179.85938207925483,0.85018515021641494,117.63490824516494,179.86010770437252,0.050000000000000003
535,1,179.85938207925483,0.85018477816077553,117.63498588325474,179.86008565621361,0.050000000000000003
536,2,179.85938207925483,0.16427290400180233,635.61384088669922,179.85994729382054,0.018221811712106455
537,0,187.59412708738364,0.91668669800350089,113.72869042446834,187.594176227345,0.050000000000000003
538,1,187.59412708738364,0.91668653318138915,113.72871445609246,187.5941701945795,0.050000000000000003
539,2,187.59412708738364,0.17657587550270451,615.09283232330756,187.59413465718731,0.019452490591258143
540,0,195.66150017223077,0.98847440997106606,109.94393575083015,195.66205787222444,0.050000000000000003
541,1,195.66150017223077,0.98847526689579812,109.94372777909686,195.66210362351643,0.050000000000000003
542,2,195.66150017223077,0.18985116329298035,594.88636664786054,195.66224995437727,0.020780375773673358
543,0,204.07580580502383,1.0659698118328209,106.27932716247766,204.07650335029825,0.050000000000000003
544,1,204.07580580502383,1.0659714018907867,106.27897962368191,204.07656950895122,0.050000000000000003
545,2,204.07580580502383,0.2041709274880234,575.24834552488142,204.07658298054366,0.022212684677530525
546,0,212.85196361220858,1.149627514468589,102.73272035508936,212.85197273039597,0.050000000000000003
547,1,212.85196361220858,1.1496274971141858,102.73282318981101,212.85195615950565,0.050000000000000003
548,2,212.85196361220858,0.2196092514924162,556.71848444816237,212.85201366617395,0.023756826961237775
549,0,222.00553482983057,1.2399375982179521,99.299592516941715,222.00638261563799,0.050000000000000003
550,1,222.00553482983057,1.2399331228940975,99.300804251678102,222.00621943263948,0.050000000000000003
551,2,222.00553482983057,0.23624250455965115,539.68910470550759,222.00706239858187,0.025420440811288018
552,0,231.55274989557194,1.3374291730366272,95.978930217610653,231.5532899690869,0.050000000000000003
553,1,231.55274989557194,1.3374230312923803,95.980303134576388,231.55313994144203,0.050000000000000003
554,2,231.55274989557194,0.25414533632195407,523.8200348101866,231.55394453405958,0.027210992351395121
555,0,241.51053722736688,1.4426722670423833,92.766717145833653,241.51072071644191,0.050000000000000003
556,1,241.51053722736688,1.4426753165240325,92.765039085900412,241.5108630617311,0.050000000000000003
557,2,241.51053722736688,0.27339384544279349,508.49667022122605,241.51013874790945,0.029136092590144311
558,0,251.89655323962438,1.556282099959406,89.659020036616965,251.89760967468993,0.050000000000000003
559,1,251.89655323962438,1.5563021759110771,89.652642071094192,251.89801697430482,0.050000000000000003
560,2,251.89655323962438,0.29408080932060288,493.32741368092428,251.89613924849985,0.031205020548752453
561,0,262.72921365028066,1.6789232762512178,86.654707660152297,262.72948398455026,0.050000000000000003
562,1,262.72921365028066,1.6789451682000882,86.650395129671409,262.72967263621786,0.050000000000000003
563,2,262.72921365028066,0.3163258391009503,478.40451089524873,262.72897861596874,0.03342973874258498
564,0,274.02772613419239,1.8113116436418109,83.74936190251303,274.02827147288349,0.050000000000000003
565,1,274.02772613419239,1.8112936321974873,83.762933724346524,274.02791937559181,0.050000000000000003
566,2,274.02772613419239,0.34026020035426841,463.86984044304387,274.0287430334846,0.035823375000835482
567,0,285.81212438077017,1.9542194328554916,80.940573556460947,285.81329199949124,0.050000000000000003
568,1,285.81212438077017,1.9541424809896879,80.971263366728181,285.81293130110282,0.050000000000000003
569,2,285.81212438077017,0.3660172196659498,449.77454704257639,285.81369822169131,0.038399263065888554
570,0,298.10330361623932,2.1084790153700608,78.2266230584776,298.10334052388669,0.050000000000000003
571,1,298.10330361623932,2.1083938357172296,78.232267990506557,298.1033507633262,0.050000000000000003
572,2,298.10330361623932,0.39373362819770313,436.08420042729915,298.10338731086779,0.041171077010442522
573,0,310.92305765351489,2.2749870901605158,75.603068460434358,310.92400900194389,0.050000000000000003
574,1,310.92305765351489,2.2750416251269248,75.500719938058182,310.92336801842464,0.050000000000000003
575,2,310.92305765351489,0.4235565382817838,422.74970986753618,310.92342135474945,0.044153528964273193
576,0,324.29411753538386,2.4547139452321454,73.068187291633237,324.29514098885937,0.050000000000000003
577,1,324.29411753538386,2.4552209464314791,72.790141981631194,324.29426500110674,0.050000000000000003
578,2,324.29411753538386,0.45564902387880946,409.76883657564764,324.29461703639799,0.04736292718338618
579,0,338.24019183951464,2.648705860040506,70.618927100228433,338.2402469189754,0.050000000000000003
580,1,338.24019183951464,2.6501979328298608,70.14108519665173,338.24051939595614,0.050000000000000003
581,2,338.24019183951464,0.49018844880828211,397.14966753959925,338.24029426009702,0.050000000000000003
582,0,352.78600871675928,2.8580879733298841,68.251467076689025,352.78742841580839,0.050000000000000003
583,1,352.78600871675928,2.8613084213286823,67.587820747439025,352.78874213963104,0.018152681478696048
584,2,352.78600871675928,0.52736527990505289,384.89197713192965,352.78733113477688,0.050000000000000003
585,0,367.95735973728733,3.0840682904434598,65.966267661418556,367.9580947681917,0.050000000000000003
586,1,367.95735973728733,3.0898632637932839,65.133042611497828,367.95880120133535,0.050000000000000003
587,2,367.95735973728733,0.56738300693299082,372.99194177000419,367.95804504154091,0.050000000000000003
588,0,383.78114562229678,3.327945065354128,63.762120959352018,383.78159725278431,0.050000000000000003
589,1,383.78114562229678,3.3372525178788974,62.771058018900852,383.78128699438474,0.050000000000000003
590,2,383.78114562229678,0.61046010720486898,361.43259234248376,383.78141201186241,0.050000000000000003
591,0,400.28542394239003,3.5911245980354098,61.63434131716042,400.28739674434075,0.050000000000000003
592,1,400.28542394239003,3.6049934914619941,60.497307201955252,400.28697226681527,0.020830469053102412
593,2,400.28542394239003,0.65683234784181221,350.20337482879376,400.28669550934245,0.050000000000000003
594,0,417.49945886718933,3.8751332595280896,59.573896579056147,417.49998038480175,0.050000000000000003
595,1,417.49945886718933,3.8947490154227231,58.310224244857615,417.49972322955887,0.050000000000000003
596,2,417.49945886718933,0.70675440297868097,339.30811803779523,417.49968301581862,0.050000000000000003
597,0,435.45377305440536,4.1816281762247831,57.567397667760538,435.45395149546505,0.050000000000000003
598,1,435.45377305440536,4.2083150103250189,56.205674893178141,435.45514802610552,0.050000000000000003
599,2,435.45377305440536,0.76050004373440949,328.7418253204512,435.45465413365372,0.050000000000000003
600,0,454.18020177036334,4.5125366838578413,55.604449453143225,454.18086752089499,0.050000000000000003
601,1,454.18020177036334,4.5476227411036261,54.181246884654108,454.1825371920466,0.034905568651930785
602,2,454.18020177036334,0.81836299226372988,318.50202512744301,454.18172421590674,0.050000000000000003
603,0,473.71194933795073,4.8700475117977682,53.675193770037048,473.71193810967924,0.050000000000000003
604,1,473.71194933795073,4.9147501947194838,52.234538678929667,473.71196483466338,0.025669239471960811
605,2,473.71194933795073,0.88065832629358887,308.58309141786265,473.71195730734144,0.050000000000000003
606,0,494.08364801207449,5.2565441824239159,51.771133130449947,494.08548750354777,0.050000000000000003
607,1,494.08364801207449,5.3119381344429222,50.361188754012488,494.08552375918947,0.037114657099257237
608,2,494.08364801207449,0.94772429156911431,298.9716123632748,494.08502339525126,0.050000000000000003
609,0,515.33141938702272,5.6745464216004002,49.90660479195455,515.33271233031473,0.050000000000000003
610,1,515.33141938702272,5.7416099280817505,48.559578937869794,515.33318842059225,0.01260607571316877
611,2,515.33141938702272,1.0199246605271024,289.66632503858256,515.33266536306144,0.050000000000000003
612,0,537.49293844461226,6.1267767677986473,48.105751647304423,537.49339947197575,0.029078512911907328
613,1,537.49293844461226,6.2063789875918927,46.826977309052054,537.49313482601553,0.019580044461537275
614,2,537.49293844461226,1.0976497560814933,280.66186048940023,537.49310067723763,0.050000000000000003
615,0,560.60750035668991,6.6161000640590606,46.385585922609479,560.61132133549199,0.050000000000000003
616,1,560.60750035668991,6.7090622489458385,45.159989108612486,560.61024320197794,0.0051143345544552628
617,2,560.60750035668991,1.1813190761546892,271.94680141523884,560.60959131211212,0.050000000000000003
618,0,584.71609016043305,7.145405056731617,44.740676749605008,584.71790097953726,0.050000000000000003
619,1,584.71609016043305,7.252697559655668,43.557320032942549,584.71730317038862,0.0020826841540125375
620,2,584.71609016043305,1.2713846810017908,263.51002822275109,584.71708753533107,0.050000000000000003
621,0,609.86145542999736,7.7177617149716307,43.158889832201311,609.86179641608794,0.029904950897474244
622,1,609.86145542999736,7.8405556360560329,42.015866478109025,609.86235509045412,0.021378514055517692
623,2,609.86145542999736,1.3683317581099843,255.32954768287257,609.86182047913246,0.050000000000000003
624,0,636.08818207336344,8.3365614612111418,41.633445417564019,636.09040696478553,0.010781534224408768
625,1,636.08818207336344,8.476162415616237,40.533181571887162,636.09129113406027,0.050000000000000003
626,2,636.08818207336344,1.4726891807374851,247.3931265022695,636.08965087510137,0.050000000000000003
627,0,663.44277338878169,9.0055615527541288,40.16507215737434,663.44298156861225,0.050000000000000003
628,1,663.44277338878169,9.1633179429363718,39.10789585889048,663.44318522020717,0.050000000000000003
629,2,663.44277338878169,1.5850343333450949,239.70252312289773,663.44277416098828,0.050000000000000003
630,0,691.97373252099305,9.7288122034205919,38.753356472010708,691.97623682851156,0.050000000000000003
631,1,691.97373252099305,9.9061103598568323,37.736906653941752,691.97573566402775,0.050000000000000003
632,2,691.97373252099305,1.7059849548976906,232.25488277430043,691.97642213362519,0.050000000000000003
633,0,721.73164846342934,10.510616920204679,37.397252085780551,721.73523372357261,0.050000000000000003
634,1,721.73164846342934,10.708944996613457,36.418642338966812,721.73473983823169,0.015106763090149623
635,2,721.73164846342934,1.8361695732831131,225.06414348194895,721.73555081318636,0.050000000000000003
636,0,752.76928575888724,11.355569320763962,36.094227898458946,752.76925164171257,0.050000000000000003
637,1,752.76928575888724,11.57656181430718,35.151443894461174,752.76927225654026,0.037163659632374453
638,2,752.76928575888724,1.9762385209968665,218.15255337054629,752.76917486563593,0.050000000000000003
639,0,785.14167805772524,12.2686123110641,34.840613579455372,785.14454307614471,0.050000000000000003
640,1,785.14167805772524,12.514056952939949,33.932526887647278,785.14483771253481,0.0058672540984453514
641,2,785.14167805772524,2.1269087888938421,211.51557095157213,785.14201240623686,0.050000000000000003
642,0,818.90622569947607,13.255103298524814,33.635364133263764,818.90853852832845,0.031471379408751166
643,1,818.90622569947607,13.526918568459378,32.760860366039687,818.90872364664631,0.0089259756904646794
644,2,818.90622569947607,2.2890561209567206,205.04927737535638,818.90696123278212,0.050000000000000003
645,0,854.12279749089669,14.320808177083698,32.476735986563867,854.12331624662568,0.014656951510305726
646,1,854.12279749089669,14.621042262737555,31.634486980672527,854.12324373056379,0.043694829964770268
647,2,854.12279749089669,2.4636601073563829,198.59358340665091,854.12300685521393,0.050000000000000003
648,0,890.85383686092302,15.471917966803193,31.362677557725313,890.85812181086942,0.01635383621041589
649,1,890.85383686092302,15.802764446846261,30.551233170686405,890.85794757137455,0.015634887822370179
650,2,890.85383686092302,2.6518025726571102,192.06940336692162,890.85497083181565,0.011513362954300532
651,0,929.16447258075505,16.715076649548489,30.29222556607014,929.16600445726863,0.049627145333498927
652,1,929.16447258075505,17.078900168670319,29.510216642304876,929.16593777150763,0.046825629391612188
653,2,929.16447258075505,2.8546881540696063,185.60469598998441,929.16410841994309,0.050000000000000003
654,0,969.12263424539242,18.057408803919827,29.263100350762997,969.12423184174918,0.023260882508136065
655,1,969.12263424539242,18.456759452848569,28.50931783211098,969.12428108729443,0.036681860754014174
656,2,969.12263424539242,3.0736341929679578,179.37437149811043,969.12638452448198,0.050000000000000003
657,0,1010.7991727213841,19.506575097773485,28.273709135545865,1010.8036706820415,0.044274983437343755
658,1,1010.7991727213841,19.9441969044166,27.547031225417676,1010.8037205661806,0.010792131520600131
659,2,1010.7991727213841,3.3099407701507797,173.44299362690538,1010.8068064142856,0.050000000000000003
660,0,1054.2679857743631,21.070805625567779,27.323069489797387,1054.2683463621872,0.036749326578537952
661,1,1054.2679857743631,21.549645211656514,26.622384301008687,1054.2683548961481,0.050000000000000003
662,2,1054.2679857743631,3.5648828401991595,167.74975834786883,1054.2689423925699,0.03340813961882224
663,0,1099.6061490991153,22.75891807093981,26.409074815132723,1099.6094368669089,0.0079415993421944123
664,1,1099.6061490991153,23.282138350828934,25.733308567828683,1099.6093926379299,0.039680129873927085
665,2,1099.6061490991153,3.8398256780573017,162.21832673648154,1099.6066998066317,0.050000000000000003
666,0,1146.8940529845202,24.580379475438761,25.530741440769571,1146.8983649614884,0.023986625812093997
667,1,1146.8940529845202,25.151378479554602,24.87884840978689,1146.8983217260252,0.048795490015776037
668,2,1146.8940529845202,4.1363306375009863,156.84507351447616,1146.8956009310573,0.050000000000000003
669,0,1196.2155448556848,26.545329613669658,24.686849960956277,1196.2155580913725,0.050000000000000003
670,1,1196.2155448556848,27.167758336686894,24.05783134322699,1196.2155608206551,0.050000000000000003
671,2,1196.2155448556848,4.4561234007536514,151.66238749607626,1196.2158757934797,0.033410467100379204
672,0,1247.658077946016,28.664623039120269,23.87554481539836,1247.6629022504155,0.050000000000000003
673,1,1247.658077946016,29.342402496603977,23.268466354279916,1247.6628992119222,0.049963073894638069
674,2,1247.658077946016,4.8010386825561211,146.69446559098023,1247.664825537245,0.039382634364602417
675,0,1301.3128663628477,30.949906228528839,23.096150180405527,1301.3160950683343,0.011197044453002791
676,1,1301.3128663628477,31.687245393908892,22.51009943733915,1301.3160905551795,0.026006288430242573
677,2,1301.3128663628477,5.1729638673817906,141.9315518150778,1301.3171931563372,0.040187781239810566
678,0,1357.2750468215716,33.413626131459061,22.347269497720831,1357.2759905955284,0.035608958880460923
679,1,1357.2750468215716,34.215040699683293,21.781374285857478,1357.2759838495092,0.0080564792333510191
680,2,1357.2750468215716,5.5738959075856718,137.34804137492051,1357.2754651190728,0.050000000000000003
681,0,1415.6438473350468,36.069101140941406,21.627505514479434,1415.6498303949165,0.021860190014787794
682,1,1415.6438473350468,36.93943481149951,21.080934815700147,1415.6498016885703,0.0051994368827873944
683,2,1415.6438473350468,6.0059731196185746,132.93006683380119,1415.6486991864263,0.016277084339420742
684,0,1476.5227631573975,38.930590051184822,20.936239894252928,1476.5244303842803,0.050000000000000003
685,1,1476.5227631573975,39.875037898547824,20.408183443732668,1476.5244217726772,0.012706963129288972
686,2,1476.5227631573975,6.4714904344205486,128.69200124499696,1476.5238944620032,0.033311494362562762
687,0,1540.0197402941687,42.01330089358293,20.271997252477689,1540.0225054295645,0.030556209549116628
688,1,1540.0197402941687,43.037432044839136,19.761690292951805,1540.0224981971087,0.00065245833715669456
689,2,1540.0197402941687,6.9728878272542794,124.64824104891804,1540.0236595716651,0.050000000000000003
690,0,1606.2473669042238,45.333499945792802,19.633834847938537,1606.2536576347616,0.050000000000000003
691,1,1606.2473669042238,46.443282954278963,19.140542146942423,1606.2536371352151,0.023933428157665172
692,2,1606.2473669042238,7.5127030468850613,120.7974161901212,1606.2555115945981,0.041180233820060065
693,0,1675.3230729327695,48.908556097175875,19.021048050156942,1675.3233230110814,0.050000000000000003
694,1,1675.3230729327695,50.110385233916034,18.544056289924598,1675.3233221981711,0.016690928919887223
695,2,1675.3230729327695,8.0935766990236058,117.12138193537078,1675.323550780711,0.01073253928776044
696,0,1747.3693383294767,52.756960706699211,18.432235933554853,1747.3742931560653,0.050000000000000003
697,1,1747.3693383294767,54.057682566046388,17.970873350348178,1747.3742750838314,0.016106262260011776
698,2,1747.3693383294767,8.7183112306210031,113.59539468261697,1747.3726951577498,0.019989229253884893
699,0,1822.5139102208987,56.898483332567764,17.866801915647549,1822.5194823779022,0.017636671967527207
700,1,1822.5139102208987,58.305427796929521,17.420415571556415,1822.5194616070578,0.015956205517616513
701,2,1822.5139102208987,9.3900137871776845,110.20904339187018,1822.5182158444234,0.050000000000000003
702,0,1900.8900294222572,61.354159819291091,17.323899189082137,1900.890193452977,0.011707541444181926
703,1,1900.8900294222572,62.875170176826373,16.891861954346201,1900.8901932601955,0.050000000000000003
704,2,1900.8900294222572,10.112032344081859,106.95360191671097,1900.890320582962,0.050000000000000003
705,0,1982.6366666902356,66.146366552993513,16.802354365647894,1982.643573381145,0.050000000000000003
706,1,1982.6366666902356,67.789831264882864,16.384074007104239,1982.6435505985619,0.050000000000000003
707,2,1982.6366666902356,10.887929660413336,103.81911978072665,1982.6435156022358,0.0079360171937082544
708,0,2067.8987691356783,71.298987853682249,16.301735332028123,2067.9026420259033,0.0013473590762713606
709,1,2067.8987691356783,73.073876708090722,15.896633415301084,2067.9026286027397,0.040404427283909194
710,2,2067.8987691356783,11.721513545529561,100.80381143132752,2067.9025336981313,0.050000000000000003
711,0,2156.8275172331219,76.837349020221382,15.821084981321635,2156.8292300756934,0.050000000000000003
712,1,2156.8275172331219,78.753246975546389,15.428611408690497,2156.8292247495665,0.050000000000000003
713,2,2156.8275172331219,12.61682328779073,97.903779054130396,2156.8290694955399,0.016945748938137821
714,0,2249.5805928828681,82.788388163310699,15.359541369430675,2249.588662771127,0.017343155159509856
715,1,2249.5805928828681,84.855533620454977,14.979171644716033,2249.5886358516705,0.0015663808200130675
716,2,2249.5805928828681,13.578152204003576,95.115078338385572,2249.588074211294,0.01287651939637284
717,0,2346.3224590009054,89.180770185035087,14.91668291551146,2346.3241462429505,0.023010541461518822
718,1,2346.3224590009054,91.410096066437447,14.547905725963833,2346.3241402583758,0.050000000000000003
719,2,2346.3224590009054,14.610063772575023,92.435245597716644,2346.3240138896454,0.018663066612406749
720,0,2447.224651132427,96.044798472936051,14.491525569116643,2447.2288686859565,0.011263736073341916
721,1,2447.224651132427,98.447970396565537,14.133858299038913,2447.2288556857329,0.012570504641577744
722,2,2447.224651132427,15.717382120220849,89.858447475402485,2447.2286565422337,0.0016643059833178426
723,0,2552.4660816060145,103.41271434101107,14.083501927752812,2552.4741083457156,0.04859998375680491
724,1,2552.4660816060145,106.00217655425725,13.73647902510133,2552.4740822651625,0.0083761331483284338
725,2,2552.4660816060145,16.905241338899799,87.381691465276617,2552.473636445799,0.040049127928099185
726,0,2662.2333567677888,111.31867408695746,13.692119498269715,2662.2334410884973,0.049343165587856376
727,1,2662.2333567677888,114.10769438950619,13.355290253041568,2662.2334407679336,0.0047567070979128634
728,2,2662.2333567677888,18.179081915066657,85.00276621159054,2662.233432570426,0.050000000000000003
729,0,2776.7211078580258,119.7987173994717,13.316468461090029,2776.7280044771605,0.050000000000000003
730,1,2776.7211078580258,122.80143075814165,12.989408415709178,2776.7279831458218,0.050000000000000003
731,2,2776.7211078580258,19.54464330167951,82.717031366576705,2776.7277404497218,0.018758394101750335
732,0,2896.132336116927,128.89117424843931,12.956187695256048,2896.1389733641736,0.0051928196930937824
733,1,2896.132336116927,132.12263686169027,12.63848347839958,2896.1389520142693,0.050000000000000003
734,2,2896.132336116927,21.008020501355286,80.52257299227675,2896.1387031155314,0.034913057950870838
735,0,3020.6787727314477,138.63643536350162,12.610689882241569,3020.6792559405044,0.050000000000000003
736,1,3020.6787727314477,142.11267220937893,12.301945283710221,3020.6792547328046,0.050000000000000003
737,2,3020.6787727314477,22.575632439021476,78.415956024572125,3020.6792138294227,0.027962804419223049
738,0,3150.5812542614344,149.07711234405772,12.279237902599156,3150.5902393198107,0.050000000000000003
739,1,3150.5812542614344,152.81516845016918,11.979077902825583,3150.5902117654005,0.050000000000000003
740,2,3150.5812542614344,24.254253509459616,76.392869398903301,3150.5897084364401,0.031897419742744952
741,0,3286.0701142107291,160.25841686028733,11.961552116069559,3286.0742892505123,0.050000000000000003
742,1,3286.0701142107291,164.27641806831286,11.669610325441163,3286.0742759323698,0.0095709307813860237
743,2,3286.0701142107291,26.051079425775288,74.451767690755574,3286.0740022345694,0.02990677937671311
744,0,3427.3855914375586,172.22774909619463,11.656983623482933,3427.3882768552971,0.0037757044482655995
745,1,3427.3855914375586,176.54495161770967,11.37291222020743,3427.388269096853,0.014068225730741188
746,2,3427.3855914375586,27.973656222500491,72.58892171430152,3427.3882886464621,0.015204383517798976
747,0,3574.7782561283711,185.0351836706821,11.365006421744992,3574.7881158276609,0.0069146021066962392
748,1,3574.7782561283711,189.67203568597412,11.088472769973583,3574.7880857008022,0.032087711256674076
749,2,3574.7782561283711,30.029945347476783,70.801358512470287,3574.7879625417268,0.014669271138316491
750,0,3728.509454090412,198.733591990799,11.08533121906817,3728.510915800879,0.050000000000000003
751,1,3728.509454090412,203.71179791941174,10.816011373962537,3728.5109111039474,0.02084250067334947
752,2,3728.509454090412,32.228339560722176,69.087543809721481,3728.5109468244991,0.048345529122867457
753,0,3888.8517701508495,213.37819447215458,10.817306507073418,3888.857453448873,0.050000000000000003
754,1,3888.8517701508495,218.7207671616093,10.55489490439769,3888.8574366032672,0.050000000000000003
755,2,3888.8517701508495,34.577609703949939,67.443686767240607,3888.8568876684449,0.050000000000000003
756,0,4056.0895114840914,229.02743329605067,10.560592634052096,4056.0986851687753,0.050000000000000003
757,1,4056.0895114840914,234.75876792876383,10.304793659409457,4056.0986570755913,0.028713431370571935
758,2,4056.0895114840914,37.087115020171396,65.866777738172658,4056.0979465618602,0.050000000000000003
759,0,4230.5192117243087,245.74258069477196,10.314845803427964,4230.5191697809305,0.032465373390400232
760,1,4230.5192117243087,251.88851812194613,10.065373816708142,4230.5191699281695,0.021418396652267201
761,2,4230.5192117243087,39.766725113271654,64.352916498165271,4230.519177006071,0.017034580440158754
762,0,4412.450156757016,263.5875477300475,10.079480913719918,4412.4586418132703,0.050000000000000003
763,1,4412.450156757016,270.1754322429839,9.8360666484511778,4412.458616194248,0.050000000000000003
764,2,4412.450156757016,42.626760046359458,62.897093832996134,4412.4581773072696,0.050000000000000003
765,0,4602.2049331220014,282.62999472236805,9.8542768595242407,4602.2119276802296,0.050000000000000003
766,1,4602.2049331220014,289.6887592792134,9.6166576619195148,4602.2119060707009,0.050000000000000003
767,2,4602.2049331220014,45.678163012637455,61.499395878064639,4602.2113895786124,0.050000000000000003
768,0,4800.1199999999999,302.94028616840683,9.6388287617129311,4800.1209260654314,0.050000000000000003
769,1,4800.1199999999999,310.50051044479665,9.4067534063053486,4800.120923285167,0.035743050127330624
770,2,4800.1199999999999,48.932346787062599,60.160039544662226,4800.1210984482768,0.050000000000000003
