g4_version,physics_list,msc_process,urban_model,loss_process,particle,Z,A,charge_e,mass_MeV,context,couple_index,region,cut_mm,material,composition_mass_fraction,density_g_cm3,mean_excitation_eV,first_step_material,first_step_couple_index,E_total_MeV,R_msc_mm,R_loss_mm,DEDX_msc_MeV_mm,DEDX_loss_MeV_mm,E_from_Rmsc_MeV,E_from_Rloss_MeV,range_rel_error,dedx_rel_error,inverse_rel_error,ionisation_bound,tables_built
$Name: geant4-11-03-patch-02 [MT]$,G4EmStandardPhysics_option4,msc,UrbanMsc,ionIoni,C12,6,12,6,11174.863387984389,water_cut_0p10mm,1,water_default_region,0.10000000000000001,Water_75eV,Hw75:0.11189834;Ow75:0.88810166,1,75,Water_75eV,1,4800,10905.402119768141,10905.402119768141,0.26774871967789765,0.26774871967789765,4800.000921592843,4800.000921592843,0,0,1.9199847210369686e-07,true,true
$Name: geant4-11-03-patch-02 [MT]$,G4EmStandardPhysics_option4,msc,UrbanMsc,ionIoni,C12,6,12,6,11174.863387984389,water_cut_0p05mm,2,water_alt_region,0.050000000000000003,Water_75eV,Hw75:0.11189834;Ow75:0.88810166,1,75,Water_75eV,2,4800,11177.559136548465,11177.559136548465,0.26130209257200393,0.26130209257200393,4800.0009188262711,4800.0009188262711,0,0,1.9142210317376371e-07,true,true
$Name: geant4-11-03-patch-02 [MT]$,G4EmStandardPhysics_option4,msc,UrbanMsc,ionIoni,C12,6,12,6,11174.863387984389,copper_cut_0p05mm,3,copper_region,0.050000000000000003,G4_Cu,Cu:1,8.9599999999999991,322,G4_Cu,3,4800,1761.4926777909602,1761.4926777909602,1.6711338235203179,1.6711338235203179,4800.0010937009783,4800.0010937009783,0,0,2.2785431857087973e-07,true,true
$Name: geant4-11-03-patch-02 [MT]$,G4EmStandardPhysics_option4,msc,UrbanMsc,ionIoni,C12,6,12,6,11174.863387984389,water_cut_0p10mm,1,water_default_region,0.10000000000000001,Water_75eV,Hw75:0.11189834;Ow75:0.88810166,1,75,Water_75eV,1,3000,4932.0085110038481,4932.0085110038481,0.35183578264256599,0.35183578264256599,2999.9999626349249,2999.9999626349249,0,0,1.2455025019638318e-08,true,true
$Name: geant4-11-03-patch-02 [MT]$,G4EmStandardPhysics_option4,msc,UrbanMsc,ionIoni,C12,6,12,6,11174.863387984389,water_cut_0p05mm,2,water_alt_region,0.050000000000000003,Water_75eV,Hw75:0.11189834;Ow75:0.88810166,1,75,Water_75eV,2,3000,5055.6745387406472,5055.6745387406472,0.34321965935433396,0.34321965935433396,2999.9999628418886,2999.9999628418886,0,0,1.2386037118024736e-08,true,true
$Name: geant4-11-03-patch-02 [MT]$,G4EmStandardPhysics_option4,msc,UrbanMsc,ionIoni,C12,6,12,6,11174.863387984389,copper_cut_0p05mm,3,copper_region,0.050000000000000003,G4_Cu,Cu:1,8.9599999999999991,322,G4_Cu,3,3000,803.24969663069453,803.24969663069453,2.1876079536977726,2.1876079536977726,2999.9999591540823,2999.9999591540823,0,0,1.3615305912632417e-08,true,true
$Name: geant4-11-03-patch-02 [MT]$,G4EmStandardPhysics_option4,msc,UrbanMsc,ionIoni,C12,6,12,6,11174.863387984389,water_cut_0p10mm,1,water_default_region,0.10000000000000001,Water_75eV,Hw75:0.11189834;Ow75:0.88810166,1,75,Water_75eV,1,1200,961.15743762392424,961.15743762392424,0.68402420854178692,0.68402420854178692,1200.0001494997136,1200.0001494997136,0,0,1.2458307918181154e-07,true,true
$Name: geant4-11-03-patch-02 [MT]$,G4EmStandardPhysics_option4,msc,UrbanMsc,ionIoni,C12,6,12,6,11174.863387984389,water_cut_0p05mm,2,water_alt_region,0.050000000000000003,Water_75eV,Hw75:0.11189834;Ow75:0.88810166,1,75,Water_75eV,2,1200,983.70933051278223,983.70933051278223,0.66659807581973929,0.66659807581973929,1200.0001535446693,1200.0001535446693,0,0,1.2795387468963475e-07,true,true
$Name: geant4-11-03-patch-02 [MT]$,G4EmStandardPhysics_option4,msc,UrbanMsc,ionIoni,C12,6,12,6,11174.863387984389,copper_cut_0p05mm,3,copper_region,0.050000000000000003,G4_Cu,Cu:1,8.9599999999999991,322,G4_Cu,3,1200,161.3197161835144,161.3197161835144,4.2022838448744171,4.2022838448744171,1200.0006801518507,1200.0006801518507,0,0,5.6679288766381088e-07,true,true
$Name: geant4-11-03-patch-02 [MT]$,G4EmStandardPhysics_option4,msc,UrbanMsc,ionIoni,C12,6,12,6,11174.863387984389,water_cut_0p10mm,1,water_default_region,0.10000000000000001,Water_75eV,Hw75:0.11189834;Ow75:0.88810166,1,75,Water_75eV,1,300,76.73072423094969,76.73072423094969,2.1631901143730041,2.1631901143730041,299.99999644756258,299.99999644756258,0,0,1.1841458065949458e-08,true,true
$Name: geant4-11-03-patch-02 [MT]$,G4EmStandardPhysics_option4,msc,UrbanMsc,ionIoni,C12,6,12,6,11174.863387984389,water_cut_0p05mm,2,water_alt_region,0.050000000000000003,Water_75eV,Hw75:0.11189834;Ow75:0.88810166,1,75,Water_75eV,2,300,76.727963140747235,76.727963140747235,2.1630540870488852,2.1630540870488852,299.99998057448096,299.99998057448096,0,0,6.4751730140718189e-08,true,true
$Name: geant4-11-03-patch-02 [MT]$,G4EmStandardPhysics_option4,msc,UrbanMsc,ionIoni,C12,6,12,6,11174.863387984389,copper_cut_0p05mm,3,copper_region,0.050000000000000003,G4_Cu,Cu:1,8.9599999999999991,322,G4_Cu,3,300,14.322158996481578,14.322158996481578,12.064608408581975,12.064608408581975,299.99995616653803,299.99995616653803,0,0,1.4611153991002843e-07,true,true
$Name: geant4-11-03-patch-02 [MT]$,G4EmStandardPhysics_option4,msc,UrbanMsc,ionIoni,C12,6,12,6,11174.863387984389,water_cut_0p10mm,1,water_default_region,0.10000000000000001,Water_75eV,Hw75:0.11189834;Ow75:0.88810166,1,75,Water_75eV,1,60,4.3199651990189887,4.3199651990189887,7.8949330461599301,7.8949330461599301,59.999993820943509,59.999993820943509,0,0,1.0298427485603649e-07,true,true
$Name: geant4-11-03-patch-02 [MT]$,G4EmStandardPhysics_option4,msc,UrbanMsc,ionIoni,C12,6,12,6,11174.863387984389,water_cut_0p05mm,2,water_alt_region,0.050000000000000003,Water_75eV,Hw75:0.11189834;Ow75:0.88810166,1,75,Water_75eV,2,60,4.3199651990205874,4.3199651990205874,7.894933046159708,7.894933046159708,59.999993820955325,59.999993820955325,0,0,1.0298407791727489e-07,true,true
$Name: geant4-11-03-patch-02 [MT]$,G4EmStandardPhysics_option4,msc,UrbanMsc,ionIoni,C12,6,12,6,11174.863387984389,copper_cut_0p05mm,3,copper_region,0.050000000000000003,G4_Cu,Cu:1,8.9599999999999991,322,G4_Cu,3,60,0.94248901420162878,0.94248901420162878,39.408285103476217,39.408285103476217,60.000003697880793,60.000003697880793,0,0,6.1631342746339643e-08,true,true
$Name: geant4-11-03-patch-02 [MT]$,G4EmStandardPhysics_option4,msc,UrbanMsc,ionIoni,C12,6,12,6,11174.863387984389,water_cut_0p10mm,1,water_default_region,0.10000000000000001,Water_75eV,Hw75:0.11189834;Ow75:0.88810166,1,75,Water_75eV,1,12,0.28223707350568633,0.28223707350568633,26.580533313070728,26.580533313070728,12.000001392696189,12.000001392696189,0,0,1.1605800232086351e-07,true,true
$Name: geant4-11-03-patch-02 [MT]$,G4EmStandardPhysics_option4,msc,UrbanMsc,ionIoni,C12,6,12,6,11174.863387984389,water_cut_0p05mm,2,water_alt_region,0.050000000000000003,Water_75eV,Hw75:0.11189834;Ow75:0.88810166,1,75,Water_75eV,2,12,0.28223707350568633,0.28223707350568633,26.580533313070728,26.580533313070728,12.000001392696189,12.000001392696189,0,0,1.1605800232086351e-07,true,true
$Name: geant4-11-03-patch-02 [MT]$,G4EmStandardPhysics_option4,msc,UrbanMsc,ionIoni,C12,6,12,6,11174.863387984389,copper_cut_0p05mm,3,copper_region,0.050000000000000003,G4_Cu,Cu:1,8.9599999999999991,322,G4_Cu,3,12,0.086003079570719773,0.086003079570719773,105.56331776887107,105.56331776887107,12.000000874309762,12.000000874309762,0,0,7.2859141555417211e-08,true,true
$Name: geant4-11-03-patch-02 [MT]$,G4EmStandardPhysics_option4,msc,UrbanMsc,ionIoni,C12,6,12,6,11174.863387984389,water_cut_0p10mm,1,water_default_region,0.10000000000000001,Water_75eV,Hw75:0.11189834;Ow75:0.88810166,1,75,Water_75eV,1,2.3999999999999999,0.03070480668586157,0.03070480668586157,75.34957083705396,75.34957083705396,2.4000002979649127,2.4000002979649127,0,0,1.2415203156262688e-07,true,true
$Name: geant4-11-03-patch-02 [MT]$,G4EmStandardPhysics_option4,msc,UrbanMsc,ionIoni,C12,6,12,6,11174.863387984389,water_cut_0p05mm,2,water_alt_region,0.050000000000000003,Water_75eV,Hw75:0.11189834;Ow75:0.88810166,1,75,Water_75eV,2,2.3999999999999999,0.03070480668586157,0.03070480668586157,75.34957083705396,75.34957083705396,2.4000002979649127,2.4000002979649127,0,0,1.2415203156262688e-07,true,true
$Name: geant4-11-03-patch-02 [MT]$,G4EmStandardPhysics_option4,msc,UrbanMsc,ionIoni,C12,6,12,6,11174.863387984389,copper_cut_0p05mm,3,copper_region,0.050000000000000003,G4_Cu,Cu:1,8.9599999999999991,322,G4_Cu,3,2.3999999999999999,0.015484151553614401,0.015484151553614401,183.62728886682839,183.62728886682839,2.3999999622568211,2.3999999622568211,0,0,1.5726324501900517e-08,true,true
$Name: geant4-11-03-patch-02 [MT]$,G4EmStandardPhysics_option4,msc,UrbanMsc,ionIoni,C12,6,12,6,11174.863387984389,water_cut_0p10mm,1,water_default_region,0.10000000000000001,Water_75eV,Hw75:0.11189834;Ow75:0.88810166,1,75,Water_75eV,1,0.59999999999999998,0.010496331333055713,0.010496331333055713,94.629037059629297,94.629037059629297,0.59999999939796267,0.59999999939796267,0,0,1.0033955148240163e-09,true,true
$Name: geant4-11-03-patch-02 [MT]$,G4EmStandardPhysics_option4,msc,UrbanMsc,ionIoni,C12,6,12,6,11174.863387984389,water_cut_0p05mm,2,water_alt_region,0.050000000000000003,Water_75eV,Hw75:0.11189834;Ow75:0.88810166,1,75,Water_75eV,2,0.59999999999999998,0.010496331333055713,0.010496331333055713,94.629037059629297,94.629037059629297,0.59999999939796267,0.59999999939796267,0,0,1.0033955148240163e-09,true,true
$Name: geant4-11-03-patch-02 [MT]$,G4EmStandardPhysics_option4,msc,UrbanMsc,ionIoni,C12,6,12,6,11174.863387984389,copper_cut_0p05mm,3,copper_region,0.050000000000000003,G4_Cu,Cu:1,8.9599999999999991,322,G4_Cu,3,0.59999999999999998,0.0057627904817398896,0.0057627904817398896,172.72817694938846,172.72817694938846,0.59999997549831297,0.59999997549831297,0,0,4.0836145021039272e-08,true,true
$Name: geant4-11-03-patch-02 [MT]$,G4EmStandardPhysics_option4,msc,UrbanMsc,ionIoni,C12,6,12,6,11174.863387984389,water_cut_0p10mm,1,water_default_region,0.10000000000000001,Water_75eV,Hw75:0.11189834;Ow75:0.88810166,1,75,Water_75eV,1,0.12,0.0043998553605292022,0.0043998553605292022,54.531624744609204,54.531624744609204,0.12000001052355325,0.12000001052355325,0,0,8.769626940136863e-08,true,true
$Name: geant4-11-03-patch-02 [MT]$,G4EmStandardPhysics_option4,msc,UrbanMsc,ionIoni,C12,6,12,6,11174.863387984389,water_cut_0p05mm,2,water_alt_region,0.050000000000000003,Water_75eV,Hw75:0.11189834;Ow75:0.88810166,1,75,Water_75eV,2,0.12,0.0043998553605292022,0.0043998553605292022,54.531624744609204,54.531624744609204,0.12000001052355325,0.12000001052355325,0,0,8.769626940136863e-08,true,true
$Name: geant4-11-03-patch-02 [MT]$,G4EmStandardPhysics_option4,msc,UrbanMsc,ionIoni,C12,6,12,6,11174.863387984389,copper_cut_0p05mm,3,copper_region,0.050000000000000003,G4_Cu,Cu:1,8.9599999999999991,322,G4_Cu,3,0.12,0.0024188154841119918,0.0024188154841119918,99.275403852051895,99.275403852051895,0.12000004156585416,0.12000004156585416,0,0,3.463819980309193e-07,true,true
